:020000040800F2
:1000000068510120C1020008374A0008194200085F
:10001000354A00086D090008295300080000000057
:10002000000000000000000000000000EF4A00088F
:100030004D0C000800000000394A0008F14A000891
:10004000DB020008DB020008DB020008DB0200081C
:10005000DB020008DB020008DB020008DB0200080C
:10006000DB020008DB020008DB0200080D0A0008C2
:10007000190A0008250A0008310A00083D0A00088C
:10008000490A0008DB020008DB020008DB02000866
:10009000DB020008DB020008DB020008DB020008CC
:1000A000DB020008754B0008DB020008DB020008D9
:1000B000DB020008DB020008DB020008DB020008AC
:1000C000DB020008DB020008DB020008DB0200089C
:1000D000DB0200081D530008DB020008DB020008F9
:1000E000DB020008DB020008DB020008DB0200087C
:1000F000DB020008DB020008DB020008DB0200086C
:10010000DB020008DB020008DB020008DB0200085B
:10011000DB020008DB020008DB020008DB0200084B
:10012000DB020008DB020008DB020008DB0200083B
:10013000DB020008DB020008DB020008DB0200082B
:10014000DB020008DB020008DB020008393C000883
:10015000453C00085D3C0008793C0008DB020008D3
:10016000DB0200082D3C0008DB020008DB0200086F
:10017000DB020008DB020008DB020008DB020008EB
:10018000DB020008DB020008DB020008DB020008DB
:10019000DB02000800000000DB020008DB020008B0
:1001A000DB020008DB020008DB020008DB020008BB
:1001B000DB020008DB020008DB020008DB020008AB
:1001C000DB020008DB020008DB020008DB0200089B
:1001D000DB020008DB02000800F002F800F060F823
:1001E0000AA090E8000C82448344AAF10107DA4592
:1001F00001D100F055F8AFF2090EBAE80F0013F084
:10020000010F18BFFB1A43F001031847049C0100BB
:10021000249C01000A444FF0000C10F8013B13F03D
:10022000070408BF10F8014B1D1108BF10F8015B4F
:10023000641E05D010F8016B641E01F8016BF9D142
:1002400013F0080F1EBF10F8014BAD1C0C1B09D199
:100250006D1E58BF01F801CBFAD505E014F8016B0B
:1002600001F8016B6D1EF9D59142D6D3704700009D
:100270000023002400250026103A28BF78C1FBD8AF
:10028000520728BF30C148BF0B6070471FB506F04A
:100290002DFB9DE8030000F0BDF91FBD10B510BD9A
:1002A00000F024FA1146FFF7F1FF06F009F900F01B
:1002B00042FA03B4FFF7F2FF03BC00F073FA000048
:1002C0000948804709480047FEE7FEE7FEE7FEE7EA
:1002D000FEE7FEE7FEE7FEE7FEE7FEE70448054926
:1002E000054A064B70470000654B0008D90100081D
:1002F000684B012068510120684D0120684D0120A4
:1003000070B5064600F06AF9056806F10B0020F0AA
:100310000704B4429CBF002070BD2B466A68BAB186
:100320001068A04210D304F1080188423CBF506815
:10033000586007D35168101941601168091B0160AA
:1003400058601460101D70BD13465268002AE7D132
:100350002146284600F04AF90028DED170BD70B56C
:100360000446051F00F03AF90068002C14BF4468E9
:1003700070BD002C18BFAC423CBF20466468F8D367
:1003800001680A18AA4218BF456003D12A680546C9
:100390001144016028684119A1421CBF6C6070BD06
:1003A0006168696021680844286070BD53EA020CE6
:1003B00000F069802DE9F04B4FF00006002B1FBFC5
:1003C000B3FA83F503FA05F424FA05F65E4012BF8A
:1003D0001643B2FA82F502FA05F4C5F120051EBFF4
:1003E00022FA05FC44EA0C04203556EA044C4FEA94
:1003F000144418BF641C4FF000084FF000099042ED
:1004000071EB030C39D3002919BFB1FA81F701FA56
:1004100007F6B0FA80F700FA07F6C7F120071EBF0B
:1004200020FA07FC46EA0C062037B6FBF4FCA7EBE3
:100430000507103F07F01F0BCBF120060CFA0BFB52
:100440002CFA06F644BFB3460026202FA4BF5E4612
:100450004FF0000B5BEA060C08BF4FF0010B19EBE5
:100460000B09ABFB027C48EB0608C01B06FB02CC69
:100470000BFB03CC71EB0C01C1E70B460246414676
:100480004846BDE8F08B13B54FF000004FF0000177
:10049000AFF30080BDE81C407047032A40F2308073
:1004A00010F0030C00F0158011F8013BBCF1020FB5
:1004B000624498BF11F801CB00F8013B38BF11F836
:1004C000013BA2F1040298BF00F801CB38BF00F84D
:1004D000013B11F0030300F02580083AC0F00880CA
:1004E00051F8043B083A51F804CBA0E80810F5E7AE
:1004F000121D5CBF51F8043B40F8043BAFF3008091
:10050000D20724BF11F8013B11F801CB48BF11F805
:10051000012B24BF00F8013B00F801CB48BF00F8D5
:10052000012B704710B5203AC0F00B80B1E818508D
:10053000203AA0E81850B1E81850A0E81850BFF4CD
:10054000F5AF5FEA027C24BFB1E81850A0E818506C
:1005500044BF18C918C0BDE810405FEA827C24BFC0
:1005600051F8043B40F8043B08BF7047D20728BF4E
:1005700031F8023B48BF11F8012B28BF20F8023B9D
:1005800048BF00F8012B70474FF0000200B513463A
:1005900094469646203922BFA0E80C50A0E80C50A3
:1005A000B1F12001BFF4F7AF090728BFA0E80C5054
:1005B00048BF0CC05DF804EB890028BF40F8042B4D
:1005C00008BF704748BF20F8022B11F0804F18BFBA
:1005D00000F8012B7047704770477047004870471C
:1005E000104B0120704770477047704738B504467C
:1005F0000A4600206946AFF30080002808BF38BDD6
:1006000002460099204600F04FF8012038BD012035
:1006100000F064B8F8B5AFF30080054600200C4642
:10062000102000BF0646A819A0420DD932466946DF
:100630000020AFF30080070008BF00F04FF80098DB
:10064000A04218BF0546C419FFF7C8FF056007465A
:10065000F01D20F007004619284600F00AF8B442C1
:1006600008BFF8BDA21B31463868BDE8F84000F06D
:100670001BB800210160C0E90110704710207047CD
:1006800010B500F00DF8006810BD10B5044600F07C
:1006900007F8046010BD000000487047084B0120B7
:1006A00000487047084B0120034640688C460028EC
:1006B00018BF88423CBF03464068F8D31868184406
:1006C000884207D00CF1030020F00700001D411AFA
:1006D000521A0146081D0A60FFF741BE10B500F02E
:1006E00039F8BDE8104000F02FB870477546FFF7A5
:1006F000D3FFAE4605006946534620F00700854605
:1007000018B020B5FFF7EAFDBDE820404FF0000625
:100710004FF000074FF000084FF0000B21F00701E9
:10072000AC46ACE8C009ACE8C009ACE8C009ACE82C
:10073000C0098D46704710B50446AFF300802046CF
:10074000BDE81040FFF7B5BD002801D000F02AB881
:100750007047000010B5012805D0002103A000F06B
:1007600027F8012010BD09A1F8E7000053494752BE
:10077000544D454D3A204F7574206F662068656171
:1007800070206D656D6F7279000000003A20486539
:100790006170206D656D6F727920636F7272757014
:1007A0007465640001491820ABBEFEE72600020014
:1007B00070B505460C460A2000E06D1C00F011F8EB
:1007C00035B128780028F8D102E0641C00F009F85F
:1007D00014B120780028F8D1BDE870400A20AFF3AA
:1007E000008008B569468DF800000320ABBE08BD47
:1007F00010B5846AE16D11F0500F06D0E16DC906A5
:1008000025D5204600F057FD10BDE06D40F4007086
:10081000E06520680168090716D503F010FD78B17E
:100820002068C068800400280ADBE06D20F4807036
:10083000E065E06DC00403D4E06D40F00100E065C8
:10084000204600F0EDFC10BDC0688007EBE7616D4D
:10085000496BBDE81040084710B5806AC16D41F092
:100860004001C165016E41F00401016600F023FD05
:1008700010BD10B5806A00F01DFD10BDF8B504462E
:10088000002000902068816811F0010F4AD1816832
:10089000254A114237D18168D5432940491C8160DE
:1008A0002068B0F1A04F02D02049884201D12048F1
:1008B00000E02048806800F0E07000020DD51E487E
:1008C0001E490068B0FBF1F0401C00EB40008000C6
:1008D00000E0401E00900028FBD101F057FB0646C7
:1008E0001BE0816811F0010F03D181682940491C88
:1008F000816001F04BFB801B02280ED92068006844
:10090000C043C00709D0E06D40F01000E065206EE4
:1009100040F0010020660120F8BD20680168C9434D
:10092000C907DED10020F8BD3F0000800001005063
:10093000000300500007005048010020400D030054
:10094000074910B5C868421C01D0401CC860054862
:1009500005F04CFCBDE810400349024805F080BF9B
:10096000000000205C010020BA440120FEE70000E6
:1009700030B5002308E000BF01EB8304056824685C
:100980004FEA34442C605B1CB3EB520FF4D3D20714
:1009900003D0026831F8231011800068006830BD70
:1009A00070B500230DE000BF01EB83042588A67815
:1009B0006DBA2D04E47845EA0625254304682560D0
:1009C0005B1CB3EB920FEFD394071BD002F0030430
:1009D000012C03D1066811F823503570022C05D183
:1009E00001EB83040568248864BA2C80D243920703
:1009F00008D101EB83020368118849BA1980917804
:100A0000026811700068006870BD0000014801F0C4
:100A10008CB80000A84A0120014801F086B8000007
:100A2000C8480120014801F080B800002849012091
:100A3000014801F07AB8000088490120014801F01E
:100A400074B80000E8490120014801F06EB80000C8
:100A5000484A01200D4902688A4201D20C4901E04E
:100A60000B492031D2B21423083AB2FBF3F2436CA3
:100A700002F01F0223F0030319448164044980310A
:100A8000C1640121914001657047000008040240E3
:100A9000000802400179074A02EB81024265054ADB
:100AA0004432491E826501F01F0201219140C16557
:100AB00070470000FC08024030B5D0E9134565607E
:100AC000446D14B1D0E91645656090F8444004F0D7
:100AD0001F050124AC40056C6C600468636083688A
:100AE000102B036803D099600068C26030BD9A6023
:100AF0000068C16030BD000010B54FF4807421461D
:100B0000094805F02FFB0028F9D1084B002200BF4F
:100B100002EBC20000EB400003EB800005F0CAFCD2
:100B2000521C802AF4DB10BD5C3800205C020020DF
:100B300070B51E4A00212DED028B00BF30F8113038
:100B400000EE103A02EB8103491CB8EE400A89B26C
:100B5000FF2983ED000AF1D9144805F03DFD00237B
:100B6000134A1249134805F047FA00259FED128AEF
:100B70000F4E052406EBC40090ED000AD0ED010AEB
:100B800020EE000A00EEA00A04F0DFFBB4EEC80A73
:100B9000F1EE10FA02DDB0EE408A2546641CA4B2E4
:100BA000802CE7D3BDEC028B284670BD7438012041
:100BB000743C01205C38002000409C452DE9F04742
:100BC0001E4E1F4DDFF87CA01F4F23244FF4606999
:100BD0004FF0320804EBC40000EB400256F822103C
:100BE000B1FBF8F189B249450CD235F91410491C12
:100BF0000DD125F814800AEB442106EB820005F0A4
:100C0000DBFA04E007EB44010020A1F8020135F90A
:100C10001400FF280CDDA1B20AEB4420FFF788FF87
:100C200007EB4401A1F802014FF0FF3025F8140052
:100C3000641C272CCEDBBDE8F08700005C0200209E
:100C40001600002074380020B8440120704772B6A6
:100C5000FEE700002DE9F04F044690F858009BB0E5
:100C60000F464FF0000B012812D0012084F85800E5
:100C700000261796189620684FF0A048DFF81C91C0
:100C8000DFF81CA1474D404506D12846009508E0F5
:100C900002201BB0BDE8F08F48450AD15046CDF880
:100CA00000A003F0C8FA0090206803F0C4FA40B135
:100CB00009E0E06D40F02000E06584F85860012014
:100CC000E7E7009850B1E06D40F02000E0654FF09C
:100CD000010B00BF84F858605846DAE720684146A7
:100CE000884201D0A84201D12F4800E02F48D7F810
:100CF00000C02F4B40F61F72BCF1000F2DD0D0F872
:100D000008C094F838802CF4604C4CEA483CD7F882
:100D100004804CEA080CC0F808C0D4F800C08C4528
:100D200001D0AC4504D18968AB6801F0010109E04C
:100D3000D9F80810DAF8085001F0010105F00105B2
:100D40009B68294303F001031943C3D1BB68396889
:100D500019438368934319431DE0876827F460476C
:100D6000876027688F4201D0AF4204D18968AB68A1
:100D700001F0010109E0D9F80810DAF8085001F093
:100D8000010105F001059B68294303F001031943A4
:100D9000A0D18168914381609CE70000000400506D
:100DA00000050050000100500003005000070050F3
:100DB000000600502DE9F84F00270446009790F8F0
:100DC0005800DFF81C840D46B946012811D00126D1
:100DD00084F85860206803F02AFA60B1E06D40F0B2
:100DE0002000E0655FF0010784F858903846BDE8C0
:100DF000F88F0220FBE7D5E900210C23206803EAE5
:100E000091131844036B01F01F014FF01F0C0CFAF3
:100E100001FCC2F3846223EA0C038A401343036398
:100E2000206803F004FA8246206803F0FCF95AEACD
:100E300000003CD1AA6829682068B2F1004F37D081
:100E400003F005FA2068416921F000414161206802
:100E50006969C268C2F3C102520091402A69042A3A
:100E600031D000EB82002B68026EDFF878C303F00C
:100E7000F84302EA0C020B431A4342F000410166B8
:100E800022682869A96902EB8000026E22F0807254
:100E90000A430266297F22682869012910D00021AF
:100EA00002EB8000026E22F000720A4302667DE0CF
:100EB000002203F0CCF92068416941F00041C5E708
:100EC0004FF00071ECE7002103F0A7F94003206820
:100ED0004FF0000172D003F0A0F990FAA0F0B0FA40
:100EE00080F1286842036ED090FAA0F0B0FA80F04A
:100EF000814204D100221146206803F0B7F9012194
:100F0000206803F08AF9400320684FF001015DD0AA
:100F100003F083F990FAA0F0B0FA80F12868420358
:100F200059D090FAA0F0B0FA80F0814204D10022AA
:100F30000121206803F09AF90221206803F06DF97D
:100F4000400320684FF0020148D003F066F990FAA0
:100F5000A0F0B0FA80F12868420344D090FAA0F0E3
:100F6000B0FA80F0814204D100220221206803F00F
:100F70007DF90321206803F050F9400320684FF009
:100F8000030133D003F049F990FAA0F0B0FA80F1F0
:100F9000286842032FD090FAA0F0B0FA80F0814286
:100FA00004D100220321206803F060F920688168E1
:100FB00011F0010F22D0ACE000E004E003F02DF9C5
:100FC000C0F384618DE7C0F3846091E703F025F9F5
:100FD000C0F38461A2E7C0F38460A6E703F01DF9C3
:100FE000C0F38461B7E7C0F38460BBE703F015F991
:100FF000C0F38461CCE7C0F38460D0E72A7B296822
:1010000050F8B03FC1F3120C23EA0C0302F0180CA5
:10101000754A22FA0CF20A4013430360E96841451D
:1010200077D1286841031CD090FAA0F1B1FA81F180
:10103000491C01F01F0109294FEA403132D800292B
:1010400012D000BF90FAA0F1B1FA81F101F10101D3
:1010500001F01F0106FA01F609D100BFC0F3846157
:1010600009E0C0F38461E3E7C0F38461EEE790FA3E
:10107000A0F1B1FA81F101F1010101F01F0146EA8D
:10108000816102D1C0F3846003E090FAA0F0B0FA6D
:1010900080F000F1010000F01F0000EB400041EA89
:1010A000005132E000290ED090FAA0F1B1FA81F19E
:1010B00001F1010101F01F0106FA01F606D100BF9E
:1010C000C0F3846106E0C0F38461F1E790FAA0F117
:1010D000B1FA81F101F1010101F01F0146EA8161DC
:1010E00002D1C0F3846003E090FAA0F0B0FA80F07F
:1010F00000F1010000F01F003C4A00EB400002EB51
:10110000005041EA000141F00071AA68206803F034
:101110009EF837482B6803423FF466AE21684FF0D3
:10112000A04C3448344E354D614501D0A94201D11F
:10113000024600E032469268DFF8C48002F0E072B6
:10114000434503D0DFF8BC80434521D15FEA022844
:101150001ED4614506D02C4B99427FF445AEA9427E
:1011600000D0304642F40001826822F0E0720A4367
:101170008260264826490068B0FBF1F0401C00EB75
:101180004000800000E0401E00900028FBD12BE6CC
:10119000DFF8808043450FD15FEAC2180CD4A94222
:1011A00002D11D4B9942F2D0614502D0A94200D034
:1011B000304642F080710CE0DFF860804345E6D1B4
:1011C0005302E4D4A942E2D0614500D0304642F453
:1011D0008001826822F0E0720A43826004E6000027
:1011E00000007F4000F0FF03FFFF0700000020FE2B
:1011F000000008800003005000070050000100506C
:10120000000021C31000C0900006005048010020DB
:10121000400D0300000052C700050050000084CBC1
:1012200010B503681E481D49B3F1A04F02780ED0D7
:101230001C4CA34214D100F110031C880C805C8864
:10124000CC809B888B8042F00201017010BD144B52
:1012500008331C888C815B884B8042F00101F4E7E5
:10126000114CA34206D10E4B9B1C1B88CB8142F034
:101270000401EAE70D4CA34206D1094B1B1D1B8854
:101280000B8142F00801E0E7094A9342DED1044AAB
:10129000921D12884A810121417010BD4C0100202D
:1012A0000000002000010050000400500005005024
:1012B0000006005070477047F8B54FF00005040075
:1012C0002E46009502D0E06D10B107E00120F8BD78
:1012D000204600F009F9266684F858602068816885
:1012E000C1F3407119B18168734A1140816020686F
:1012F0008168C1F3007189B98168704A114041F079
:10130000805181606E486F490068B0FBF1F0400089
:10131000801C00E0401E00900028FBD120688168FE
:10132000C1F3007141B9E16D41F01001E165216E39
:1013300041F001012166012502F079FFE16DC90646
:1013400000D430B1E06D40F01000E0650125284682
:10135000F8BDE06D20F4807040F00200E065206888
:10136000816811F0010F27D14FF0A043564A9842EF
:1013700001D0904204D19968966801F001010AE019
:1013800052498968524E01F00101B66806F0010623
:101390003143504EB66806F0010631430CD19842F5
:1013A00001D0904201D14C4800E04C48616882680D
:1013B00022F47C120A438260E168E06B627F08439A
:1013C000A16841EA4231084394F8241040EA014000
:1013D000012904D1218D424A02EB41410843E16ACF
:1013E00029B101F47871226B014342EA01002268BD
:1013F000D1683C4B19400143D16020680169626BA0
:1014000021F0406111430161206802F00CFF70BBC4
:10141000207F94F838102268800340EA4100D168A8
:1014200044F2020399430143D160206900282068F7
:1014300001690AD041F480310161206850F8C01F71
:1014400022696FF30D01114307E021F4803101613E
:10145000206850F8C01F6FF30D01016094F8400040
:1014600001280CD02068016921F001010161606947
:1014700001282068016B21F00F0111D013E0D4E99D
:1014800011010843D4E913121143084321680A6982
:1014900040F2FC739A43104340F001000861E6E714
:1014A000226A521E11430163E06D20F0020040F0F9
:1014B0000100E0654BE70000C0FFFF5FC0FFFF7F5A
:1014C00048010020400D03000001005000040050BE
:1014D00000050050000600500003005000070050B7
:1014E0000000FEFF0740F0FF2DE9F04F9BB00746DC
:1014F000142115A8FFF748F854216846FFF744F86F
:101500004FF40041386800258A03A84EA84C4FF0DC
:1015100003084FF0800A4FF480794FF4806BB0F1EC
:10152000A04F10D0A34B98427DD1684611920091F4
:1015300001F04EF808B1FFF78AFB3068401C3060BC
:1015400001283BD042E068461192009101F040F83A
:1015500008B1FFF77CFB3068401C3060012807D1E0
:10156000E06C40F40050E064E06C00F400501A902D
:10157000E06C40F00100E064E06C179500F00100C1
:101580001A900C20CDE9150815A94FF0904000F0F5
:10159000CFFB8A4C884820600520C4E90105202043
:1015A000C4F81490C4E906B04FF4405020622046BD
:1015B000F1E07C65A7621BB0BDE8F08FE06C40F401
:1015C0000050E064E06C00F400501A90E06C40F0D1
:1015D0000100E064E06C00F001001A90E06C40F063
:1015E0000200E064E06CCDF8548000F00200CDE928
:1015F00016851A90444615A94FF0904000F098FBCC
:1016000015A94FF4006081E831006D4800F090FBAF
:1016100069486C4C143020602420C4E90105202066
:10162000C4F8149000E006E0C4E906B04FF440505E
:1016300020622046AFE0644B9901CA03984236D13C
:1016400068461292009100F0C3FF08B1FFF7FFFA5D
:101650007068401C7060012807D1E06C40F4804045
:10166000E064E06C00F480401A90E06C40F002000E
:10167000E064E06C179500F002001A904FF40050FF
:10168000CDE9150815A94E4800F052FB4A484F4CC9
:10169000283020602520C4E901052020C4F81490DA
:1016A000C4E906B04FF440502062204673E0484B36
:1016B000984236D168461292009100F089FF08B135
:1016C000FFF7C5FA7068401C7060012807D1E06C14
:1016D00040F48040E064E06C00F480401A90E06CDC
:1016E00040F00200E064E06C179500F002001A90F0
:1016F0004FF48050CDE9150815A9314800F018FBCA
:101700002D48344C3C3020602620C4E901052020BF
:10171000C4F81490C4E906B04FF44050206220464B
:1017200039E02D4B98427FF446AF68461292009103
:1017300000F04EFF08B1FFF78AFA7068401C706035
:10174000012807D1E06C40F48040E064E06C00F4D4
:1017500080401A90E06C40F00100E064E06CCDF84D
:10176000549000F00100CDE916851A904E4615A957
:101770004FF0904000F0DCFA0F48184C50302060D9
:101780002720C4E9010520206661C4E906B04FF4B2
:10179000405020622046C4E9035A00F023FA002892
:1017A0003FF407AFFFF753FA03E7000018010020EA
:1017B00000100240000100501C000240C8480120F7
:1017C00000040048284901200004005088490120F5
:1017D00000050050E849012000060050484A012059
:1017E0002DE9F047044600684FF0A0483D4F914670
:1017F0008A46404501D0B84201D13B4900E03B490F
:10180000896801F01F0502F012FD002868D194F8E4
:101810005800012864D0012084F858003449206819
:10182000884201D1012000E00020401E28424FF0F4
:10183000000605D0052D03D0092D01D0012003E0BD
:101840002046FFF71BF818B184F85860BDE8F08710
:10185000E06D40F60161884340F48070E0652068E7
:10186000B84201D1414605E02249884201D12249CE
:1018700000E00146814200D01DB9E06D20F48010E7
:10188000E065E06DC00404D5206E20F006002066FF
:1018900000E02666616D1948C862616D18480863EA
:1018A000616D1848486321681C20086084F85860FE
:1018B0002068416841F0100141602068C16841F032
:1018C0000101C16021684B4652464031606D00F015
:1018D000E9F921688A680C4B1A40121D8A60B5E745
:1018E0000220B3E700010050000300500007005041
:1018F000000600500005005000040050F1070008E9
:101900007308000859080008C0FFFF7FF0B50446BF
:101910000020CB0711D01E235FF0010603F01F0744
:1019200006FA07F50D4201D15B1EF7D27AB1082AFB
:101930000BD0102A06D0182A01D00120F0BD072BA9
:10194000FBD204E0082BF8D201E0102BF5D223687B
:10195000596121688B6823F0180313438B60F0BD35
:1019600070B5044600200223637723689D6845F024
:1019700001059D60236A012B0ED0022B10D0032B92
:1019800011D104E0256851F820302B60401C9042B2
:10199000F8D32068006806E02046FFF701F802E06F
:1019A0002046FEF7E5FF0121617770BD10B5040008
:1019B00010D0607F20B900202077204600F030F85A
:1019C00002206077207938B1D4E902122046FFF76F
:1019D0009DFF48B1012010BD216810484861206872
:1019E000816821F0180181606079A0B120692168C7
:1019F000086120688168626921F06001114381609B
:101A000020688168A26921F0800111438160012072
:101A10006077002010BD4FF0FF30E8E7B71DC1042C
:101A200008B500680649884208D10648816C41F42F
:101A300080518164806C00F48050009008BD0000EB
:101A4000003002400010024010B590F8253000210F
:101A50000122022B03D00421C163012122E003688B
:101A60001C6824F00E041C60836C1C6824F48074D1
:101A70001C6003681C6824F001041C6090F844306A
:101A8000046C03F01F0302FA03F36360D0E913341C
:101A90005C60436D33B11C6824F480741C60D0E931
:101AA00016345C6080F82520002280F82420084647
:101AB00010BD70B590F82520002401212346022A8C
:101AC00007D00422C26380F8251080F82430012456
:101AD00029E00268156825F00E0515600268156892
:101AE00025F001051560826C156825F48075156078
:101AF00090F84420056C02F01F0201FA02F26A60BD
:101B0000D0E913255560426D32B1156825F4807512
:101B10001560D0E91625556080F8251080F824302E
:101B2000816B01B18847204670BDF0B4016C0C6830
:101B300001680D6890F8442002F01F06042202FAA2
:101B400006F3234211D06B070FD50B689B0603D415
:101B50000B6823F004030B6090F8441001F01F01A0
:101B60008A40016C4A60016B1DE0022303FA06F70C
:101B700027424FF0000C4FF0010218D0AF0716D5E6
:101B80000C68A40605D40C6824F00A040C6080F8E4
:101B9000252090F8441001F01F018B40016C4B6030
:101BA00080F824C0C16A00291AD0F0BC0847082375
:101BB000B340234214D02B0712D50B6823F00E0339
:101BC0000B6090F84410036C01F01F0102FA01F160
:101BD0005960C26380F8252080F824C0416BE2E799
:101BE000F0BC704770B504000CD02B4A216814205B
:101BF000914209D2294A0A44B2FBF0F080006064A5
:101C000027480AE0012070BD234A52420A44B2FB31
:101C1000F0F080006064204808382064022084F8D6
:101C200025000A6847F6F0708243D4E9020318439E
:101C3000D4E904352B431843A3691843E3691843D7
:101C4000236A1843104308602046FEF703FFA0688C
:101C50000025B0F5804F00D16560A16C2079086047
:101C6000D4E9130141606068401E032808D820466B
:101C7000FEF710FF606D0560D4E91601416002E0D7
:101C80006565A565E565E563012084F8250084F8B0
:101C90002450002070BD000008040240F8FFFDBF82
:101CA0000000024070B5044690F824000025012889
:101CB0000CD0012084F8240094F825600020012E27
:101CC00006D084F824000225284670BD022070BD8D
:101CD000022684F82560E0632068066826F0010685
:101CE00006602046FEF7E8FE206B002820680168A9
:101CF00002D041F00E0106E021F0040101602068ED
:101D0000016841F00A010160A06C0168C90303D5B4
:101D1000016841F480710160606D18B1016841F49F
:101D2000807101602068016841F001010160CBE72A
:101D30002DE9F04FDFF82092002301260324A9F1BA
:101D4000040B85B00F2709F1040AABF1040EFAE089
:101D500006FA03F52A407CD091F804C00CF0030C7D
:101D6000BCF1010F02D0BCF1020F26D1D0F808C09F
:101D7000CDF800C04FEA430C04FA0CF8CDF810C0BF
:101D8000DDF800C02CEA080CCDF800C0D1F80C80BA
:101D9000DDF810C008FA0CF8DDF800C048EA0C08BD
:101DA000C0F80880D0F804C02CEA050C0D79C5F302
:101DB00000159D4045EA0C0545600D79ED43AD07E2
:101DC0000ED0C5684FEA430804FA08FC25EA0C0562
:101DD000D1F808C00CFA08FC4CEA050CC0F80CC09D
:101DE0000D7905F00305022D16D1DD0800EB850CF9
:101DF000CDF808C0DCF820805D074FEAD56C07FA03
:101E00000CF528EA05080D6905FA0CF5DDF808C09F
:101E100045EA0805CCF8205005684FEA430CCDF898
:101E200008C004FA0CFC25EA0C0591F804C00CF07B
:101E30000308DDF808C008FA0CF848EA0508C0F8FD
:101E400000804D6815F4403F7CD0444DD5F860C00B
:101E500000E077E04CF0010CC5F860C02D6E23F077
:101E6000030C05F0010500953D4D65440295AD68F4
:101E70004FEA837C4FEA1C7807FA08FC25EA0C0538
:101E8000B0F1904F06D0DFF8DCC0604505D14FF0CF
:101E9000010C20E04FF0000C1DE0DFF8CCC06045E5
:101EA00002D14FF0020C16E0DFF8C0C0604502D14D
:101EB0004FF0030C0FE0DFF8B8C0604502D14FF0DF
:101EC000040C08E0DFF8ACC0604502D14FF0050C0F
:101ED00001E04FF0060C0CFA08FC4CEA050C029DE0
:101EE000C5F808C0D9F80050CC46D1F80480954315
:101EF0005FEAC82800D51543CCF80050DAF8005046
:101F0000D446D1F8048095435FEA882800D515436C
:101F1000CCF80050DBF80050DC46D1F80480954343
:101F20005FEA883800D51543CCF80050DEF8005041
:101F3000F446D1F8048095435FEAC83800D51543CC
:101F4000CCF800505B1C0A6832FA03F57FF400AF4E
:101F500005B0BDE8F08F0000080401400010024009
:101F6000000001400004004800080048000C004840
:101F700000100048001400480069084000D001200B
:101F800070470AB18161704781627047014880687B
:101F9000704700002001002070477047704770476D
:101FA0007047704770477047704710B590F8DC2055
:101FB000012A21D0012280F8DC20022380F8DD30C4
:101FC0004B1C1BD00368D3F8CC4344F00204C3F885
:101FD000CC430368D3F8CC4324F00C040C43C3F87F
:101FE000CC430168D1F8CC3343F00103C1F8CC33C2
:101FF00080F8DD20002010BD022010BD0168D1F85E
:10200000CC3323F00203C1F8CC33EAE770477047C2
:1020100070477047704770477047FF2903D0062903
:1020200003D001F078BF01F061BE01F0FCBE0000FA
:1020300038B5040056D0022084F8DD000025C4F82D
:10204000E050C4F8E450C4F8E850C4F8EC50C4F8C8
:10205000F050C4F8F450C4F8F850207AC0071BD0F0
:1020600021492068884208D12048016E41F08061F2
:102070000166006E00F0806000902168086820F41E
:102080004042208A00F44040104320F44052A08A8D
:1020900000F4405010430860204600F029F8207AF0
:1020A000800708D52168086820F44072A08900F4F0
:1020B000407010430860012084F8DD0084F8DC5093
:1020C0005FF00001C1EBC10004EB8000491C856199
:1020D000C561056245628562C9B205630629F1D909
:1020E000002038BD012038BD0068014000100240CA
:1020F00008B500681B49884232D11B48016E41F087
:1021000080610166006E002200F080600090052171
:10211000432000F0C5F9432000F0B4F90022052166
:10212000442000F0BDF9442000F0ACF90022114633
:10213000452000F0B5F9452000F0A4F90022114631
:10214000462000F0ADF9462000F09CF90022052160
:10215000492000F0A5F9BDE80840492000F092B9F7
:1021600008BD000000680140001002407047704741
:102170007047704770B50D460446FFF707FF0646E7
:1021800007E0681C05D0FFF701FF801BA8420DD8AF
:1021900065B12068D0F88803C043C003F1D40120A2
:1021A00084F8DD00002084F8DC0070BD072084F88E
:1021B000DD00032070BD704770477047704770B5F1
:1021C00090F8DD30022B23D0022380F8DD30062981
:1021D00020D08023046803EBC115635923F0070660
:1021E0009368334323F01806D3683343635194252F
:1021F000046805EBC115136863519824036804EB68
:10220000C11152685A50012180F8DD10002070BDC4
:10221000022070BD0368196821F00704916821430A
:1022200021F01804D16821431960036811685961CD
:10223000516802689161E6E7F0B590F8DC20012A68
:1022400038D0012480F8DC40022280F8DD200268CA
:10225000D2F8903345682B43C2F89033CA0305D5B2
:102260000268D368D0F8C8502B43D3600022DFF84F
:1022700048C08C255CF822300B420CD0066805EB78
:10228000C213F758C2EBC20E00EB8E0EDEF820E050
:1022900047EA0E07F750521CD2B2062AEAD3026868
:1022A00013680B43136080F8DD40002180F8DC10D8
:1022B0000846F0BD0220F0BD2C0100202DE9F041C0
:1022C000044690F8DD0015460E46022826D094F804
:1022D000DC00012821D0012784F8DC70022084F87A
:1022E000DD00062E1CD0204601F0C8FEC6EBC6005D
:1022F00004EB80002968016269684162A968816213
:10230000E968C162296901633146204601F0BAFCDF
:10231000062E15D0E86A40B112E00220BDE8F08137
:102320001146204601F036FDE0E78021206801EBF0
:10233000C6114258EB6D22F4007242EA4322425029
:1023400084F8DD70002084F8DC00E7E72DE9F04137
:10235000044690F8DD00022824D094F8DC0001281F
:102360001FD0012584F8DC50022084F8DD00EC2029
:10237000266800EBC113F058176820F0100040EAFF
:10238000071020F480175068384320F48037D06855
:10239000384320F40037906838439769012F03D001
:1023A0000CE00220BDE8F08120F0040710693843FA
:1023B00020F002075069384340F00100F0502046F9
:1023C00001F060FC84F8DD50002084F8DC00E9E7CF
:1023D00002488168426811448160704720010020F2
:1023E00010B50024032000F07BF80F2000F008F85F
:1023F00008B1012401E000F025F8204610BD0000DE
:1024000070B50E4E05460024706898B14FF47A718D
:10241000B1FBF0F00A490968B1FBF0F000F01AFFD7
:1024200040B9102D06D200222946501E00F038F87F
:10243000356000E00124204670BD0000200100202E
:10244000480100200E4808B5016E41F00101016607
:10245000016E01F001010091816D41F080518165B3
:10246000806D00F080500090002000F0E9FE00F048
:10247000C5FE002000F0DAFEBDE8084000F0A0B87C
:1024800000100240002809DB00F01F0201219140EA
:102490004009800000F1E020C0F800117047000002
:1024A000F0B40E4B1B680C46C3F30223C3F10705BF
:1024B000042D00D90425191D072901D2002300E0AD
:1024C000DB1E012606FA05F1491E214099409E4077
:1024D000761E16403143F0BC02F027BF0CED00E041
:1024E000064900F0070208684FF6FF03184040EA6B
:1024F0000220034A10430860704700000CED00E022
:102500000000FA052B492C4B0A6832214A432B491B
:1025100040B1B0F5007F086829D020F4C06040F4D5
:1025200080602CE00868C0F34120022804D051F8F4
:10253000800F20F4807022E0D1F8800020F48070B9
:10254000C1F88000086820F4C06040F400700860A2
:10255000B2FBF3F0401C00E0401E4A69520501D571
:102560000028F9D1486940050AD503207047C0F317
:102570004120022806D051F8800F40F48070086096
:1025800000207047D1F8800040F48070C1F88000CE
:10259000086820F4C06040F400700860B2FBF3F0FB
:1025A000401C00E0401E4A695205DBD50028F9D1E5
:1025B000D8E700004801002040420F0000700040B2
:1025C0000248816841F4804181607047007000409A
:1025D0002DE9F843044600680026BB4D00035ED594
:1025E000A86D0027C00008D4A86D40F08050A865F1
:1025F000A86D012700F080500090DFF8D092D9F844
:10260000001041F48071C9F80010FFF7BFFC80464C
:1026100006E000BFFFF7BAFCA0EB080002282BD8A9
:10262000D9F80000C005F5D5D5F8900010F4407039
:1026300014D0216D814211D0D5F89000D5F89010BA
:1026400020F4407041F48031C5F89010D5F8901016
:1026500021F48031C5F89010C5F89000C00711D062
:10266000FFF794FC804641F2883907E0FFF78EFCC3
:10267000A0EB0801494501D903260BE0D5F89000ED
:102680008007F3D5D5F89000216D20F44070084301
:10269000C5F890001FB1A86D20F08050A865207883
:1026A000C00707D0D5F88800616820F00300084310
:1026B000C5F888002078800707D5D5F88800A1687C
:1026C00020F00C000843C5F888002078400707D5A3
:1026D000D5F88800E16820F030000843C5F888008C
:1026E0002078000707D5D5F88800216920F0C000C0
:1026F0000843C5F888002078C00607D5D5F88800BB
:10270000616920F440700843C5F88800207880068D
:1027100007D5D5F88800A16920F440600843C5F8C2
:1027200088002078400607D5D5F88800E16920F4B4
:1027300040500843C5F888002078000607D5D5F832
:102740008800216A20F440400843C5F888002088AA
:10275000C00507D5D5F88800616A20F440300843E9
:10276000C5F888002068800307D5D5F89C00A16AC9
:1027700020F003000843C5F89C002088800507D599
:10278000D5F88800E16A20F440200843C5F88800A5
:10279000208840050FD5D5F88800216B20F4401023
:1027A0000843C5F88800206BB0F5801F03D1E868A6
:1027B00040F48010E860208800050FD5D5F8880027
:1027C000616B20F440000843C5F88800606BB0F5E9
:1027D000800F03D1E86840F48010E8602088C004CE
:1027E0000FD5D5F88800A16B20F040700843C5F8DC
:1027F0008800A06BB0F1807F03D1E86840F48010BE
:10280000E86020884FF0006180040ED5D5F888007C
:10281000E26B20F040601043C5F88800E06B88420E
:1028200003D1E86840F48010E860208840040ED5A9
:10283000D5F88800226C20F040601043C5F888006D
:10284000206C884203D1E86840F48010E86020885A
:1028500000040FD5D5F88800616C20F04050084383
:10286000C5F88800606CB0F1805F03D1E86840F47F
:102870008030E8602068C0030FD5D5F88800A16CCF
:1028800020F040400843C5F88800A06CB0F1804FAC
:1028900003D1E86840F48030E860206840030FD539
:1028A000D5F89C00E16C20F440100843C5F89C006A
:1028B000E06CB0F5001F03D1E86840F48010E860D8
:1028C0003046BDE8F8830000001002400070004070
:1028D0002DE9F0470E4605004FF0000725D0DFF840
:1028E000AC81D8F8000000F00F00B0420CD2D8F84C
:1028F000001021F00F013143C8F80010D8F8000093
:1029000000F00F00B04210D12968614CC80741F2B5
:10291000883A5AD06868DFF87C91032808D00228EA
:1029200020682DD0400500282CDB0120BDE8F08771
:1029300020688001F9D5E06800F00302E068C0F388
:102940000310401C032A19D0534A00BFB2FBF0F019
:10295000E268C2F306225043E268C2F34162521CAD
:102960005200B0FBF2F0484517D9A06810F0F00F04
:102970000CD0880711D5A86840B10EE0474AE5E7BA
:102980008003D0E700F0B6F8484506D9A06820F0EB
:10299000F00040F08000A0608027A068696820F007
:1029A00003000843A060FFF7F1FA814606E000BF8C
:1029B000FFF7ECFAA0EB090151453AD8A068696825
:1029C00000F00C00B0EB810FF2D12868810714D51C
:1029D000400703D5A06840F4E060A06028780007B5
:1029E00005D5A06820F4605040F4E060A060A068C5
:1029F000A96820F0F000084304E0802F03D1A0680C
:102A000020F0F000A060D8F80010404601F00F015F
:102A1000B14216D9016821F00F0131430160FFF77F
:102A2000B5FA074607E000BFFFF7B0FAC11B5145F2
:102A300001D903207AE7D8F8000000F00F00B04277
:102A4000F2D12878400705D5A068E96820F4E06055
:102A50000843A0602878000706D5A068296920F4FB
:102A6000605040EAC100A06000F044F8A1680C4A40
:102A7000C1F30311515C01F01F01C840094908600E
:102A800009480068BDE8F047FFF7BABC00200240E3
:102A90000010024000B4C4040024F40000127A00C4
:102AA000F89D010848010020200100200548064942
:102AB00000688968054AC1F30221515C01F01F01D9
:102AC000C84070474801002000100240089E0108DD
:102AD0000548064900688968054AC1F3C221515C6E
:102AE00001F01F01C840704748010020001002405B
:102AF000089E0108184910B58868C0F3810217487C
:102B0000012A0BD08A684310C2F38102022A06D040
:102B10008A68C2F38102032A03D0002010BD184640
:102B200010BDCA6802F00304CA68C2F30312521C43
:102B3000032C02D0B0FBF2F001E0B3FBF2F0CA6864
:102B4000C968C2F306225043C1F34161491C4900E0
:102B5000B0FBF1F010BD0000001002400024F400B2
:102B60002DE9F84304007AD02078F84DC00747D00B
:102B7000A868E96800F00C0001F003010C2802D0FD
:102B8000082817D001E0032914D06068B0F5803F11
:102B900017D0B0F5A02F286817D020F48030286017
:102BA000286820F4802028606068E0B1FFF7EEF923
:102BB000064614E02868800322D560680028D2D039
:102BC0001EE0286840F48030EDE740F48020286063
:102BD000F7E700BFFFF7DAF9801B642870D8286890
:102BE0008003F7D50CE0FFF7D1F9064605E000BFFA
:102BF000FFF7CCF9801B6428F0D828688003F7D44D
:102C0000207880074CD5A868E96800F00C0001F036
:102C100003010C2802D004280DD001E002290AD0BB
:102C2000E068002828682BD040F480702860FFF707
:102C3000ADF9064619E02868400502D5E06800288D
:102C400091D06868217C20F0FE4040EA0160686015
:102C5000BF480068FFF7D4FB002800D120E072E1F4
:102C6000FFF794F9801B0228B8D828684005F7D5EB
:102C70006868217C20F0FE4040EA016068600FE057
:102C800020F480702860FFF781F9064605E000BF58
:102C9000FFF77CF9801B0228A0D828684005F7D4EC
:102CA0002078000729D560690028D5F8940013D052
:102CB00040F00100C5F89400FFF768F9064606E009
:102CC00090E000BFFFF762F9801B022886D8D5F894
:102CD00094008007F6D510E020F00100C5F89400BC
:102CE000FFF754F9064604E0FFF750F9801B02286D
:102CF00078D8D5F894008007F6D42078400761D5BD
:102D0000A86D0026C00008D4A86D40F08050A865CA
:102D1000A86D012600F0805000908E480168C9051A
:102D200011D40168804641F480710160FFF72EF9EB
:102D3000074604E0FFF72AF9C01B022852D8D8F84A
:102D40000000C005F6D5A068012815D00528D5F8E3
:102D5000900016D020F00100C5F89000D5F8900042
:102D600020F00400C5F89000A06841F28838B8B19E
:102D7000FFF70CF907460EE0D5F8900040F001008F
:102D8000F0E740F00400C5F89000F5E7FFF7FEF823
:102D9000C11B414526D8D5F890008007F6D50CE038
:102DA000FFF7F4F8074604E0FFF7F0F8C11B4145D0
:102DB00018D8D5F890008007F6D41EB1A86D20F081
:102DC0008050A8652078800629D5A0690028D5F80C
:102DD000980013D040F00100C5F89800FFF7D6F82E
:102DE000064606E075E000BFFFF7D0F8801B02281A
:102DF0006FD8D5F898008007F6D510E020F00100D4
:102E0000C5F89800FFF7C2F8064604E0FFF7BEF8E1
:102E1000801B02285DD8D5F898008007F6D4E069B9
:102E2000F0B3A968C1F3810103295DD002282868A5
:102E300020F08070286003D0FFF7A8F804464BE02C
:102E4000FFF7A4F8064604E0FFF7A0F8801B02286D
:102E50003FD828688001F7D4F4E908016FF00F0229
:102E600002EB01110843218A5204490802EB415147
:102E7000A26841EA02210843217D4FF07E424908C1
:102E800002EB41610843217B40EAC160E968324AB4
:102E900011400843E860286840F08070286000E036
:102EA0005EE0E86840F08070E860FFF76FF8044685
:102EB00005E000BFFFF76AF8001B022809D8286860
:102EC0008001F7D54CE000BFFFF760F8001B022837
:102ED00002D90320BDE8F88328688001F4D4E868AB
:102EE0001E490840E8603BE00128F3D0E868226A08
:102EF00000F00301914226D1616A00F0F00209015D
:102F0000103991421FD1A26A00F4FE41B1EB022FA9
:102F100019D194F82C2000F07841B1EBC26F12D196
:102F2000218E00F4C00249084905A1F50011914223
:102F300009D194F8341000F0C06049084906A1F1A5
:102F4000007181420CD00120C4E700000010024053
:102F500020010020007000400C809F01FCFFEEFE6D
:102F60000020B7E770B504004FF0010040D094F89E
:102F7000250028B9002084F82400204600F040F8FD
:102F8000022084F825002068C168C943C90630D5ED
:102F9000CA214162216853204862204601F05AFD4F
:102FA00010BB20688169154A1140816121688869D8
:102FB0006268A369104322691A431043886121891A
:102FC000E06840EA014021680861204601F067FDA1
:102FD00050B9D4E90721114322686369956925F046
:102FE00060452B43194391612268FF21516208B16A
:102FF00070BD0020012184F8251070BDBFFF8FFB3C
:1030000010B596B0044654216846FDF7BDFA104944
:103010002068884219D14FF400200090801214904B
:103020006846FFF7D5FA08B1FDF711FE094850F8D8
:10303000901F41F4004140F83819016841F4806163
:103040000160006800F48060159016B010BD0000AB
:10305000002800400010024070B5044690F824009B
:103060000B4601281BD0012684F82460022084F836
:103070002500B2B19878D97840EA01455878197896
:10308000000240EA413005432168CA2048622168B5
:1030900053204862204601F0DDFCD0B120E0022040
:1030A00070BD5878C10603D500F0EF000A305870A3
:1030B000D87801F0C2FC0504587801F0BEFC45EA5E
:1030C0000025987801F0B9FC0543187845EA4035A9
:1030D000DAE70848054020684560204601F0DFFC3B
:1030E0002268FF21516208B984F82560002184F824
:1030F000241070BD3FFFFF002DE9F041044690F819
:10310000240090460D46012811D0012784F8247030
:10311000022084F825002168CA20486221685320D3
:103120004862204601F096FC002618B129E00220F2
:10313000BDE8F0812068B8F1000F80694FEA406077
:1031400024D0002800DBEE70A8782978EA7840EADD
:1031500001406978090241EA825108431849084050
:10316000216808602068816921F480218161D5E9A6
:103170000301084321688A6910438861204601F0F1
:103180008EFC2268FF215162A0B115E0002800DB0F
:10319000EE70287801F051FC0304687801F04DFCD2
:1031A00043EA0023A87801F048FC0343E87843EAA7
:1031B0008050D3E784F8257084F82460B8E70000D5
:1031C0007F7F7F0070B504460B482168C860FEF71A
:1031D000DDFE05464FF47A7607E000BFFEF7D6FE27
:1031E000401BB04201D9032070BD2068C068800632
:1031F000F4D5002070BD00005F00010070B50A4DDD
:10320000286B40F001002863FEF7C0FE044606E08C
:10321000FEF7BCFE001B0A2801D9032070BD286BF5
:103220000007F5D5002070BD0000014003490A6B7E
:1032300022F0020202430A637047000000000140CE
:1032400003490A6B22F0300202430A637047000010
:103250000000014010B5401EB0F1807F01D3012075
:1032600010BD4FF0E02460610F21601702F05DF89F
:103270000020A06107202061002010BD704770472A
:103280007047704770477047F0B590F83C20012AAE
:1032900043D0012580F83C50022280F83D2003688D
:1032A0005A689C681E4E1F4FDFF87CC0B34203D0A3
:1032B000BB4201D0634504D122F4700E4A6842EA51
:1032C0000E02DFF868E002EA0E02D1F800E04EEAF2
:1032D000020EC3F804E00268B24212D0B2F1804F8D
:1032E0000FD0134B9A420CD0124B9A4209D0124B7A
:1032F0009A4206D0BA4204D0104B9A4201D062459D
:1033000004D1896824F080031943916080F83D500E
:10331000002180F83C100846F0BD0220F0BD0000FE
:10332000002C014000340140005001408FFFFFFDA0
:103330000004004000080040000C00400040014034
:10334000704710B5040003D094F83D0010B107E0B9
:10335000012010BD002084F83C00204600F022F837
:10336000022084F83D00211D206801F009FC0120A5
:1033700084F8480084F83E0084F83F0084F8400058
:1033800084F8410084F8420084F8430084F8440043
:1033900084F8450084F8460084F8470084F83D002E
:1033A000002010BD08B500680B49884212D10B48B7
:1033B000016E41F400610166006E002200F40060BD
:1033C000009005211920FFF76BF8BDE8084019208F
:1033D000FFF758B808BD0000002C01400010024063
:1033E00070B5044690F83C00002501281CD0012649
:1033F00084F83C60022084F83D0022689068334BDA
:10340000184020F47F4090600868B0F5005F2ED02F
:1034100016DC402849D009DCD0B1102818D020286B
:1034200016D0302849D113E0022070BD50282AD090
:10343000602830D070280FD0B0F5805F3DD13DE0DE
:1034400010F00F0F39D10111A1F58031072934D8BF
:1034500022680146104625E0CB68D1E901212068A9
:1034600001F000FC2068816841F0770109E0CB6839
:10347000D1E90121206801F0F5FB2068816841F461
:10348000804181601AE0CA684968206801F0FEFB4B
:103490005021206806E0CA684968206801F007FCEE
:1034A0006021206801F0E8FB08E0CA6849682068EC
:1034B00001F0ECFB40212068F4E7012584F83D6031
:1034C000002084F83C00284670BD000088FFCEFF35
:1034D00070472DE9F04104460068C66805694FF061
:1034E0000007A90713D5B10711D5F91E0161012005
:1034F0002077206880698007204602D0FFF7E8FF28
:1035000004E000F0B7F8204600F0B5F82777680728
:1035100016D5700714D521686FF0040008610220E9
:1035200020772068806910F4407F204602D0FFF7A2
:10353000CFFF04E000F09EF8204600F09CF82777CB
:10354000280715D5300713D521686FF008000861EA
:10355000042020772068C0698007204602D0FFF74A
:10356000B7FF04E000F086F8204600F084F82777E3
:10357000E80616D5F00614D521686FF01000086132
:10358000082020772068C06910F4407F204602D0D0
:10359000FFF79EFF04E000F06DF8204600F06BF8A6
:1035A0002777E80708D0F00706D021686FF0010000
:1035B0000861204600F060F8280601D4A80408D568
:1035C000300606D521686FF4025008612046FFF7E7
:1035D00056FEE80508D5300606D521686FF48070E0
:1035E00008612046FFF74AFE680608D5700606D532
:1035F00021686FF040000861204600F03EF8A80600
:1036000008D5B00606D521686FF020000861204675
:10361000FFF736FEE80208D5F00206D521686FF400
:10362000801008612046FFF72DFEA80208D5B002E1
:1036300006D521686FF4001008612046FFF721FECF
:10364000680208D5700206D521686FF48000086111
:103650002046FFF718FE28020AD5300208D5216857
:103660006FF4000008612046BDE8F041FFF768BE36
:10367000BDE8F081704770477047704790F884103C
:10368000012918D0012180F884102421C0F8881065
:1036900001680A680B6823F001030B6022F00051F7
:1036A00000224266036819602021C0F8881080F863
:1036B000842010467047022070477047704770B5ED
:1036C000044690F8840001281DD0012084F884006D
:1036D0002420C4F8880020680568026822F00102EE
:1036E00002602068826822F060620A43826020469D
:1036F00001F0F0FA206805602020C4F8880000205E
:1037000084F8840070BD022070BD70B5044690F846
:10371000840001281DD0012084F884002420C4F8EE
:10372000880020680568026822F0010202602068B3
:10373000826822F060420A438260204601F0CAFAA1
:10374000206805602020C4F88800002084F88400E8
:1037500070BD022070BD7047704770472DE9F04181
:1037600003680446D86919689A6840F60F0528422C
:103770004FF000054FF002060AD187067ED501F012
:10378000200702F0805C57EA0C0777D0616F3AE1BE
:10379000B24FDFF8CCC2174001EA0C0C57EA0C0C10
:1037A0006CD05FEAC07C0CD05FEAC15C09D54FF0F9
:1037B000010CC3F820C0D4F8903043F00103C4F8E2
:1037C0009030830709D5D30707D023681E62D4F849
:1037D000903043F00403C4F8903043070AD5D30770
:1037E00008D0266804233362D4F8903043F00203F3
:1037F000C4F8903003070CD501F020033B4308D0F8
:10380000266808233362D4F8903043F00803C4F8E4
:10381000903003050BD54B0109D526684FF40063A2
:103820003362D4F8903043F02003C4F89030D4F8D9
:103830009030002B3DD0800609D501F0200002F029
:103840008051084303D0616F09B120468847D4F8FE
:10385000900021688968490602D410F0280F2AD008
:10386000204601F06BFB2068806840061ED520686A
:10387000083050E8001F21F0400100E021E040E85E
:103880000012002AF3D1D4F8800078B17549816321
:10389000D4F88000FEF70DF900280AD0D4F8800093
:1038A000816B00E02046BDE8F04108472046FFF765
:1038B00054FFBDE8F0812046FFF74FFFC4F8905059
:1038C000F7E7D4F86CC02027BCF1010F7ED15FEA86
:1038D000C06C7BD55FEAC16C78D510201862206877
:1038E0008068400645D5D4F8801008684068000418
:1038F000000CDED0B4F85C208242DAD9A4F85E0075
:103900000868006880062CD4216851E8000F20F474
:10391000807041E80002002AF6D12068083050E8A3
:10392000001F21F0010140E80012002AF5D12068B3
:10393000083050E8001F21F0400140E80012002A42
:10394000F5D1C4F88C70E566206850E8001F21F0BE
:10395000100140E80012002AF6D1D4F88000FEF7EA
:1039600073F82667B4F85C00B4F85E10401A81B2B0
:1039700030E0B4F85C00B4F85E10401A81B2B4F8DC
:103980005E00002895D0002993D0226852E8000FED
:1039900020F4907042E80003002BF6D12F4BDB435C
:1039A0002068083050E8002F1A4040E8002CBCF195
:1039B000000FF5D1C4F88C70E5666567226852E89F
:1039C000000F20F0100042E8000300E006E0002BAA
:1039D000F4D126672046FFF770FE6AE7C60209D5D4
:1039E000560207D54FF4801018622046BDE8F0411A
:1039F000FFF7B2BE03060AD501F0800302F400020D
:103A0000134304D0A16F00297FF44CAF51E7420665
:103A100011D54A060FD52046026852E8001F21F052
:103A2000400142E80013002BF6D1C0F8887085678A
:103A300000F0FAF83DE7020206D54A0004D5204618
:103A4000BDE8F041FFF787BEC001C6D50029C4DA42
:103A50002046BDE8F041FFF731BE00000100001034
:103A6000200100048D4E000810B5040003D0D4F8E6
:103A7000880010B107E0012010BD002084F8840008
:103A8000204600F027F82420C4F888002068016848
:103A900021F001010160A06A10B1204601F03CF95B
:103AA000204601F08DFA0128E6D02068416821F413
:103AB000904141602068816821F02A01816020687E
:103AC000016841F0010101602046BDE8104001F0AD
:103AD00087B9000070B59CB00646142115A8FCF704
:103AE00053FD54216846FCF74FFD27493068884252
:103AF00048D101200025CDE900056846FEF768FDA4
:103B000008B1FDF7A4F82149086E40F4804008662A
:103B1000086E00F480401A90C86C40F00100C86440
:103B2000C86C15A900F001001A904FF4F0501590E0
:103B30000220CDE916050720CDE918504FF090403E
:103B4000FEF7F6F8134C1248206019206060102030
:103B5000C4E902058020C4E904052020C4E9065018
:103B6000C00120622046FEF73DF808B1FDF76FF86E
:103B7000F467002211462520A662FEF791FC25205D
:103B8000FEF780FC1CB070BD003801400010024000
:103B900008000240A84A012070B50446D0F8880009
:103BA000202801D0022070BD39B332B32165A4F8BA
:103BB0005420A4F856200021C4F890102120C4F805
:103BC0008800E06FD8B1154BC362E36F14481863E7
:103BD000E36F14485863E06F134681632068E56F14
:103BE00000F128022846216DFEF75CF838B110205C
:103BF000C4F890002020C4F88800012070BD21681E
:103C0000402008622068083050E8001F41F0800121
:103C100040E80012002AF5D1002070BDF14E0008E6
:103C2000334F0008A14E000870477047FF2101483C
:103C3000FEF7F3B9B442012006210148FEF7EDB9C1
:103C4000B442012010B500210348FEF7E6F9BDE8B3
:103C50001040FCF775BE0000B442012010B50121F0
:103C60000448FEF7DAF901F041FBBDE81040FCF72B
:103C7000A5BF0000B442012002210148FEF7CDB9E2
:103C8000B4420120072930D2DFE801F00A10161CE7
:103C9000222804000068D0F8841341F0010122E0DA
:103CA0000068D0F8841341F002011CE00068D0F8ED
:103CB000841341F0040116E00068D0F8841341F049
:103CC000080110E00068D0F8841341F010010AE008
:103CD0000068D0F8841341F0200104E00068D0F8B7
:103CE000841341F04001C0F88413704770B5064654
:103CF0000068D0F88853D0F89043E90707D0E1076F
:103D000005D00121C0F88C133046FEF780F9A807D2
:103D100008D5A00706D531680220C1F88C033046CB
:103D2000FEF776F9680708D5600706D531680420E4
:103D3000C1F88C033046FEF76CF9280708D5200738
:103D400006D531680820C1F88C033046FEF762F9C9
:103D5000E80608D5E00606D531681020C1F88C03C6
:103D60003046FEF758F9680608D5600606D5316872
:103D70004020C1F88C033046FEF74EF9A80608D55E
:103D8000A00606D531682020C1F88C033046FEF726
:103D900015FA70BD70B503681A68D3F8A0534C6962
:103DA00022F020022646144324F0C002202E2BD0FD
:103DB0008C69022C28D0032C2BD0042C2ED022F07E
:103DC000E00200BF22F40064CA69224322F4806446
:103DD0000A6A224322F0C0644A6A224322F0006445
:103DE0008A6A2243CC6A22F0404242EA840222F0EC
:103DF00000544A6B096B224325F4803421431A6036
:103E00000068C0F8A01370BD22F0C00242F020028A
:103E1000D8E722F0800242F04002D3E722F04002CD
:103E200042F08002CEE72DE9F04704460068D0F862
:103E30008883D0F890734668C5685FEAC8314FF050
:103E400001090DD5F9030BD54FF48031C0F88C135F
:103E500084F8DD90002084F8DC002046FEF7A4F80A
:103E60005FEA883009D5B80307D521684FF40030E0
:103E7000C1F88C032046FEF78FF8F00708D0E8075A
:103E800006D02168C1F8089006212046FEF787F881
:103E9000B00708D5A80706D521680220886006214A
:103EA0002046FEF77DF8700708D5680706D521681B
:103EB0000420886006212046FEF773F8300708D5F5
:103EC000280706D521680820886006212046FEF7CD
:103ED00069F8F00608D5E80606D521681020886044
:103EE00006212046FEF768F9B00607D5A80605D5D5
:103EF0002168202088602046FEF75FF9700608D50B
:103F0000680606D521684020886006212046FEF715
:103F100052F9BDE8F0872DE9F04107468846006870
:103F2000842202EBC81146588C2202EBC811455876
:103F30004FF08802F30702EBC81407D0E90705D059
:103F40000121015141463846FEF729F8B00708D54E
:103F5000A80706D539680220085141463846FEF7C1
:103F60001FF8700708D5680706D53968042008517E
:103F700041463846FEF715F8300708D5280706D51C
:103F800039680820085141463846FEF70BF8F0061C
:103F900008D5E80606D5396810200851414638464C
:103FA000FEF70AF9700608D5680606D5396840207C
:103FB000085141463846FEF7FEF8300608D5280677
:103FC00006D539688020085141463846FDF7E5FF9F
:103FD000F00509D5E80507D539684FF48070085118
:103FE00041463846FDF7DAFFB00509D5A80507D5E3
:103FF00039684FF40070085141463846FEF7B7F86B
:10400000700509D5680507D539684FF480600851F7
:1040100041463846FEF7AAF8300509D5280507D5E8
:1040200039684FF40060085141463846FEF7A1F860
:10403000F00409D5E80407D539684FF480500851D9
:1040400041463846FEF794F8B00409D5A80407D5D0
:1040500039684FF40050085141463846FDF7A3FF38
:10406000700409D5680407D539684FF480400851B9
:1040700041463846FDF7CAFFBDE8F0812DE9F04F13
:104080008024036804EBC117DC5924F07044DC5130
:104090000568EC59E82303EBC1139E4655F803C0AD
:1040A000E42303EBC1139B4655F803A0D5F8A033D6
:1040B000566924F020043443202E24D09669022E21
:1040C00021D0032E24D0042E27D024F4D07400BF96
:1040D00024F40066D469344324F48066146A3443BB
:1040E00024F0C066546A344324F00066946A344372
:1040F00024F07046D46A3443566B24F40034B6F18D
:10410000005F0FD010E024F4C07444F02004DFE717
:1041100024F4807444F08004DAE724F0800444F44A
:104120008074D5E744F4003424F04008946B2CF0FC
:104130003F0C264644EA080424F48028946D44EA9F
:104140000804DFF8D08004EA0804D2F8508048EA76
:10415000040992F83C40D2F8408004F03F0444EA5D
:104160000C0424F0004448EA0408546C2AF4807CCF
:1041700044EA0C04D2F848C0BCF5606F02D0BCF52C
:10418000F05F01D1402E03D124F4F0544CEA040432
:1041900024F48046D46C3443566D062927D2DFE8D8
:1041A00001F003090F151B21126B23F4003343EABE
:1041B00042031CE0126B23F4802343EA820316E0DF
:1041C000126B23F4002343EAC20310E0126B23F4C2
:1041D000801343EA02130AE0126B23F4001343EA4C
:1041E000421304E0126B23F4800343EA821345F880
:1041F0000790056845F80E80056845F80B40D42403
:10420000026804EBC11156500068C0F8A033BDE845
:10421000F08F0000FFFF06FEFEE700EB8100006E5E
:1042200000F0F84070478068C0F3C00070478068B5
:10423000C0F3800070478068C0F380007047C0689A
:1042400010F4406F01D00020704701207047042314
:1042500003EAD15310B518444369C1F3045107244C
:104260008C40A3438A401343436110BD00EB81009F
:10427000016E21F0004111430166704730B58BB0EB
:10428000002408940994202168460A94FCF77CF9DC
:1042900022484FF0A041042501604FF44031C0E9AD
:1042A000011485610121C460C0E9044104774477A9
:1042B0000222026280F82440C462046380F838104D
:1042C000C46380F84040FCF7F7FF08B172B6FEE720
:1042D00008A912480894FCF7BDFC08B172B6FEE7C5
:1042E0000F4800900620CDE901047F200594CDE918
:1042F000030569460948FCF75DFD08B172B6FEE7A3
:10430000084800900C20019069460448FCF752FDD3
:10431000002801D072B6FEE70BB030BD744001201A
:104320000800900C1000C01030B589B020216846FC
:10433000FCF72AF925482449002401604FF4403154
:10434000C0E90114042585610121C460C0E904416C
:10435000047744770322026280F82440C462046335
:1043600080F83810C46380F84040FCF7A5FF08B11E
:1043700072B6FEE7164800900620CDE901047F20C2
:104380000594CDE9030569461048FCF713FD08B113
:1043900072B6FEE70F4800900C20019069460B486A
:1043A000FCF708FD08B172B6FEE70B48009012203A
:1043B000019069460548FCF7FDFC002801D072B663
:1043C000FEE709B030BD000000010050E0400120D0
:1043D00002003004040060080040C03A30B58BB0E1
:1043E000002408940994202168460A94FCF7CCF82C
:1043F0001D481C49042501604FF44031C0E90114F7
:10440000C4600461C0E90545047744770121016275
:1044100080F82440C462046380F83810C46380F8D4
:104420004040FCF749FF08B172B6FEE708A90E4804
:104430000894FCF70FFC08B172B6FEE70B48009039
:104440000620CDE901047F200594CDE903056946E6
:104450000548FCF7AFFC002801D072B6FEE70BB0B0
:1044600030BD0000000400504C4101202000F01439
:1044700030B589B020216846FCF786F819481849FC
:10448000002401604FF44031C0E90114C4600425E8
:104490000461C0E90545047744770121016280F891
:1044A0002440C462046380F83810C46380F840403C
:1044B000FCF702FF08B172B6FEE70B480090062039
:1044C000CDE901047F200594CDE90305694605483F
:1044D000FCF770FC002801D072B6FEE709B030BDD1
:1044E00000050050B84101200800900C30B589B09B
:1044F00020216846FCF748F8194818490024016053
:10450000C901C0E90114C46004250461C0E905457E
:10451000047744770121016280F82440C462046377
:1045200080F83810C46380F84040FCF7C5FE08B13D
:1045300072B6FEE70B4800900620CDE901047F200B
:104540000594CDE9030569460548FCF733FC0028CE
:1045500001D072B6FEE709B030BD00000006005081
:104560002442012002003004214808B5816C41F04A
:1045700004018164816C01F004010091816C41F0BF
:1045800001018164806C002200F00100009011465E
:104590000B20FDF785FF0B20FDF774FF002211466D
:1045A0000C20FDF77DFF0C20FDF76CFF002211466B
:1045B0000D20FDF775FF0D20FDF764FF0022114669
:1045C0000E20FDF76DFF0E20FDF75CFF0022114667
:1045D0000F20FDF765FF0F20FDF754FF0022114665
:1045E0001020FDF75DFFBDE808401020FDF74ABF31
:1045F000001002402DE9F04F87B014216846FBF708
:10460000C3FF4A48C16C41F00401C164C16C01F0B0
:1046100004010591C16C41F02001C164C16C01F03D
:1046200020010591C16C41F00101C164C16C01F030
:1046300001010591C16C41F00201C164C16C01F03E
:1046400002010591C16C41F00801C164C06CDFF842
:10465000E0A000F008000590002243F6FF715046EC
:10466000FDF78FFC48F2F0074FF0904900223946E1
:104670004846FDF786FCDFF8BCB04CF2FF6800222C
:1046800041465846FDF77DFC002204212A48FDF7EB
:1046900078FC4FF40050009001250024CDE901542E
:1046A000694650460394FDF743FB41F6FF7003262D
:1046B000CDE90005CDE9024669465046FDF738FBD5
:1046C00000970396CDE9015469464846FDF730FB53
:1046D000CDF800800396CDE9015469465846FDF7B0
:1046E00027FB0420CDE90005CDE9024669461248C2
:1046F000FDF71EFB1148416841F48031416041687B
:1047000041F400314160416841F400214160601E84
:10471000C9F80800074908310860054908310860F0
:1047200005490831086007B0BDE8F08F001002406D
:104730000008004800040048000C00480000014048
:1047400010B5A4B00024189419941A9460216846F6
:104750001B94FBF719FF1C211CA8FBF715FF5C48F5
:104760005A4901602021C0E90114FDF761FC08B13C
:1047700072B6FEE70C215648FDF717FC08B172B679
:10478000FEE70A215248FDF7F5FC08B172B6FEE7D4
:104790006020CDE918040820CDE91A4018AA0621A6
:1047A0004B48FDF70CFD08B172B6FEE7009401948A
:1047B00001200294CDE903400894059406940794DF
:1047C0000D9409940A940B940C946A46062140486F
:1047D0001794FDF773FD08B172B6FEE740F6D550A9
:1047E000189007201A9018AA00213948FDF7E7FC15
:1047F00008B172B6FEE71C941CAA0021344822942A
:10480000FDF7A4FD08B172B6FEE71020CDE9000463
:10481000C0050A908000CDE90D040F941094119406
:104820001294149415946A46002129481694FDF7B1
:1048300045FD08B172B6FEE76A4601212448FDF73E
:104840003DFD08B172B6FEE76A4602212048FDF739
:1048500035FD08B172B6FEE74FF6FD70189018AA44
:1048600001211B48FDF7ABFC08B172B6FEE71CAA9C
:1048700001211748FDF76AFD08B172B6FEE718AAD4
:1048800002211348FDF79BFC08B172B6FEE71CAA93
:1048900002210F48FDF75AFD08B172B6FEE74FF44A
:1048A00080310B48FDF7C8FC4FF400310848FDF794
:1048B000C3FC4FF480210648FDF7BEFC4FF40021F5
:1048C0000348FDF7B9FC24B010BD000000680140AA
:1048D000B442012010B586B014216846FBF754FE9F
:1048E000204800241E490594C0E900147F218160FE
:1048F000FF21C0E903144FF080414461C0E9064143
:104900000462FEF72FFB08B172B6FEE718208DF89F
:10491000000056208DF801008DF8024001940394A8
:10492000012269460F480494FEF7E6FB08B172B60F
:10493000FEE703208DF8140002208DF815002620D4
:104940008DF8160025208DF81700012205A90548CD
:10495000FEF782FB002801D072B6FEE706B010BD5C
:1049600000280040B043012010B588B0002417484B
:1049700005940694039404940094019412490294BB
:10498000C0E900148460C460046144618461FEF77E
:10499000D8FC08B172B6FEE74FF48050039003A92B
:1049A0000A48FEF71DFD08B172B6FEE700940194B7
:1049B000694606480294FEF767FC002801D072B6EB
:1049C000FEE708B010BD0000002C0140D8430120D4
:1049D000174810B5154901604FF4E13141600021DD
:1049E00081600C22C160C0E904129201C0E9062175
:1049F000016241628162FFF737F808B172B6FEE7E3
:104A000000210B48FEF781FE08B172B6FEE70021D7
:104A10000748FEF754FE08B172B6FEE70448FEF7F9
:104A20002DFE002801D072B6FEE710BD003801400F
:104A300024440120FEE7FEE770470022014602E021
:104A40000A39C9B2521C0A29FAD2100741EA106089
:104A5000704700002DE9F041044600680025C16858
:104A6000490619D4C16841F08001C160FDF78EFA92
:104A700006464FF47A78032708E000BFFDF786FA70
:104A8000801B404502D9032584F825702068C06842
:104A9000400601D4032DF1D12846BDE8F08170B560
:104AA000044600680025C16821F08001C1602068CB
:104AB00081694FF00306890607D42046FEF782FB82
:104AC00098B184F8256003250FE0816921F0200169
:104AD00081612046FEF776FB10B184F8256003253E
:104AE0002068816941F020018161284670BD7047CE
:104AF000FDF76EBC00B593B038216846FBF744FD66
:104B000014210EA8FBF740FD0020FDF7FBFC0A2056
:104B100000904FF480700390402004900120059095
:104B200002200421CDE908015521CDE90A100790A2
:104B30000C900D906846FEF713F808B172B6FEE7C8
:104B40000F200E9003200F900020109011901290D3
:104B500004210EA8FDF7BCFE002801D072B6FEE7C6
:104B600013B000BD0248016841F470010160704754
:104B700088ED00E00148FEF7ACBC0000D8430120FE
:104B80002DE9F04F02682E4B2E4E2F4FDFF8BCC0A0
:104B90002F4C304D4FF0804B98420BD0584509D0E8
:104BA000B04207D0B84205D0604503D0A04201D042
:104BB000A84204D122F070084A6842EA0802DFF8ED
:104BC0009880DFF89890DFF898A0984211D0584567
:104BD0000FD0B0420DD0B8420BD0604509D0A042F2
:104BE00007D0404505D0484503D0504501D0A842E4
:104BF00003D122F44076CA6832434E6922F0800223
:104C0000324302608A68C2620A688262984209D0AE
:104C1000A04207D0404505D0484503D0504501D0BB
:104C2000A84201D109690163012141610169C907F4
:104C300003D0016921F001010161BDE8F08F00009E
:104C4000002C01400004004000080040000C00401F
:104C50000034014000500140004001400044014048
:104C60000048014010B5846842EA032224F47F44DE
:104C70000A432243826010BD8268034B1A400A43F4
:104C800042F00701816070478FFFCFFF10B5036AC4
:104C9000046A24F001040462846924F0F00444EA04
:104CA000021423F00A020A438461026210BD10B5A7
:104CB000036A046A24F010040462846923F0A003E8
:104CC00024F4704444EA023243EA01118261016231
:104CD00010BD000030B5416EB9B1026891689268AC
:104CE000C1F342610B4B520F9C5CE50003F10804D9
:104CF000A25CB5FBF2F2A0F86A205A5C615CD200BB
:104D0000B2FBF1F1A0F8681030BD0121A0F86A10E3
:104D1000F8E70000E89D010890F82810090706D57B
:104D200001684A68836B22F400421A434A6090F893
:104D30002810C90706D001684A68C36A22F4003205
:104D40001A434A6090F82810890706D501684A6816
:104D5000036B22F480321A434A6090F82810490706
:104D600006D501684A68436B22F480221A434A60E0
:104D700090F82810C90606D501688A68C36B22F42A
:104D800080521A438A6090F82810890606D5016877
:104D90008A68036C22F400521A438A6090F8281043
:104DA000490611D501684A68436C22F480121A43FF
:104DB0004A60416CB1F5801F06D101684A68836C76
:104DC00022F4C0021A434A6090F82810090606D55A
:104DD00001684A68C06C22F4002202434A607047AE
:104DE0002DE9F84300260446C0F89060FDF7CEF8A0
:104DF0008046206800684FF0200500076FF07E476E
:104E000013D54346002229042046009700F024FAD7
:104E100058B1216851E8000F20F0800041E80002FD
:104E2000002AF6D1C4F8885021E0206800684007C5
:104E300022D5434600224FF480012046009700F01F
:104E40000BFAC8B1216851E8000F20F4907041E8D6
:104E50000002002AF6D12068083050E8001F21F037
:104E6000010140E80012002AF5D1C4F88C5084F802
:104E700084600320BDE8F883C4F88850C4F88C50DF
:104E800044F86C6F666026760020F3E710B5806A00
:104E90000021A0F85E10A0F85610FEF75EFC10BDD1
:104EA00070B5846AD4F88800D4F88C502168896879
:104EB0004FF00006090606D5212804D1A4F8566053
:104EC000204600F065F820688068400606D5222D4F
:104ED00004D1A4F85E60204600F030F8D4F89000C9
:104EE00040F01000C4F890002046FEF736FC70BD7C
:104EF00010B50146806A09680968890616D4002140
:104F0000A0F856100168083151E8002F22F0800205
:104F100041E80023002BF5D1026852E8001F41F060
:104F2000400142E80013002BF6D110BDFEF77CFED5
:104F300010BD10B5806AFEF778FE10BD10B502688E
:104F400052E8001F21F4907142E80013002BF6D1C3
:104F50000E4B0268083252E8001F194042E8001464
:104F6000002CF6D1C16E012908D1016851E8002F4B
:104F700022F0100241E80023002BF6D12021C0F8D6
:104F80008C100021C166416710BD0000FEFFFFEFDD
:104F9000026852E8001F21F0C00142E80013002B14
:104FA000F6D10168083151E8002F22F4000241E8EF
:104FB0000023002BF5D12021C0F888107047000095
:104FC0002DE9F0410446016880682269E3691043D5
:104FD000626900251A431043DFF84CC20A68934BFC
:104FE0001A4002430A6020684168E26821F4405197
:104FF000114341602168A069614501D0226A1043D4
:105000008A688B4B1A4002438A602068C16A626AD0
:1050100021F00F011143C1628649236886488B4203
:105020000DD1D0F8880010F0030006D0012867D019
:10503000022854D0032851D164E001204FE07F4979
:105040008B420BD1D0F8880010F00C0047D0042818
:1050500045D0082852D00C2840D153E078498B42E3
:105060000BD1D0F8880010F0300038D0102847D08D
:10507000202843D0302831D144E072498B420BD1F3
:10508000D0F8880010F0C00029D0402838D08028FF
:1050900034D0C02822D135E06B498B420ED1D0F8F4
:1050A000880010F440701AD0B0F5807F28D0B0F599
:1050B000007F23D0B0F5407F10D123E063450DD1B0
:1050C000D0F8880010F4406009D0B0F5806F17D098
:1050D000B0F5006F12D0B0F5406F13D010205B4ACE
:1050E0005B4F00264FF40041634539D160B102287F
:1050F0000DD004280DD0082831D10EE00220EEE7B3
:105100000420ECE70820EAE7FDF7D0FC03E01146B5
:1051100003E0FDF7EFFC01007BD0606A37F8102058
:105120006768B1FBF2F007EB4703834269D8B0EB45
:10513000073F66D8002308461946FBF737F90902EE
:1051400041EA106102027808101871413A460023C2
:10515000FBF72CF93F4AA0F54071914257D950E036
:10516000E3694FF6EF788B422BD1092849D2DFE86B
:1051700000F005080D48254848480E00FDF796FC4C
:1051800001E0FDF7A5FC010001D142E01146606A93
:1051900037F81000B1FBF0F04100606801EB5001FE
:1051A000B1FBF0F1A1F1100040452AD84FF6F072A2
:1051B00001EA0200C1F34201084328E0FDF79AFC2E
:1051C000E1E709281DD2DFE800F005080D1C1E1CD0
:1051D0001C1C0E00FDF76AFC01E0FDF779FC0100E4
:1051E00001D116E01146606A37F81000B1FBF0F10A
:1051F000606801EB5001B1FBF0F0A0F110014145F6
:1052000004D9012505E0FDF775FCE8E780B22168C7
:10521000C8600120A4F86A0024F8680F2846E660F8
:105220002661BDE8F081000000800040F369FFCFF7
:10523000FFF4FF110038014000100240004400401C
:1052400000480040004C0040005000400024F400A2
:10525000D09D0108FFFC0F002DE9F0479946174645
:105260000D4604464FF00008089E33E0701C31D014
:10527000FCF78CFEA0EB0900B04218D8BEB1206844
:105280000168490726D5802D24D0402D22D0C16940
:10529000C94309070DD4082505622046FFF74EFED5
:1052A000C4F8905084F884800120BDE8F087032082
:1052B000FBE7C069C04300050CD421684FF40060CF
:1052C00008622046FFF73AFE2020C4F8900084F8D8
:1052D0008480ECE72068C06935EA000004D0002033
:1052E000B842C3D00020E0E70120F9E710B540F252
:1052F000022207490748FCF733FB054940F2062222
:10530000C1F80202BDE810400348FEF745BC0000AA
:10531000B844012090420120244401200148FEF7B6
:105320001DBA000024440120FEE70907090E0028E9
:1053300004DB00F1E02080F80014704700F00F005B
:1053400000F1E02080F8141D704710B52DED028BA0
:10535000B1EEC08A18EE100A20F00040C0F1FF4004
:10536000C00F0AD010EE100A20F00040C0F1FF403C
:10537000C00F04BF0120FBF788F9B0EE480ABDEC6E
:10538000028B10BDF0B5002318E000BF02EB43050F
:1053900032F813406D88A408AD0850F8246050F826
:1053A000257040F8247040F8256000EB840400EB81
:1053B000850566686F6867609B1C6E608B42E5D3ED
:1053C000F0BD2DE9F0410588984617460C46064683
:1053D000012A0CD1201D002107E090ED000AB1EE5A
:1053E000400A80ED000A0830491CA942F5D3B5F502
:1053F000807F1BD008DC102D13D0202D16D0402D1F
:1054000019D0802D1DD10CE0B5F5007F13D0B5F576
:10541000806F06D0B5F5006F08D0B5F5805F10D16C
:1054200009E02146304600F0ABF80AE0214630465C
:1054300000F06AF905E0294601232046726800F071
:1054400079FBB8F1000F04D0B1892046B268FFF7AC
:1054500099FF012F19D100EE105AB7EE001A002063
:10546000F8EE400A81EE200A0DE0D4ED000A401C5F
:1054700060EE800AC4ED000AD4ED010A60EEC00AB5
:10548000C4ED010A0834A842EFD3BDE8F081000062
:105490004FF480610180054900228B8983818B68EC
:1054A000836049684160104670470000B09D010864
:1054B00080210180044900228B8983818B6883606D
:1054C0004968416010467047809D010810210180A5
:1054D000044900228B8983818B688360496841601D
:1054E00010467047509D01084FF400610180054946
:1054F00000228B8983818B688360496841601046F4
:1055000070470000C09D01084FF48071018005497B
:1055100000228B8983818B688360496841601046D3
:1055200070470000909D010820210180044900225D
:105530008B8983818B68836049684160104670471E
:10554000609D01084FF400710180054900228B899C
:1055500083818B6883604968416010467047000012
:10556000A09D010840210180044900228B8983818C
:105570008B6883604968416010467047709D0108E0
:105580002DE9F04105462DED028B8C4602886E68B0
:1055900001EB82005408804601EB840200EB840397
:1055A000A7087CD091ED003AD0ED002A91ED015A88
:1055B00090ED014A33EE228AD1ED027A91ED031A81
:1055C00090ED022AD0ED033A92ED007AD2ED016A15
:1055D000D2ED021AD2ED034AD3ED000A93ED010A8F
:1055E000D3ED025A93ED036A81ED008A35EE048A09
:1055F00033EE623A75EE442A81ED018A37EE828AF3
:1056000031EE635A37EEC24A81ED028A31EE238AC7
:1056100037EE201A30EEC72A81ED038A82ED001A98
:1056200036EE801A76EE643A82ED011A31EEA51A52
:1056300075EEE11A82ED021A34EE861A82ED031A33
:1056400030EE661A96ED000AD6ED010A63EE004AC6
:1056500062EEA05A62EE802A23EE203A74EEA54A4A
:1056600072EEC32AC0ED004A22EE203AC0ED012AB4
:1056700061EE002A61EE200A22EE000A33EE621A81
:1056800030EE800A83ED001A83ED010A96ED020ADE
:10569000D6ED030A24EE002A25EE201A00E023E0CE
:1056A00065EE002A24EE203A32EE011A23EE802A1B
:1056B00021EE800A80ED021A32EEC31A1031103248
:1056C00080ED031A21EEA01A63EEA00A1030103606
:1056D00031EE421A30EE800A83ED021A83ED030A9E
:1056E00010337F1E7FF45EAF2146022360466A6856
:1056F00000F020FA6A682146BDEC028B4046BDE806
:10570000F041022300F016BA2DE9F34F2DED048B82
:1057100087B00B9800884FEA500801EB880000EB37
:10572000880303EB8804CDE90043DDF82CC0221F79
:1057300002EB8807CDE902014FEA5808DCF804A023
:10574000CDF810804FF00408CDF818804FF006080F
:10575000CDF81480D1ED000A93ED000AD0ED013AA6
:1057600094ED013A30EE802A70EEC01AD1ED010AB4
:1057700093ED010A061F1D1F70EE802A30EEC01A3D
:1057800033EEA10AD4ED000A71EEE31A0AF1080B18
:1057900070EE435A90ED000A71EE831A0AF1100977
:1057A00031EE404A72EE404A30EE011A30EE020A03
:1057B00034EE204A34EEE05A31EE601A30EE200A20
:1057C00072EEE34A0AF1180A81ED000A90ED010A2F
:1057D000D4ED010A74EEC34A30EE220A30EE200AFC
:1057E00081ED010AC0ED005A80ED014A83ED005AB7
:1057F000C3ED014AC4ED001A84ED011ADDF81080F2
:105800000830A8F10208083108334FEA580C083470
:10581000D1ED000A93ED000A5FEA0C0E70EE804AAB
:1058200070EEC01AD1ED010A93ED010A7ED090ED21
:10583000015A30EE802A30EEC01A35EE210AD4ED3E
:10584000013AD0ED000A71EEC51A70EE635A71EE9E
:10585000602A94ED000A30EE811A71EEA31A32EE3E
:10586000804A74EEE02A70EEA40A31EE401A32EE5D
:10587000C03A30EE800A72EE452A81ED000A90EDC2
:10588000010AD4ED010A72EEE32A30EE020A30EE8C
:10589000200A81ED010A56ED010A12ED010A15ED0B
:1058A000015A57ED017A70EE808A30EEC02AD6EDAB
:1058B000000A92ED000A95ED007A30EE808A30EE13
:1058C000C00AD7ED000A70EE453A37EE609A73EEE3
:1058D000A76A78EEC53A37EEC55A39EE026A39EE54
:1058E000422A73EEE74A35EE405A37EE080A78EE60
:1058F000473A30EE200A73EEE03A86ED000A15EDE5
:10590000010A57ED010A30EE280A30EE200A06EDB2
:10591000010A9BED000ADBED010A0BF1080B25EEF5
:10592000807A64EE207A24EE008A00E074E025EEAE
:10593000A04A77EE275A0831083EC0ED005A38EEEB
:10594000444A66EEA05A66EE200A80ED014A26EE31
:10595000004A26EE800A0830AEF1010C35EEC44A4A
:1059600030EE800A85ED004A05ED010AD9ED000A06
:1059700099ED010ADDF8188023EE204A62EE805A84
:1059800062EEA02A23EE003A09EB880934EE254A9C
:10599000083D72EEC32A83ED004A23EEE03AC3EDE0
:1059A000012A64EE802A64EEA00A23EE800A0833FE
:1059B00073EE622A30EE600AC2ED002A02ED010A9F
:1059C000DAED000A9AED010ADDF8148021EEA03A22
:1059D00061EE002A61EE203A21EE801A083A73EE59
:1059E000221A0AEB880A33EEC11AC4ED001A62EEDD
:1059F000201A84ED011A25EE001A22EE000A65EE47
:105A0000200A083431EE611A30EE200A87ED001AC0
:105A100007ED010A083FFBE630EE805A90ED011ACF
:105A200070EEC05A94ED012A31EE210AD0ED000A41
:105A300035EE414A31EEC11A70EE422A94ED000A69
:105A400035EEE03A74EEE03A70EEA51A70EEA40A74
:105A500033EE003A73EEC03A71EEC01A30EE800AAF
:105A600034EE424A31EE021A81ED000A90ED010A4D
:105A7000D4ED010A30EE050A30EE200A81ED010A6C
:105A80009BEC020A62EE804A23EE202A23EE000AF3
:105A900062EEA00A34EE822A30EE600A80ED002A1F
:105AA00080ED010AD9ED000A99ED010A23EEA02A42
:105AB00064EE002A64EE200A23EE800A32EE222AE7
:105AC00030EEC00A83ED002A83ED010A04239AEC2C
:105AD000020A21EE002A61EEA02A21EE800A61EE80
:105AE000200A32EE221A30EE600A84ED001A84EDAC
:105AF000010A0B984268DDE9030100F01BF80B98DE
:105B0000042304994268029800F014F80B980423C7
:105B100004994268019800F00DF80B980499042349
:105B20004268009807B0BDEC048B02B0BDE8F04FAE
:105B3000AFF300802DE9FF4F2DED108B84B09FED6A
:105B4000FE0A15990291C90800235E18771807EB21
:105B5000010E0EEB010404EB010C0CEB010808EB49
:105B6000010900EBC305CDF8009000EBC40495EDEE
:105B7000001AD4ED000A00EBC60B00EBCC0671EE68
:105B8000201A31EE604A9BED001AD6ED000A00EBB8
:105B9000C70A00EBC80831EE202A71EE604ADDF832
:105BA0000090DAED000A98ED001A00EBCE0700EB4A
:105BB000C90CD7ED003ADCED002A30EE813A30EE28
:105BC000C11A73EEA20A33EEE25A71EEC32A31EE25
:105BD000833A72EE601A72EE200A33EE202A73EED8
:105BE000600A85ED002AC4ED000A95ED013AD4ED76
:105BF000010ADBED013ADAED015A33EE202A33EEE9
:105C0000603AD6ED010AD7ED017A73EEA06A73EE21
:105C1000E00AD8ED013A35EEA37A75EEE33ADCED11
:105C2000015A37EEA56A77EEE55A72EE477A32EE00
:105C3000077A36EEC62A36EE866A77EE066A37EEC1
:105C4000466AC5ED016A84ED016A32EE826A32EE7F
:105C5000C22A8AED006A88ED002A37EEE12A77EE43
:105C6000A11A8AED012AC8ED011A74EEC51A21EEB7
:105C7000802A74EE851A74EE424A61EE802A70EE34
:105C8000E51A70EEA50A34EE022A61EE801A20EEC3
:105C9000805A71EE620A31EE221A73EE612A73EEB7
:105CA000211A33EEC53A73EE853A32EE234A32EECC
:105CB000632A8BED004A8CED002A34EE832A86EDB0
:105CC000002A34EEC32A87ED002A31EEC12A31EED4
:105CD000811A8BED012A8CED011A32EEE01A72EE78
:105CE000A00A86ED011AC7ED010A029C2344159C07
:105CF000A342FFF42AAF08297ED300230193012396
:105D00000093179C019B234401939E004FEA430C90
:105D1000F5180CEB0307EC182344DDF8048002EBC4
:105D2000C30302EBC80802EBCC0C02EBC70702EB83
:105D3000C60602EBC50502EBC40493ED009A93ED91
:105D400001AAD8ED00DA9CED00DAD7ED00CA96ED95
:105D500000CAD5ED00BA94ED00BAD8ED018A9CEDE9
:105D6000018AD7ED01AAD6ED017A95ED017AD4ED3D
:105D7000016A009B5D186E1806EB010CCDF80CC093
:105D80008C440CEB010700EBC30400EBCC0A94ED50
:105D9000001ADAED000A00EBC50E00EBC70B9EED12
:105DA000002ADBED001A71EE203A07EB010831EE14
:105DB000601A72EE210A00EBC60500EBC80772EE0E
:105DC000611AD5ED002A97ED002ADDF80CC008EB2A
:105DD000010972EE824A00EBCC0600EBC90832EEF4
:105DE000C22A96ED003AD8ED002A33EE224A73EE2D
:105DF000622A33EEE43A00E0F9E070EEC45A73EE42
:105E0000A43A70EE840A33EEA04A33EEE0EA84ED61
:105E1000004AD4ED013ADAED010A9EED014AD5EDD2
:105E2000014A33EEA0FA73EEE03ADBED010AD6ED5B
:105E300001EA98ED015A74EE209A34EE604AD7EDEB
:105E4000010A34EEA06A74EEE04A7EEE850A3EEE68
:105E5000C55A7FEE46EA3FEE066A39EEE0FA79EE81
:105E6000A09A73EE0F0A33EE4F3A36EE29FA76EE29
:105E7000699A3EEEE56A84ED01FA7EEEA55A6CEE73
:105E80000EEA27EEA9FA6CEE299A27EE8EEA7EEE4C
:105E90008FEA79EECE9ACAED00EA28EE06EACAED5C
:105EA000019A6DEE209A2DEE066A68EE200A79EED0
:105EB0008E9A76EE600AC5ED009A2BEE036A66EEC6
:105EC000A59AC5ED010A6BEE255A66EE830A36EEF9
:105ED000293A75EEE00A87ED003A34EE053AC7ED4F
:105EE000010A71EEE20A71EEA21A74EE452A23EE5F
:105EF000004A60EE800A61EE801A62EE802A31EE7E
:105F0000603A71EE200A32EE611A72EE211A33EE17
:105F1000E22A73EEA22A74EEC43A74EE844A30EE9A
:105F2000A44A70EEE40A73EE234A33EE633A72EE4B
:105F3000E13A72EEA12A01E0F304353F72EE411A14
:105F400032EE011A2DEE842A28EEA35A6DEEA33A02
:105F500028EE844A32EE052A8EED002A33EEC42A5A
:105F60006AEE223A69EE222A8EED012A29EE202AD3
:105F70006AEE200A32EE232A72EEE00A67EE242A45
:105F800088ED002AC8ED010A6BEEA40A27EE212A4B
:105F90006BEEA11A70EE820A2AEE832ACBED000A7C
:105FA00071EEE20A6AEE811A2CEE811ACBED010A3B
:105FB0006CEE830A70EEA10AC6ED000A71EE420A89
:105FC000C6ED010A029C2344159CA342FFF4D2AE05
:105FD000009B5B1C00938B42FFF493AE179B4FF624
:105FE000FF7404EAC303179307293FF6ABAD04B06F
:105FF000BDEC108BBDE8FF8F2DE9F0411D00174669
:106000000E46044609D000F097FA2A463946204643
:10601000BDE8F0410123FFF7D4B901232A46FFF779
:10602000D0F93A4631462046BDE8F04100F0C6BB03
:1060300010B504000AD0FFF785FA002805D14FF407
:106040008060208203486061002010BD4FF0FF3067
:1060500010BD0000502D010810B5040009D0FFF755
:1060600081FA002804D1802020820348606100204A
:1060700010BD4FF0FF3010BD501F010810B50400D7
:106080000AD0FFF705FA002805D14FF400602082FE
:1060900003486061002010BD4FF0FF3010BD0000CC
:1060A000503D010810B504000AD0FFF701FA00289E
:1060B00005D14FF48070208203486061002010BD3C
:1060C0004FF0FF3010BD00005021010810B5040052
:1060D00009D0FFF7FBF9002804D1202020820348D3
:1060E0006061002010BD4FF0FF3010BDD01D0108D1
:1060F00010B504000AD0FFF7F7F9002805D14FF4D6
:106100008050208203486061002010BD4FF0FF30B6
:1061100010BD0000505D010810B504000AD0FFF763
:10612000F3F9002805D14FF4007020820348606124
:10613000002010BD4FF0FF3010BD000050250108B9
:1061400010B5040009D0FFF7EFF9002804D1402072
:10615000208203486061002010BD4FF0FF3010BD69
:10616000501E0108B1F5007F1CD009DC202921D088
:1061700040291DD0802919D0B1F5807F09D113E0C5
:10618000B1F5806F0CD0B1F5006F07D0B1F5805F2D
:1061900002D04FF0FF307047FFF7AABFFFF76EBF86
:1061A000FFF746BFFFF7B8BFFFF77CBFFFF754BF4D
:1061B000FFF7C6BFFFF78ABF70B5044690F86800C6
:1061C0000D46C0F132014A0004EB40012846091D8A
:1061D000FAF763F994F868004200C0F1320005EB69
:1061E0004000211DBDE87040FAF757B92DE9F05F76
:1061F000DFF81081DFF8109107462DED028B0025A6
:1062000000242946204600F01BFA641CE4B2082C46
:10621000F7D33E4C0020064620706070304600F0F8
:1062200089F8A842FAD1761CF6B2082EF6D337497F
:10623000022208313648FBF7D3FA344903221031E1
:106240003448FBF7CDFA31490122891C3248FBF76B
:10625000C7FA2E490122091D3048FBF7C1FA2B4924
:106260000122891D2E48FBF7BBFA607821780F299F
:1062700001D00028FBD0DFF8B4A09FED2A8ADFED23
:106280002A8A00244FF4807B38F8141005EB0410A0
:1062900000EE101AC6B206EBC60037F81610B8EEBC
:1062A000400A00EE901A00EB40020AEB820020EE5A
:1062B000080AF8EE600A00EEA80ABCEEC00A10EE6A
:1062C000101A27F8161038F8141000F0F7FA39F9F8
:1062D0001600584509D8164B38F8142003EB46230E
:1062E00023F81020401C29F81600641CE4B2082C86
:1062F000CAD36D1CEDB2102D82D3BDEC028BBDE86C
:10630000F09F00004C01002016000020000000203B
:1063100074400120E04001204C410120B84101209F
:1063200024420120CDCCCC3D6666663F5C02002055
:10633000743800202DE9F0475B4D5C4E4FF09047DC
:106340004FF400484FF480694FF4007A08286CD26B
:10635000DFE800F004172B3E526D82960421284698
:10636000FBF70AFE044308212846FBF705FE44EA32
:10637000400401212846FBF7FFFD44EA8004022186
:1063800038E080213846FBF7F7FD044340213846CA
:10639000FBF7F2FD44EA400420213846FBF7ECFD10
:1063A00044EA8004102138463AE040213046FBF7A9
:1063B000E3FD044380213046FBF7DEFD44EA400460
:1063C00010213046FBF7D8FD44EA8004202126E066
:1063D00001213046FBF7D0FD044302213046FBF794
:1063E000CBFD44EA400410212846FBF7C5FD44EAF2
:1063F00080042021284613E080212846FBF7BCFDBD
:10640000044340212846FBF7B7FD44EA40044146D7
:106410003046FBF7B1FD44EA80044FF4804130463A
:10642000FBF7AAFD44EAC000C0B2BDE8F087042132
:106430001F48FBF7A1FD044308213046FBF79CFDF4
:1064400044EA40044FF480512846FBF795FD44EAA6
:1064500080044FF40061CDE74FF400512846FBF76C
:106460008BFD044304213046FBF786FD44EA4004DB
:1064700049463046FBF780FD44EA80045146CEE7AA
:1064800041463846FBF778FD044349462846FBF76A
:1064900073FD44EA40044FF480712846FBF76CFD1D
:1064A00044EA80045146A5E700080048000400487B
:1064B000000C00480021016080F86810704700005F
:1064C000FBF78EFF1949DD20EE22087099204870F5
:1064D00001F206210A704870FAF70EFBFEF70AFB7C
:1064E000FEF788F8FEF740F8FDF7C8FEFDF71CFF41
:1064F000FDF774FFFDF7BCFFFDF7F8FF0D480C49F1
:1065000001600021017141714161816101210162DC
:10651000FBF74CFA08B172B6FEE7FEF759FAFEF740
:106520000FF9FEF721FAFEF7D5F9FEE7B84401208E
:10653000003002409042012010B591ED001AD1EDDB
:10654000010A4369B6EE000A71EE201A71EE600A84
:10655000008861EE801A60EE800A401EC2ED001ACB
:10656000C2ED010A01EBC00408310832083330E003
:1065700094ED001AD1ED003A94ED013AD1ED012AE3
:1065800033EEC14AD3ED001A72EE830A33EE811A5C
:1065900021EE845A93ED012A401E083162EE204A12
:1065A00031EE451A22EE042A61EEA00A083331EEDC
:1065B000641A21EE001A82ED001A32EEC31A31EE8F
:1065C000021A71EE600A60EE800AC2ED010A08321A
:1065D000083C0028CCDC10BD9FED0E0A5FF00001E6
:1065E00000EB8102491CD2ED000AFF2930EE800A3F
:1065F000F6DD0021DFED080A20EE200A00EB810223
:10660000491CD2ED000AFF2970EEC00AC2ED000A53
:10661000F4DD7047000000000000803B10B5044628
:106620000420F9F76DFE04F001010170C4F340018C
:106630004170C4F380018170C4F3C001C17010BD0A
:106640002DE9F04707460846FFF7E8FF0446584D96
:10665000584E4FF090404FF400494FF480684FF48B
:10666000007A082F2CD2DFE807F004163042546776
:106670007B8F227804212846FBF783FC627808216F
:106680002846FBF77EFCA27801212846FBF779FC1F
:10669000E278022189E0227880218046FBF771FCB4
:1066A000627840214046FBF76CFCA27820214046EE
:1066B000FBF767FCE27810214FEA0800FBF761FC6A
:1066C0002046BDE8F047F9F74ABE2278402130461F
:1066D000FBF757FC627880213046FBF752FCA2782A
:1066E00010213046FBF74DFCE27820214AE0227869
:1066F00001213046FBF745FC627802213046FBF76A
:1067000040FCA27810212846FBF73BFCE2782021D0
:106710004BE0227880212846FBF733FC6278402149
:106720002846FBF72EFCA27849463046FBF729FCA9
:10673000E2784FF4804125E0227804211E48FBF7DF
:1067400020FC627808213046FBF71BFCA2784FF44E
:1067500080512846FBF715FCE2784FF4006124E0F5
:1067600022784FF400512846FBF70BFC6278042195
:106770003046FBF706FCA27841463046FBF701FCA9
:10678000E2785146304699E722784946FBF7F9FB13
:10679000627841462846FBF7F4FBA2784FF48071FB
:1067A0002846FBF7EEFBE2785146284686E70000D4
:1067B0000008004800040048000C004810B5D1ED66
:1067C000000A91ED010A436970EEA00A30EE001A4A
:1067D000B6EE000A008870EE811A70EEC10A401E03
:1067E00001EBC00461EE801A60EE800A0831C2ED50
:1067F000001AC2ED010A083213F1080394EC023AC0
:10680000401ED1ED002AD1ED010A93ED001A73EE7E
:10681000621A93ED012A33EEA04A72EE832A61EEEA
:10682000214A62EE211A70EEE30A22EE042A72EE89
:10683000A42A21EE041A70EEA10A083132EE822A4F
:10684000083370EEC10A083C22EE002A60EE800A8E
:1068500082ED002AC2ED010A08320028CEDC10BD0C
:1068600070B50D4606460024204600F00CF806EBF5
:10687000441105EB40102022F9F70FFE641CE4B22E
:10688000082CF1D370BD082815D2DFE800F004060B
:10689000080A0C0E101207207047062070470120CE
:1068A0007047052070470420704702207047002081
:1068B0007047032070474FF0FF30704710B590F8D5
:1068C0006820036800EB420294881B1B03609180E0
:1068D00002681144016090F868103222491CB1FB33
:1068E000F2F302FB131180F8681010BD4FF04070F6
:1068F000E1EE100A704700000000803F0000000039
:106900005E836C3F15EFC33EF304353FF304353F20
:1069100015EFC33E5E836C3F000000000000803F27
:1069200015EFC3BE5E836C3FF30435BFF304353F00
:106930005E836CBF15EFC33E000080BF0000000007
:106940005E836CBF15EFC3BEF30435BFF30435BFE0
:1069500015EFC3BE5E836CBF00000080000080BFE7
:1069600015EFC33E5E836CBFF304353FF30435BFC0
:106970005E836C3F15EFC3BE0000803F0000000047
:10698000BE147B3FC2C5473E5E836C3F15EFC33EDE
:1069900031DB543FDA390E3FF304353FF304353F22
:1069A000DA390E3F31DB543F15EFC33E5E836C3F57
:1069B000C2C5473EBE147B3F000000000000803F80
:1069C000C2C547BEBE147B3F15EFC3BE5E836C3F9E
:1069D000DA390EBF31DB543FF30435BFF304353FE2
:1069E00031DB54BFDA390E3F5E836CBF15EFC33E17
:1069F000BE147BBFC2C5473E000080BF0000000040
:106A0000BE147BBFC2C547BE5E836CBF15EFC3BE5D
:106A100031DB54BFDA390EBFF30435BFF30435BFA1
:106A2000DA390EBF31DB54BF15EFC3BE5E836CBFD6
:106A3000C2C547BEBE147BBF00000080000080BFFF
:106A4000C2C5473EBE147BBF15EFC33E5E836CBF1D
:106A5000DA390E3F31DB54BFF304353FF30435BF61
:106A600031DB543FDA390EBF5E836C3F15EFC3BE96
:106A7000BE147B3FC2C547BE0000803F000000003F
:106A80006DC47E3F36BDC83DBE147B3FC2C5473E88
:106A90000BFA743F31A0943E5E836C3F15EFC33E0A
:106AA00098C5613FEA5AF13E31DB543FDA390E3F77
:106AB00003E4453F9967223FF304353FF304353F34
:106AC0009967223F03E4453FDA390E3F31DB543FFB
:106AD000EA5AF13E98C5613F15EFC33E5E836C3FB5
:106AE00031A0943E0BFA743FC2C5473EBE147B3FB3
:106AF00036BDC83D6DC47E3F000000000000803FF1
:106B000036BDC8BD6DC47E3FC2C547BEBE147B3F07
:106B100031A094BE0BFA743F15EFC3BE5E836C3F89
:106B2000EA5AF1BE98C5613FDA390EBF31DB543FF6
:106B3000996722BF03E4453FF30435BFF304353FB3
:106B400003E445BF9967223F31DB54BFDA390E3F7A
:106B500098C561BFEA5AF13E5E836CBF15EFC33E34
:106B60000BFA74BF31A0943EBE147BBFC2C5473E32
:106B70006DC47EBF36BDC83D000080BF0000000070
:106B80006DC47EBF36BDC8BDBE147BBFC2C547BE87
:106B90000BFA74BF31A094BE5E836CBF15EFC3BE09
:106BA00098C561BFEA5AF1BE31DB54BFDA390EBF76
:106BB00003E445BF996722BFF30435BFF30435BF33
:106BC000996722BF03E445BFDA390EBF31DB54BFFA
:106BD000EA5AF1BE98C561BF15EFC3BE5E836CBFB4
:106BE00031A094BE0BFA74BFC2C547BEBE147BBFB2
:106BF00036BDC8BD6DC47EBF00000080000080BFF0
:106C000036BDC83D6DC47EBFC2C5473EBE147BBF06
:106C100031A0943E0BFA74BF15EFC33E5E836CBF88
:106C2000EA5AF13E98C561BFDA390E3F31DB54BFF5
:106C30009967223F03E445BFF304353FF30435BFB2
:106C400003E4453F996722BF31DB543FDA390EBF79
:106C500098C5613FEA5AF1BE5E836C3F15EFC3BE33
:106C60000BFA743F31A094BEBE147B3FC2C547BE31
:106C70006DC47E3F36BDC8BD0000803F00000000EF
:106C80000FB17F3F2FFB483D6DC47E3F36BDC83DF1
:106C9000AC3A7D3F8340163EBE147B3FC2C5473EA3
:106CA000F853783FCCCF783E0BFA743F31A0943E36
:106CB0000809713FD47CAC3E5E836C3F15EFC33E48
:106CC000D86B673F80E8DA3E98C5613FEA5AF13EEB
:106CD0001A945B3F3D9C033F31DB543FDA390E3F52
:106CE000029F4D3FC07F183F03E4453F9967223F15
:106CF000F9AE3D3F4AEB2B3FF304353FF304353FFC
:106D00004AEB2B3FF9AE3D3F9967223F03E4453FF5
:106D1000C07F183F029F4D3FDA390E3F31DB543FB1
:106D20003D9C033F1A945B3FEA5AF13E98C5613F90
:106D300080E8DA3ED86B673F15EFC33E5E836C3F59
:106D4000D47CAC3E0809713F31A0943E0BFA743FED
:106D5000CCCF783EF853783FC2C5473EBE147B3F48
:106D60008340163EAC3A7D3F36BDC83D6DC47E3F84
:106D70002FFB483D0FB17F3F000000000000803F27
:106D80002FFB48BD0FB17F3F36BDC8BD6DC47E3FF0
:106D9000834016BEAC3A7D3FC2C547BEBE147B3FA2
:106DA000CCCF78BEF853783F31A094BE0BFA743F35
:106DB000D47CACBE0809713F15EFC3BE5E836C3F47
:106DC00080E8DABED86B673FEA5AF1BE98C5613FEA
:106DD0003D9C03BF1A945B3FDA390EBF31DB543F51
:106DE000C07F18BF029F4D3F996722BF03E4453F14
:106DF0004AEB2BBFF9AE3D3FF30435BFF304353FFB
:106E0000F9AE3DBF4AEB2B3F03E445BF9967223FF4
:106E1000029F4DBFC07F183F31DB54BFDA390E3FB0
:106E20001A945BBF3D9C033F98C561BFEA5AF13E8F
:106E3000D86B67BF80E8DA3E5E836CBF15EFC33E58
:106E4000080971BFD47CAC3E0BFA74BF31A0943EEC
:106E5000F85378BFCCCF783EBE147BBFC2C5473E47
:106E6000AC3A7DBF8340163E6DC47EBF36BDC83D83
:106E70000FB17FBF2FFB483D000080BF0000000026
:106E80000FB17FBF2FFB48BD6DC47EBF36BDC8BDEF
:106E9000AC3A7DBF834016BEBE147BBFC2C547BEA1
:106EA000F85378BFCCCF78BE0BFA74BF31A094BE34
:106EB000080971BFD47CACBE5E836CBF15EFC3BE46
:106EC000D86B67BF80E8DABE98C561BFEA5AF1BEE9
:106ED0001A945BBF3D9C03BF31DB54BFDA390EBF50
:106EE000029F4DBFC07F18BF03E445BF996722BF13
:106EF000F9AE3DBF4AEB2BBFF30435BFF30435BFFA
:106F00004AEB2BBFF9AE3DBF996722BF03E445BFF3
:106F1000C07F18BF029F4DBFDA390EBF31DB54BFAF
:106F20003D9C03BF1A945BBFEA5AF1BE98C561BF8E
:106F300080E8DABED86B67BF15EFC3BE5E836CBF57
:106F4000D47CACBE080971BF31A094BE0BFA74BFEB
:106F5000CCCF78BEF85378BFC2C547BEBE147BBF46
:106F6000834016BEAC3A7DBF36BDC8BD6DC47EBF82
:106F70002FFB48BD0FB17FBF00000080000080BF25
:106F80002FFB483D0FB17FBF36BDC83D6DC47EBFEE
:106F90008340163EAC3A7DBFC2C5473EBE147BBFA0
:106FA000CCCF783EF85378BF31A0943E0BFA74BF33
:106FB000D47CAC3E080971BF15EFC33E5E836CBF45
:106FC00080E8DA3ED86B67BFEA5AF13E98C561BFE8
:106FD0003D9C033F1A945BBFDA390E3F31DB54BF4F
:106FE000C07F183F029F4DBF9967223F03E445BF12
:106FF0004AEB2B3FF9AE3DBFF304353FF30435BFF9
:10700000F9AE3D3F4AEB2BBF03E4453F996722BFF2
:10701000029F4D3FC07F18BF31DB543FDA390EBFAE
:107020001A945B3F3D9C03BF98C5613FEA5AF1BE8D
:10703000D86B673F80E8DABE5E836C3F15EFC3BE56
:107040000809713FD47CACBE0BFA743F31A094BEEA
:10705000F853783FCCCF78BEBE147B3FC2C547BE45
:10706000AC3A7D3F834016BE6DC47E3F36BDC8BD81
:107070000FB17F3F2FFB48BD0000803F00000000A4
:1070800043EC7F3FB00AC93C0FB17F3F2FFB483D27
:107090006D4E7F3F05A9963D6DC47E3F36BDC83D10
:1070A00024137E3F73B2FA3DAC3A7D3F8340163ED7
:1070B000283B7C3FA2102F3EBE147B3FC2C5473EFB
:1070C0009DC7793F135C603EF853783FCCCF783E44
:1070D00007BA763F938E883E0BFA743F31A0943EF8
:1070E0004714733FE59AA03E0809713FD47CAC3E3B
:1070F0009ED86E3F2A44B83E5E836C3F15EFC33E78
:10710000A7096A3FCA7BCF3ED86B673F80E8DA3E6B
:1071100059AA643F7533E63E98C5613FEA5AF13E8D
:1071200005BE5E3F275DFC3E1A945B3F3D9C033FDE
:107130005348583F9BF5083F31DB543FDA390E3F47
:107140003D4D513F2A68133F029F4D3FC07F183F7E
:1071500012D1493FD17F1D3F03E4453F9967223F4C
:1071600070D8413F5636273FF9AE3D3F4AEB2B3FA3
:107170004268393FBB85303FF304353FF304353F68
:10718000BB85303F4268393F4AEB2B3FF9AE3D3F6C
:107190005636273F70D8413F9967223F03E4453F69
:1071A000D17F1D3F12D1493FC07F183F029F4D3F05
:1071B0002A68133F3D4D513FDA390E3F31DB543FD2
:1071C0009BF5083F5348583F3D9C033F1A945B3F53
:1071D000275DFC3E05BE5E3FEA5AF13E98C5613F21
:1071E0007533E63E59AA643F80E8DA3ED86B673FC4
:1071F000CA7BCF3EA7096A3F15EFC33E5E836C3F53
:107200002A44B83E9ED86E3FD47CAC3E0809713FFC
:10721000E59AA03E4714733F31A0943E0BFA743FA9
:10722000938E883E07BA763FCCCF783EF853783FAE
:10723000135C603E9DC7793FC2C5473EBE147B3F8D
:10724000A2102F3E283B7C3F8340163EAC3A7D3F48
:1072500073B2FA3D24137E3F36BDC83D6DC47E3FF8
:1072600005A9963D6D4E7F3F2FFB483D0FB17F3FF7
:10727000B00AC93C43EC7F3F000000000000803FA3
:10728000B00AC9BC43EC7F3F2FFB48BD0FB17F3F25
:1072900005A996BD6D4E7F3F36BDC8BD6DC47E3F0E
:1072A00073B2FABD24137E3F834016BEAC3A7D3FD5
:1072B000A2102FBE283B7C3FC2C547BEBE147B3FF9
:1072C000135C60BE9DC7793FCCCF78BEF853783F42
:1072D000938E88BE07BA763F31A094BE0BFA743FF6
:1072E000E59AA0BE4714733FD47CACBE0809713F39
:1072F0002A44B8BE9ED86E3F15EFC3BE5E836C3F76
:10730000CA7BCFBEA7096A3F80E8DABED86B673F69
:107310007533E6BE59AA643FEA5AF1BE98C5613F8B
:10732000275DFCBE05BE5E3F3D9C03BF1A945B3FDC
:107330009BF508BF5348583FDA390EBF31DB543F45
:107340002A6813BF3D4D513FC07F18BF029F4D3F7C
:10735000D17F1DBF12D1493F996722BF03E4453F4A
:10736000563627BF70D8413F4AEB2BBFF9AE3D3FA1
:10737000BB8530BF4268393FF30435BFF304353F66
:10738000426839BFBB85303FF9AE3DBF4AEB2B3F6A
:1073900070D841BF5636273F03E445BF9967223F67
:1073A00012D149BFD17F1D3F029F4DBFC07F183F03
:1073B0003D4D51BF2A68133F31DB54BFDA390E3FD0
:1073C000534858BF9BF5083F1A945BBF3D9C033F51
:1073D00005BE5EBF275DFC3E98C561BFEA5AF13E1F
:1073E00059AA64BF7533E63ED86B67BF80E8DA3EC2
:1073F000A7096ABFCA7BCF3E5E836CBF15EFC33E51
:107400009ED86EBF2A44B83E080971BFD47CAC3EFA
:10741000471473BFE59AA03E0BFA74BF31A0943EA7
:1074200007BA76BF938E883EF85378BFCCCF783EAC
:107430009DC779BF135C603EBE147BBFC2C5473E8B
:10744000283B7CBFA2102F3EAC3A7DBF8340163E46
:1074500024137EBF73B2FA3D6DC47EBF36BDC83DF6
:107460006D4E7FBF05A9963D0FB17FBF2FFB483DF5
:1074700043EC7FBFB00AC93C000080BF00000000A1
:1074800043EC7FBFB00AC9BC0FB17FBF2FFB48BD23
:107490006D4E7FBF05A996BD6DC47EBF36BDC8BD0C
:1074A00024137EBF73B2FABDAC3A7DBF834016BED3
:1074B000283B7CBFA2102FBEBE147BBFC2C547BEF7
:1074C0009DC779BF135C60BEF85378BFCCCF78BE40
:1074D00007BA76BF938E88BE0BFA74BF31A094BEF4
:1074E000471473BFE59AA0BE080971BFD47CACBE37
:1074F0009ED86EBF2A44B8BE5E836CBF15EFC3BE74
:10750000A7096ABFCA7BCFBED86B67BF80E8DABE67
:1075100059AA64BF7533E6BE98C561BFEA5AF1BE89
:1075200005BE5EBF275DFCBE1A945BBF3D9C03BFDA
:10753000534858BF9BF508BF31DB54BFDA390EBF43
:107540003D4D51BF2A6813BF029F4DBFC07F18BF7A
:1075500012D149BFD17F1DBF03E445BF996722BF48
:1075600070D841BF563627BFF9AE3DBF4AEB2BBF9F
:10757000426839BFBB8530BFF30435BFF30435BF64
:10758000BB8530BF426839BF4AEB2BBFF9AE3DBF68
:10759000563627BF70D841BF996722BF03E445BF65
:1075A000D17F1DBF12D149BFC07F18BF029F4DBF01
:1075B0002A6813BF3D4D51BFDA390EBF31DB54BFCE
:1075C0009BF508BF534858BF3D9C03BF1A945BBF4F
:1075D000275DFCBE05BE5EBFEA5AF1BE98C561BF1D
:1075E0007533E6BE59AA64BF80E8DABED86B67BFC0
:1075F000CA7BCFBEA7096ABF15EFC3BE5E836CBF4F
:107600002A44B8BE9ED86EBFD47CACBE080971BFF8
:10761000E59AA0BE471473BF31A094BE0BFA74BFA5
:10762000938E88BE07BA76BFCCCF78BEF85378BFAA
:10763000135C60BE9DC779BFC2C547BEBE147BBF89
:10764000A2102FBE283B7CBF834016BEAC3A7DBF44
:1076500073B2FABD24137EBF36BDC8BD6DC47EBFF4
:1076600005A996BD6D4E7FBF2FFB48BD0FB17FBFF3
:10767000B00AC9BC43EC7FBF00000080000080BF9F
:10768000B00AC93C43EC7FBF2FFB483D0FB17FBF21
:1076900005A9963D6D4E7FBF36BDC83D6DC47EBF0A
:1076A00073B2FA3D24137EBF8340163EAC3A7DBFD1
:1076B000A2102F3E283B7CBFC2C5473EBE147BBFF5
:1076C000135C603E9DC779BFCCCF783EF85378BF3E
:1076D000938E883E07BA76BF31A0943E0BFA74BFF2
:1076E000E59AA03E471473BFD47CAC3E080971BF35
:1076F0002A44B83E9ED86EBF15EFC33E5E836CBF72
:10770000CA7BCF3EA7096ABF80E8DA3ED86B67BF65
:107710007533E63E59AA64BFEA5AF13E98C561BF87
:10772000275DFC3E05BE5EBF3D9C033F1A945BBFD8
:107730009BF5083F534858BFDA390E3F31DB54BF41
:107740002A68133F3D4D51BFC07F183F029F4DBF78
:10775000D17F1D3F12D149BF9967223F03E445BF46
:107760005636273F70D841BF4AEB2B3FF9AE3DBF9D
:10777000BB85303F426839BFF304353FF30435BF62
:107780004268393FBB8530BFF9AE3D3F4AEB2BBF66
:1077900070D8413F563627BF03E4453F996722BF63
:1077A00012D1493FD17F1DBF029F4D3FC07F18BFFF
:1077B0003D4D513F2A6813BF31DB543FDA390EBFCC
:1077C0005348583F9BF508BF1A945B3F3D9C03BF4D
:1077D00005BE5E3F275DFCBE98C5613FEA5AF1BE1B
:1077E00059AA643F7533E6BED86B673F80E8DABEBE
:1077F000A7096A3FCA7BCFBE5E836C3F15EFC3BE4D
:107800009ED86E3F2A44B8BE0809713FD47CACBEF6
:107810004714733FE59AA0BE0BFA743F31A094BEA3
:1078200007BA763F938E88BEF853783FCCCF78BEA8
:107830009DC7793F135C60BEBE147B3FC2C547BE87
:10784000283B7C3FA2102FBEAC3A7D3F834016BE42
:1078500024137E3F73B2FABD6DC47E3F36BDC8BDF2
:107860006D4E7F3F05A996BD0FB17F3F2FFB48BDF1
:1078700043EC7F3FB00AC9BC0000803F000000001D
:1078800011FB7F3F900E493C43EC7F3FB00AC93C5F
:1078900098D37F3F2CC3163D0FB17F3F2FFB483D50
:1078A000AB847F3F742B7B3D6D4E7F3F05A9963D9A
:1078B000580E7F3F80B6AF3D6DC47E3F36BDC83D9C
:1078C000B0707E3F2EBCE13D24137E3F73B2FA3D83
:1078D000CCAB7D3F86CF093EAC3A7D3F8340163E20
:1078E000C9BF7C3FB6AB223E283B7C3FA2102F3E57
:1078F000CDAC7B3FCF6E3B3EBE147B3FC2C5473E07
:1079000002737A3F0115543E9DC7793F135C603E78
:107910009812793F7F9A6C3EF853783FCCCF783EEF
:10792000C58B773FC07D823E07BA763F938E883EF7
:10793000C6DE753F229A8E3E0BFA743F31A0943E0C
:10794000DD0B743F86A09A3E4714733FE59AA03E34
:107950005213723F128FA63E0809713FD47CAC3E91
:1079600073F56F3FEF63B23E9ED86E3F2A44B83E38
:1079700093B26D3F4A1DBE3E5E836C3F15EFC33E22
:107980000C4B6B3F53B9C93EA7096A3FCA7BCF3E38
:107990003CBF683F4136D53ED86B673F80E8DA3E52
:1079A000880F663F4F92E03E59AA643F7533E63E2A
:1079B0005A3C633FBBCBEB3E98C5613FEA5AF13E70
:1079C0002146603FCBE0F63E05BE5E3F275DFC3EB4
:1079D000532D5D3FE4E7003F1A945B3F3D9C033F1E
:1079E0006AF2593F824B063F5348583F9BF5083F88
:1079F000E595563F6B9A0B3F31DB543FDA390E3F2A
:107A00004918533FCDD3103F3D4D513F2A68133F96
:107A10001F7A4F3FD9F6153F029F4D3FC07F183F59
:107A2000F8BB4B3FC6021B3F12D1493FD17F1D3FE0
:107A300065DE473FCBF61F3F03E4453F9967223F92
:107A400000E2433F25D2243F70D8413F5636273FBE
:107A500067C73F3F1594293FF9AE3D3F4AEB2B3FA7
:107A60003B8F3B3FDE3B2E3F4268393FBB85303F7B
:107A7000233A373FC9C8323FF304353FF304353F5B
:107A8000C9C8323F233A373FBB85303F4268393F50
:107A9000DE3B2E3F3B8F3B3F4AEB2B3FF9AE3D3F5A
:107AA0001594293F67C73F3F5636273F70D8413F5F
:107AB00025D2243F00E2433F9967223F03E4453F3C
:107AC000CBF61F3F65DE473FD17F1D3F12D1493FB7
:107AD000C6021B3FF8BB4B3FC07F183F029F4D3F84
:107AE000D9F6153F1F7A4F3F2A68133F3D4D513F4E
:107AF000CDD3103F4918533FDA390E3F31DB543FA5
:107B00006B9A0B3FE595563F9BF5083F5348583F0E
:107B1000824B063F6AF2593F3D9C033F1A945B3FFC
:107B2000E4E7003F532D5D3F275DFC3E05BE5E3F11
:107B3000CBE0F63E2146603FEA5AF13E98C5613FF0
:107B4000BBCBEB3E5A3C633F7533E63E59AA643FDC
:107B50004F92E03E880F663F80E8DA3ED86B673F81
:107B60004136D53E3CBF683FCA7BCF3EA7096A3F3E
:107B700053B9C93E0C4B6B3F15EFC33E5E836C3F60
:107B80004A1DBE3E93B26D3F2A44B83E9ED86E3F1A
:107B9000EF63B23E73F56F3FD47CAC3E0809713F92
:107BA000128FA63E5213723FE59AA03E4714733FD0
:107BB00086A09A3EDD0B743F31A0943E0BFA743FD1
:107BC000229A8E3EC6DE753F938E883E07BA763F78
:107BD000C07D823EC58B773FCCCF783EF853783F4F
:107BE0007F9A6C3E9812793F135C603E9DC7793F47
:107BF0000115543E02737A3FC2C5473EBE147B3F17
:107C0000CF6E3B3ECDAC7B3FA2102F3E283B7C3F4E
:107C1000B6AB223EC9BF7C3F8340163EAC3A7D3FA7
:107C200086CF093ECCAB7D3F73B2FA3D24137E3F35
:107C30002EBCE13DB0707E3F36BDC83D6DC47E3F79
:107C400080B6AF3D580E7F3F05A9963D6D4E7F3FF4
:107C5000742B7B3DAB847F3F2FFB483D0FB17F3FB3
:107C60002CC3163D98D37F3FB00AC93C43EC7F3FFD
:107C7000900E493C11FB7F3F000000000000803F58
:107C8000900E49BC11FB7F3FB00AC9BC43EC7F3F5B
:107C90002CC316BD98D37F3F2FFB48BD0FB17F3F4C
:107CA000742B7BBDAB847F3F05A996BD6D4E7F3F96
:107CB00080B6AFBD580E7F3F36BDC8BD6DC47E3F98
:107CC0002EBCE1BDB0707E3F73B2FABD24137E3F7F
:107CD00086CF09BECCAB7D3F834016BEAC3A7D3F1C
:107CE000B6AB22BEC9BF7C3FA2102FBE283B7C3F53
:107CF000CF6E3BBECDAC7B3FC2C547BEBE147B3F03
:107D0000011554BE02737A3F135C60BE9DC7793F74
:107D10007F9A6CBE9812793FCCCF78BEF853783FEB
:107D2000C07D82BEC58B773F938E88BE07BA763FF3
:107D3000229A8EBEC6DE753F31A094BE0BFA743F08
:107D400086A09ABEDD0B743FE59AA0BE4714733F30
:107D5000128FA6BE5213723FD47CACBE0809713F8D
:107D6000EF63B2BE73F56F3F2A44B8BE9ED86E3F34
:107D70004A1DBEBE93B26D3F15EFC3BE5E836C3F1E
:107D800053B9C9BE0C4B6B3FCA7BCFBEA7096A3F34
:107D90004136D5BE3CBF683F80E8DABED86B673F4E
:107DA0004F92E0BE880F663F7533E6BE59AA643F26
:107DB000BBCBEBBE5A3C633FEA5AF1BE98C5613F6C
:107DC000CBE0F6BE2146603F275DFCBE05BE5E3FB0
:107DD000E4E700BF532D5D3F3D9C03BF1A945B3F1A
:107DE000824B06BF6AF2593F9BF508BF5348583F84
:107DF0006B9A0BBFE595563FDA390EBF31DB543F26
:107E0000CDD310BF4918533F2A6813BF3D4D513F92
:107E1000D9F615BF1F7A4F3FC07F18BF029F4D3F55
:107E2000C6021BBFF8BB4B3FD17F1DBF12D1493FDC
:107E3000CBF61FBF65DE473F996722BF03E4453F8E
:107E400025D224BF00E2433F563627BF70D8413FBA
:107E5000159429BF67C73F3F4AEB2BBFF9AE3D3FA3
:107E6000DE3B2EBF3B8F3B3FBB8530BF4268393F77
:107E7000C9C832BF233A373FF30435BFF304353F57
:107E8000233A37BFC9C8323F426839BFBB85303F4C
:107E90003B8F3BBFDE3B2E3FF9AE3DBF4AEB2B3F56
:107EA00067C73FBF1594293F70D841BF5636273F5B
:107EB00000E243BF25D2243F03E445BF9967223F38
:107EC00065DE47BFCBF61F3F12D149BFD17F1D3FB3
:107ED000F8BB4BBFC6021B3F029F4DBFC07F183F80
:107EE0001F7A4FBFD9F6153F3D4D51BF2A68133F4A
:107EF000491853BFCDD3103F31DB54BFDA390E3FA1
:107F0000E59556BF6B9A0B3F534858BF9BF5083F0A
:107F10006AF259BF824B063F1A945BBF3D9C033FF8
:107F2000532D5DBFE4E7003F05BE5EBF275DFC3E0D
:107F3000214660BFCBE0F63E98C561BFEA5AF13EEC
:107F40005A3C63BFBBCBEB3E59AA64BF7533E63ED8
:107F5000880F66BF4F92E03ED86B67BF80E8DA3E7D
:107F60003CBF68BF4136D53EA7096ABFCA7BCF3E3A
:107F70000C4B6BBF53B9C93E5E836CBF15EFC33E5C
:107F800093B26DBF4A1DBE3E9ED86EBF2A44B83E16
:107F900073F56FBFEF63B23E080971BFD47CAC3E8E
:107FA000521372BF128FA63E471473BFE59AA03ECC
:107FB000DD0B74BF86A09A3E0BFA74BF31A0943ECD
:107FC000C6DE75BF229A8E3E07BA76BF938E883E74
:107FD000C58B77BFC07D823EF85378BFCCCF783E4B
:107FE000981279BF7F9A6C3E9DC779BF135C603E43
:107FF00002737ABF0115543EBE147BBFC2C5473E13
:10800000CDAC7BBFCF6E3B3E283B7CBFA2102F3E4A
:10801000C9BF7CBFB6AB223EAC3A7DBF8340163EA3
:10802000CCAB7DBF86CF093E24137EBF73B2FA3D31
:10803000B0707EBF2EBCE13D6DC47EBF36BDC83D75
:10804000580E7FBF80B6AF3D6D4E7FBF05A9963DF0
:10805000AB847FBF742B7B3D0FB17FBF2FFB483DAF
:1080600098D37FBF2CC3163D43EC7FBFB00AC93CF9
:1080700011FB7FBF900E493C000080BF0000000054
:1080800011FB7FBF900E49BC43EC7FBFB00AC9BC57
:1080900098D37FBF2CC316BD0FB17FBF2FFB48BD48
:1080A000AB847FBF742B7BBD6D4E7FBF05A996BD92
:1080B000580E7FBF80B6AFBD6DC47EBF36BDC8BD94
:1080C000B0707EBF2EBCE1BD24137EBF73B2FABD7B
:1080D000CCAB7DBF86CF09BEAC3A7DBF834016BE18
:1080E000C9BF7CBFB6AB22BE283B7CBFA2102FBE4F
:1080F000CDAC7BBFCF6E3BBEBE147BBFC2C547BEFF
:1081000002737ABF011554BE9DC779BF135C60BE70
:10811000981279BF7F9A6CBEF85378BFCCCF78BEE7
:10812000C58B77BFC07D82BE07BA76BF938E88BEEF
:10813000C6DE75BF229A8EBE0BFA74BF31A094BE04
:10814000DD0B74BF86A09ABE471473BFE59AA0BE2C
:10815000521372BF128FA6BE080971BFD47CACBE89
:1081600073F56FBFEF63B2BE9ED86EBF2A44B8BE30
:1081700093B26DBF4A1DBEBE5E836CBF15EFC3BE1A
:108180000C4B6BBF53B9C9BEA7096ABFCA7BCFBE30
:108190003CBF68BF4136D5BED86B67BF80E8DABE4A
:1081A000880F66BF4F92E0BE59AA64BF7533E6BE22
:1081B0005A3C63BFBBCBEBBE98C561BFEA5AF1BE68
:1081C000214660BFCBE0F6BE05BE5EBF275DFCBEAC
:1081D000532D5DBFE4E700BF1A945BBF3D9C03BF16
:1081E0006AF259BF824B06BF534858BF9BF508BF80
:1081F000E59556BF6B9A0BBF31DB54BFDA390EBF22
:10820000491853BFCDD310BF3D4D51BF2A6813BF8E
:108210001F7A4FBFD9F615BF029F4DBFC07F18BF51
:10822000F8BB4BBFC6021BBF12D149BFD17F1DBFD8
:1082300065DE47BFCBF61FBF03E445BF996722BF8A
:1082400000E243BF25D224BF70D841BF563627BFB6
:1082500067C73FBF159429BFF9AE3DBF4AEB2BBF9F
:108260003B8F3BBFDE3B2EBF426839BFBB8530BF73
:10827000233A37BFC9C832BFF30435BFF30435BF53
:10828000C9C832BF233A37BFBB8530BF426839BF48
:10829000DE3B2EBF3B8F3BBF4AEB2BBFF9AE3DBF52
:1082A000159429BF67C73FBF563627BF70D841BF57
:1082B00025D224BF00E243BF996722BF03E445BF34
:1082C000CBF61FBF65DE47BFD17F1DBF12D149BFAF
:1082D000C6021BBFF8BB4BBFC07F18BF029F4DBF7C
:1082E000D9F615BF1F7A4FBF2A6813BF3D4D51BF46
:1082F000CDD310BF491853BFDA390EBF31DB54BF9D
:108300006B9A0BBFE59556BF9BF508BF534858BF06
:10831000824B06BF6AF259BF3D9C03BF1A945BBFF4
:10832000E4E700BF532D5DBF275DFCBE05BE5EBF09
:10833000CBE0F6BE214660BFEA5AF1BE98C561BFE8
:10834000BBCBEBBE5A3C63BF7533E6BE59AA64BFD4
:108350004F92E0BE880F66BF80E8DABED86B67BF79
:108360004136D5BE3CBF68BFCA7BCFBEA7096ABF36
:1083700053B9C9BE0C4B6BBF15EFC3BE5E836CBF58
:108380004A1DBEBE93B26DBF2A44B8BE9ED86EBF12
:10839000EF63B2BE73F56FBFD47CACBE080971BF8A
:1083A000128FA6BE521372BFE59AA0BE471473BFC8
:1083B00086A09ABEDD0B74BF31A094BE0BFA74BFC9
:1083C000229A8EBEC6DE75BF938E88BE07BA76BF70
:1083D000C07D82BEC58B77BFCCCF78BEF85378BF47
:1083E0007F9A6CBE981279BF135C60BE9DC779BF3F
:1083F000011554BE02737ABFC2C547BEBE147BBF0F
:10840000CF6E3BBECDAC7BBFA2102FBE283B7CBF46
:10841000B6AB22BEC9BF7CBF834016BEAC3A7DBF9F
:1084200086CF09BECCAB7DBF73B2FABD24137EBF2D
:108430002EBCE1BDB0707EBF36BDC8BD6DC47EBF71
:1084400080B6AFBD580E7FBF05A996BD6D4E7FBFEC
:10845000742B7BBDAB847FBF2FFB48BD0FB17FBFAB
:108460002CC316BD98D37FBFB00AC9BC43EC7FBFF5
:10847000900E49BC11FB7FBF00000080000080BF50
:10848000900E493C11FB7FBFB00AC93C43EC7FBF53
:108490002CC3163D98D37FBF2FFB483D0FB17FBF44
:1084A000742B7B3DAB847FBF05A9963D6D4E7FBF8E
:1084B00080B6AF3D580E7FBF36BDC83D6DC47EBF90
:1084C0002EBCE13DB0707EBF73B2FA3D24137EBF77
:1084D00086CF093ECCAB7DBF8340163EAC3A7DBF14
:1084E000B6AB223EC9BF7CBFA2102F3E283B7CBF4B
:1084F000CF6E3B3ECDAC7BBFC2C5473EBE147BBFFB
:108500000115543E02737ABF135C603E9DC779BF6C
:108510007F9A6C3E981279BFCCCF783EF85378BFE3
:10852000C07D823EC58B77BF938E883E07BA76BFEB
:10853000229A8E3EC6DE75BF31A0943E0BFA74BF00
:1085400086A09A3EDD0B74BFE59AA03E471473BF28
:10855000128FA63E521372BFD47CAC3E080971BF85
:10856000EF63B23E73F56FBF2A44B83E9ED86EBF2C
:108570004A1DBE3E93B26DBF15EFC33E5E836CBF16
:1085800053B9C93E0C4B6BBFCA7BCF3EA7096ABF2C
:108590004136D53E3CBF68BF80E8DA3ED86B67BF46
:1085A0004F92E03E880F66BF7533E63E59AA64BF1E
:1085B000BBCBEB3E5A3C63BFEA5AF13E98C561BF64
:1085C000CBE0F63E214660BF275DFC3E05BE5EBFA8
:1085D000E4E7003F532D5DBF3D9C033F1A945BBF12
:1085E000824B063F6AF259BF9BF5083F534858BF7C
:1085F0006B9A0B3FE59556BFDA390E3F31DB54BF1E
:10860000CDD3103F491853BF2A68133F3D4D51BF8A
:10861000D9F6153F1F7A4FBFC07F183F029F4DBF4D
:10862000C6021B3FF8BB4BBFD17F1D3F12D149BFD4
:10863000CBF61F3F65DE47BF9967223F03E445BF86
:1086400025D2243F00E243BF5636273F70D841BFB2
:108650001594293F67C73FBF4AEB2B3FF9AE3DBF9B
:10866000DE3B2E3F3B8F3BBFBB85303F426839BF6F
:10867000C9C8323F233A37BFF304353FF30435BF4F
:10868000233A373FC9C832BF4268393FBB8530BF44
:108690003B8F3B3FDE3B2EBFF9AE3D3F4AEB2BBF4E
:1086A00067C73F3F159429BF70D8413F563627BF53
:1086B00000E2433F25D224BF03E4453F996722BF30
:1086C00065DE473FCBF61FBF12D1493FD17F1DBFAB
:1086D000F8BB4B3FC6021BBF029F4D3FC07F18BF78
:1086E0001F7A4F3FD9F615BF3D4D513F2A6813BF42
:1086F0004918533FCDD310BF31DB543FDA390EBF99
:10870000E595563F6B9A0BBF5348583F9BF508BF02
:108710006AF2593F824B06BF1A945B3F3D9C03BFF0
:10872000532D5D3FE4E700BF05BE5E3F275DFCBE05
:108730002146603FCBE0F6BE98C5613FEA5AF1BEE4
:108740005A3C633FBBCBEBBE59AA643F7533E6BED0
:10875000880F663F4F92E0BED86B673F80E8DABE75
:108760003CBF683F4136D5BEA7096A3FCA7BCFBE32
:108770000C4B6B3F53B9C9BE5E836C3F15EFC3BE54
:1087800093B26D3F4A1DBEBE9ED86E3F2A44B8BE0E
:1087900073F56F3FEF63B2BE0809713FD47CACBE86
:1087A0005213723F128FA6BE4714733FE59AA0BEC4
:1087B000DD0B743F86A09ABE0BFA743F31A094BEC5
:1087C000C6DE753F229A8EBE07BA763F938E88BE6C
:1087D000C58B773FC07D82BEF853783FCCCF78BE43
:1087E0009812793F7F9A6CBE9DC7793F135C60BE3B
:1087F00002737A3F011554BEBE147B3FC2C547BE0B
:10880000CDAC7B3FCF6E3BBE283B7C3FA2102FBE42
:10881000C9BF7C3FB6AB22BEAC3A7D3F834016BE9B
:10882000CCAB7D3F86CF09BE24137E3F73B2FABD29
:10883000B0707E3F2EBCE1BD6DC47E3F36BDC8BD6D
:10884000580E7F3F80B6AFBD6D4E7F3F05A996BDE8
:10885000AB847F3F742B7BBD0FB17F3F2FFB48BDA7
:1088600098D37F3F2CC316BD43EC7F3FB00AC9BCF1
:1088700011FB7F3F900E49BC0000803F00000000CC
:10888000C4FE7F3F890FC93B11FB7F3F900E493CDF
:10889000E6F47F3FB6C9963C43EC7F3FB00AC93C43
:1088A00029E17F3FB949FB3C98D37F3F2CC3163D5C
:1088B0008FC37F3F07E02F3D0FB17F3F2FFB483D28
:1088C000189C7F3F6814623DAB847F3F742B7B3DD7
:1088D000C76A7F3F0A208A3D6D4E7F3F05A9963DBE
:1088E0009D2F7F3F8C30A33D580E7F3F80B6AF3D1C
:1088F0009DEA7E3FC33ABC3D6DC47E3F36BDC83D58
:10890000C99B7E3FB93DD53DB0707E3F2EBCE13D59
:1089100023437E3F7638EE3D24137E3F73B2FA3D0B
:10892000B1E07D3F0295033ECCAB7D3F86CF093E53
:1089300074747D3FB708103EAC3A7D3F8340163ECD
:1089400073FE7C3FDE761C3EC9BF7C3FB6AB223E49
:10895000B07E7C3FFCDE283E283B7C3FA2102F3EB1
:1089600031F57B3F9840353ECDAC7B3FCF6E3B3EF3
:10897000FC617B3F379B413EBE147B3FC2C5473EF7
:1089800016C57A3F60EE4D3E02737A3F0115543EA4
:10899000841E7A3F97395A3E9DC7793F135C603EEB
:1089A0004E6E793F667C663E9812793F7F9A6C3EA8
:1089B0007BB4783F51B6723EF853783FCCCF783EC7
:1089C00010F1773FE1E67E3EC58B773FC07D823E6A
:1089D0001724773FCE86853E07BA763F938E883E32
:1089E000974D763F07958B3EC6DE753F229A8E3EA9
:1089F000976D753FDD9D913E0BFA743F31A0943E1B
:108A00002284743F17A1973EDD0B743F86A09A3EE7
:108A10003F91733F789E9D3E4714733FE59AA03E79
:108A2000F894723FC595A33E5213723F128FA63E33
:108A3000578F713FC486A93E0809713FD47CAC3E74
:108A40006680703F3A71AF3E73F56F3FEF63B23EA1
:108A500030686F3FEC54B53E9ED86E3F2A44B83E16
:108A6000BE466E3FA031BB3E93B26D3F4A1DBE3E37
:108A70001D1C6D3F1E07C13E5E836C3F15EFC33E5C
:108A800058E86B3F29D5C63E0C4B6B3F53B9C93EE6
:108A90007BAB6A3F8B9BCC3EA7096A3FCA7BCF3E2C
:108AA0009165693F095AD23E3CBF683F4136D53E89
:108AB000A816683F6B10D83ED86B673F80E8DA3E57
:108AC000CCBE663F79BEDD3E880F663F4F92E03EEA
:108AD0000B5E653FFA63E33E59AA643F7533E63E99
:108AE00073F4633FB700E93E5A3C633FBBCBEB3EB8
:108AF0001082623F7994EE3E98C5613FEA5AF13E9A
:108B0000F206613F071FF43E2146603FCBE0F63E90
:108B100027835F3F2DA0F93E05BE5E3F275DFC3EEB
:108B2000BEF65D3FB217FF3E532D5D3FE4E7003FC9
:108B3000C7615C3FB142023F1A945B3F3D9C033FDB
:108B400050C45A3F84F4043F6AF2593F824B063FB7
:108B50006A1E593F36A1073F5348583F9BF5083FCF
:108B60002670573FAD480A3FE595563F6B9A0B3F3D
:108B700093B9553FD0EA0C3F31DB543FDA390E3F11
:108B8000C3FA533F84870F3F4918533FCDD3103F5B
:108B9000C633523FB01E123F3D4D513F2A68133F2E
:108BA000AF64503F39B0143F1F7A4F3FD9F6153F9D
:108BB000908D4E3F073C173F029F4D3FC07F183FAF
:108BC00079AE4C3F00C2193FF8BB4B3FC6021B3F7A
:108BD0007FC74A3F0C421C3F12D1493FD17F1D3F06
:108BE000B3D8483F12BC1E3F65DE473FCBF61F3F60
:108BF0002AE2463FF92F213F03E4453F9967223F90
:108C0000F5E3443FA99D233F00E2433F25D2243FA3
:108C100029DE423F0A05263F70D8413F5636273F9E
:108C2000DAD0403F0566283F67C73F3F1594293F8C
:108C30001BBC3E3F82C02A3FF9AE3D3F4AEB2B3F73
:108C400003A03C3F69142D3F3B8F3B3FDE3B2E3F53
:108C5000A47C3A3FA5612F3F4268393FBB85303F36
:108C60001652383F1DA8313F233A373FC9C8323F1B
:108C70006C20363FBCE7333FF304353FF304353F08
:108C8000BCE7333F6C20363FC9C8323F233A373FF9
:108C90001DA8313F1652383FBB85303F4268393FEF
:108CA000A5612F3FA47C3A3FDE3B2E3F3B8F3B3FED
:108CB00069142D3F03A03C3F4AEB2B3FF9AE3D3FEB
:108CC00082C02A3F1BBC3E3F1594293F67C73F3FE8
:108CD0000566283FDAD0403F5636273F70D8413FDF
:108CE0000A05263F29DE423F25D2243F00E2433FCA
:108CF000A99D233FF5E3443F9967223F03E4453FA5
:108D0000F92F213F2AE2463FCBF61F3F65DE473F62
:108D100012BC1E3FB3D8483FD17F1D3F12D1493FFF
:108D20000C421C3F7FC74A3FC6021B3FF8BB4B3F6C
:108D300000C2193F79AE4C3FC07F183F029F4D3FA4
:108D4000073C173F908D4E3FD9F6153F1F7A4F3F96
:108D500039B0143FAF64503F2A68133F3D4D513F37
:108D6000B01E123FC633523FCDD3103F4918533F78
:108D700084870F3FC3FA533FDA390E3F31DB543F4C
:108D8000D0EA0C3F93B9553F6B9A0B3FE595563FA0
:108D9000AD480A3F2670573F9BF5083F5348583F60
:108DA00036A1073F6A1E593F824B063F6AF2593F80
:108DB00084F4043F50C45A3F3D9C033F1A945B3FE8
:108DC000B142023FC7615C3FE4E7003F532D5D3F86
:108DD000B217FF3EBEF65D3F275DFC3E05BE5E3F1F
:108DE0002DA0F93E27835F3FCBE0F63E2146603F52
:108DF000071FF43EF206613FEA5AF13E98C5613F13
:108E00007994EE3E1082623FBBCBEB3E5A3C633F0F
:108E1000B700E93E73F4633F7533E63E59AA643FF9
:108E2000FA63E33E0B5E653F4F92E03E880F663F7C
:108E300079BEDD3ECCBE663F80E8DA3ED86B673F48
:108E40006B10D83EA816683F4136D53E3CBF683F00
:108E5000095AD23E9165693FCA7BCF3EA7096A3F56
:108E60008B9BCC3E7BAB6A3F53B9C93E0C4B6B3FEF
:108E700029D5C63E58E86B3F15EFC33E5E836C3F75
:108E80001E07C13E1D1C6D3F4A1DBE3E93B26D3F85
:108E9000A031BB3EBE466E3F2A44B83E9ED86E3FD0
:108EA000EC54B53E30686F3FEF63B23E73F56F3FF1
:108EB0003A71AF3E6680703FD47CAC3E0809713F8A
:108EC000C486A93E578F713F128FA63E5213723F40
:108ED000C595A33EF894723FE59AA03E4714733FB0
:108EE000789E9D3E3F91733F86A09A3EDD0B743F76
:108EF00017A1973E2284743F31A0943E0BFA743F31
:108F0000DD9D913E976D753F229A8E3EC6DE753F80
:108F100007958B3E974D763F938E883E07BA763FF6
:108F2000CE86853E1724773FC07D823EC58B773F36
:108F3000E1E67E3E10F1773FCCCF783EF853783FA4
:108F400051B6723E7BB4783F7F9A6C3E9812793F5F
:108F5000667C663E4E6E793F135C603E9DC7793FEE
:108F600097395A3E841E7A3F0115543E02737A3F68
:108F700060EE4D3E16C57A3FC2C5473EBE147B3FEC
:108F8000379B413EFC617B3FCF6E3B3ECDAC7B3F90
:108F90009840353E31F57B3FA2102F3E283B7C3F69
:108FA000FCDE283EB07E7C3FB6AB223EC9BF7C3F94
:108FB000DE761C3E73FE7C3F8340163EAC3A7D3F1E
:108FC000B708103E74747D3F86CF093ECCAB7D3F21
:108FD0000295033EB1E07D3F73B2FA3D24137E3F1C
:108FE0007638EE3D23437E3F2EBCE13DB0707E3FA0
:108FF000B93DD53DC99B7E3F36BDC83D6DC47E3F62
:10900000C33ABC3D9DEA7E3F80B6AF3D580E7F3FE0
:109010008C30A33D9D2F7F3F05A9963D6D4E7F3F30
:109020000A208A3DC76A7F3F742B7B3DAB847F3F1C
:109030006814623D189C7F3F2FFB483D0FB17F3F76
:1090400007E02F3D8FC37F3F2CC3163D98D37F3F52
:10905000B949FB3C29E17F3FB00AC93C43EC7F3F63
:10906000B6C9963CE6F47F3F900E493C11FB7F3F2A
:10907000890FC93BC4FE7F3F000000000000803F15
:10908000890FC9BBC4FE7F3F900E49BC11FB7F3FD7
:10909000B6C996BCE6F47F3FB00AC9BC43EC7F3F3B
:1090A000B949FBBC29E17F3F2CC316BD98D37F3F54
:1090B00007E02FBD8FC37F3F2FFB48BD0FB17F3F20
:1090C000681462BD189C7F3F742B7BBDAB847F3FCF
:1090D0000A208ABDC76A7F3F05A996BD6D4E7F3FB6
:1090E0008C30A3BD9D2F7F3F80B6AFBD580E7F3F14
:1090F000C33ABCBD9DEA7E3F36BDC8BD6DC47E3F50
:10910000B93DD5BDC99B7E3F2EBCE1BDB0707E3F51
:109110007638EEBD23437E3F73B2FABD24137E3F03
:10912000029503BEB1E07D3F86CF09BECCAB7D3F4B
:10913000B70810BE74747D3F834016BEAC3A7D3FC5
:10914000DE761CBE73FE7C3FB6AB22BEC9BF7C3F41
:10915000FCDE28BEB07E7C3FA2102FBE283B7C3FA9
:10916000984035BE31F57B3FCF6E3BBECDAC7B3FEB
:10917000379B41BEFC617B3FC2C547BEBE147B3FEF
:1091800060EE4DBE16C57A3F011554BE02737A3F9C
:1091900097395ABE841E7A3F135C60BE9DC7793FE3
:1091A000667C66BE4E6E793F7F9A6CBE9812793FA0
:1091B00051B672BE7BB4783FCCCF78BEF853783FBF
:1091C000E1E67EBE10F1773FC07D82BEC58B773F62
:1091D000CE8685BE1724773F938E88BE07BA763F2A
:1091E00007958BBE974D763F229A8EBEC6DE753FA1
:1091F000DD9D91BE976D753F31A094BE0BFA743F13
:1092000017A197BE2284743F86A09ABEDD0B743FDF
:10921000789E9DBE3F91733FE59AA0BE4714733F71
:10922000C595A3BEF894723F128FA6BE5213723F2B
:10923000C486A9BE578F713FD47CACBE0809713F6C
:109240003A71AFBE6680703FEF63B2BE73F56F3F99
:10925000EC54B5BE30686F3F2A44B8BE9ED86E3F0E
:10926000A031BBBEBE466E3F4A1DBEBE93B26D3F2F
:109270001E07C1BE1D1C6D3F15EFC3BE5E836C3F54
:1092800029D5C6BE58E86B3F53B9C9BE0C4B6B3FDE
:109290008B9BCCBE7BAB6A3FCA7BCFBEA7096A3F24
:1092A000095AD2BE9165693F4136D5BE3CBF683F81
:1092B0006B10D8BEA816683F80E8DABED86B673F4F
:1092C00079BEDDBECCBE663F4F92E0BE880F663FE2
:1092D000FA63E3BE0B5E653F7533E6BE59AA643F91
:1092E000B700E9BE73F4633FBBCBEBBE5A3C633FB0
:1092F0007994EEBE1082623FEA5AF1BE98C5613F92
:10930000071FF4BEF206613FCBE0F6BE2146603F88
:109310002DA0F9BE27835F3F275DFCBE05BE5E3FE3
:10932000B217FFBEBEF65D3FE4E700BF532D5D3FC1
:10933000B14202BFC7615C3F3D9C03BF1A945B3FD3
:1093400084F404BF50C45A3F824B06BF6AF2593FAF
:1093500036A107BF6A1E593F9BF508BF5348583FC7
:10936000AD480ABF2670573F6B9A0BBFE595563F35
:10937000D0EA0CBF93B9553FDA390EBF31DB543F09
:1093800084870FBFC3FA533FCDD310BF4918533F53
:10939000B01E12BFC633523F2A6813BF3D4D513F26
:1093A00039B014BFAF64503FD9F615BF1F7A4F3F95
:1093B000073C17BF908D4E3FC07F18BF029F4D3FA7
:1093C00000C219BF79AE4C3FC6021BBFF8BB4B3F72
:1093D0000C421CBF7FC74A3FD17F1DBF12D1493FFE
:1093E00012BC1EBFB3D8483FCBF61FBF65DE473F58
:1093F000F92F21BF2AE2463F996722BF03E4453F88
:10940000A99D23BFF5E3443F25D224BF00E2433F9B
:109410000A0526BF29DE423F563627BF70D8413F96
:10942000056628BFDAD0403F159429BF67C73F3F84
:1094300082C02ABF1BBC3E3F4AEB2BBFF9AE3D3F6B
:1094400069142DBF03A03C3FDE3B2EBF3B8F3B3F4B
:10945000A5612FBFA47C3A3FBB8530BF4268393F2E
:109460001DA831BF1652383FC9C832BF233A373F13
:10947000BCE733BF6C20363FF30435BFF304353F00
:109480006C2036BFBCE7333F233A37BFC9C8323FF1
:10949000165238BF1DA8313F426839BFBB85303FE7
:1094A000A47C3ABFA5612F3F3B8F3BBFDE3B2E3FE5
:1094B00003A03CBF69142D3FF9AE3DBF4AEB2B3FE3
:1094C0001BBC3EBF82C02A3F67C73FBF1594293FE0
:1094D000DAD040BF0566283F70D841BF5636273FD7
:1094E00029DE42BF0A05263F00E243BF25D2243FC2
:1094F000F5E344BFA99D233F03E445BF9967223F9D
:109500002AE246BFF92F213F65DE47BFCBF61F3F5A
:10951000B3D848BF12BC1E3F12D149BFD17F1D3FF7
:109520007FC74ABF0C421C3FF8BB4BBFC6021B3F64
:1095300079AE4CBF00C2193F029F4DBFC07F183F9C
:10954000908D4EBF073C173F1F7A4FBFD9F6153F8E
:10955000AF6450BF39B0143F3D4D51BF2A68133F2F
:10956000C63352BFB01E123F491853BFCDD3103F70
:10957000C3FA53BF84870F3F31DB54BFDA390E3F44
:1095800093B955BFD0EA0C3FE59556BF6B9A0B3F98
:10959000267057BFAD480A3F534858BF9BF5083F58
:1095A0006A1E59BF36A1073F6AF259BF824B063F78
:1095B00050C45ABF84F4043F1A945BBF3D9C033FE0
:1095C000C7615CBFB142023F532D5DBFE4E7003F7E
:1095D000BEF65DBFB217FF3E05BE5EBF275DFC3E17
:1095E00027835FBF2DA0F93E214660BFCBE0F63E4A
:1095F000F20661BF071FF43E98C561BFEA5AF13E0B
:10960000108262BF7994EE3E5A3C63BFBBCBEB3E07
:1096100073F463BFB700E93E59AA64BF7533E63EF1
:109620000B5E65BFFA63E33E880F66BF4F92E03E74
:10963000CCBE66BF79BEDD3ED86B67BF80E8DA3E40
:10964000A81668BF6B10D83E3CBF68BF4136D53EF8
:10965000916569BF095AD23EA7096ABFCA7BCF3E4E
:109660007BAB6ABF8B9BCC3E0C4B6BBF53B9C93EE7
:1096700058E86BBF29D5C63E5E836CBF15EFC33E6D
:109680001D1C6DBF1E07C13E93B26DBF4A1DBE3E7D
:10969000BE466EBFA031BB3E9ED86EBF2A44B83EC8
:1096A00030686FBFEC54B53E73F56FBFEF63B23EE9
:1096B000668070BF3A71AF3E080971BFD47CAC3E82
:1096C000578F71BFC486A93E521372BF128FA63E38
:1096D000F89472BFC595A33E471473BFE59AA03EA8
:1096E0003F9173BF789E9D3EDD0B74BF86A09A3E6E
:1096F000228474BF17A1973E0BFA74BF31A0943E29
:10970000976D75BFDD9D913EC6DE75BF229A8E3E78
:10971000974D76BF07958B3E07BA76BF938E883EEE
:10972000172477BFCE86853EC58B77BFC07D823E2E
:1097300010F177BFE1E67E3EF85378BFCCCF783E9C
:109740007BB478BF51B6723E981279BF7F9A6C3E57
:109750004E6E79BF667C663E9DC779BF135C603EE6
:10976000841E7ABF97395A3E02737ABF0115543E60
:1097700016C57ABF60EE4D3EBE147BBFC2C5473EE4
:10978000FC617BBF379B413ECDAC7BBFCF6E3B3E88
:1097900031F57BBF9840353E283B7CBFA2102F3E61
:1097A000B07E7CBFFCDE283EC9BF7CBFB6AB223E8C
:1097B00073FE7CBFDE761C3EAC3A7DBF8340163E16
:1097C00074747DBFB708103ECCAB7DBF86CF093E19
:1097D000B1E07DBF0295033E24137EBF73B2FA3D14
:1097E00023437EBF7638EE3DB0707EBF2EBCE13D98
:1097F000C99B7EBFB93DD53D6DC47EBF36BDC83D5A
:109800009DEA7EBFC33ABC3D580E7FBF80B6AF3DD8
:109810009D2F7FBF8C30A33D6D4E7FBF05A9963D28
:10982000C76A7FBF0A208A3DAB847FBF742B7B3D14
:10983000189C7FBF6814623D0FB17FBF2FFB483D6E
:109840008FC37FBF07E02F3D98D37FBF2CC3163D4A
:1098500029E17FBFB949FB3C43EC7FBFB00AC93C5B
:10986000E6F47FBFB6C9963C11FB7FBF900E493C22
:10987000C4FE7FBF890FC93B000080BF000000000D
:10988000C4FE7FBF890FC9BB11FB7FBF900E49BCCF
:10989000E6F47FBFB6C996BC43EC7FBFB00AC9BC33
:1098A00029E17FBFB949FBBC98D37FBF2CC316BD4C
:1098B0008FC37FBF07E02FBD0FB17FBF2FFB48BD18
:1098C000189C7FBF681462BDAB847FBF742B7BBDC7
:1098D000C76A7FBF0A208ABD6D4E7FBF05A996BDAE
:1098E0009D2F7FBF8C30A3BD580E7FBF80B6AFBD0C
:1098F0009DEA7EBFC33ABCBD6DC47EBF36BDC8BD48
:10990000C99B7EBFB93DD5BDB0707EBF2EBCE1BD49
:1099100023437EBF7638EEBD24137EBF73B2FABDFB
:10992000B1E07DBF029503BECCAB7DBF86CF09BE43
:1099300074747DBFB70810BEAC3A7DBF834016BEBD
:1099400073FE7CBFDE761CBEC9BF7CBFB6AB22BE39
:10995000B07E7CBFFCDE28BE283B7CBFA2102FBEA1
:1099600031F57BBF984035BECDAC7BBFCF6E3BBEE3
:10997000FC617BBF379B41BEBE147BBFC2C547BEE7
:1099800016C57ABF60EE4DBE02737ABF011554BE94
:10999000841E7ABF97395ABE9DC779BF135C60BEDB
:1099A0004E6E79BF667C66BE981279BF7F9A6CBE98
:1099B0007BB478BF51B672BEF85378BFCCCF78BEB7
:1099C00010F177BFE1E67EBEC58B77BFC07D82BE5A
:1099D000172477BFCE8685BE07BA76BF938E88BE22
:1099E000974D76BF07958BBEC6DE75BF229A8EBE99
:1099F000976D75BFDD9D91BE0BFA74BF31A094BE0B
:109A0000228474BF17A197BEDD0B74BF86A09ABED7
:109A10003F9173BF789E9DBE471473BFE59AA0BE69
:109A2000F89472BFC595A3BE521372BF128FA6BE23
:109A3000578F71BFC486A9BE080971BFD47CACBE64
:109A4000668070BF3A71AFBE73F56FBFEF63B2BE91
:109A500030686FBFEC54B5BE9ED86EBF2A44B8BE06
:109A6000BE466EBFA031BBBE93B26DBF4A1DBEBE27
:109A70001D1C6DBF1E07C1BE5E836CBF15EFC3BE4C
:109A800058E86BBF29D5C6BE0C4B6BBF53B9C9BED6
:109A90007BAB6ABF8B9BCCBEA7096ABFCA7BCFBE1C
:109AA000916569BF095AD2BE3CBF68BF4136D5BE79
:109AB000A81668BF6B10D8BED86B67BF80E8DABE47
:109AC000CCBE66BF79BEDDBE880F66BF4F92E0BEDA
:109AD0000B5E65BFFA63E3BE59AA64BF7533E6BE89
:109AE00073F463BFB700E9BE5A3C63BFBBCBEBBEA8
:109AF000108262BF7994EEBE98C561BFEA5AF1BE8A
:109B0000F20661BF071FF4BE214660BFCBE0F6BE80
:109B100027835FBF2DA0F9BE05BE5EBF275DFCBEDB
:109B2000BEF65DBFB217FFBE532D5DBFE4E700BFB9
:109B3000C7615CBFB14202BF1A945BBF3D9C03BFCB
:109B400050C45ABF84F404BF6AF259BF824B06BFA7
:109B50006A1E59BF36A107BF534858BF9BF508BFBF
:109B6000267057BFAD480ABFE59556BF6B9A0BBF2D
:109B700093B955BFD0EA0CBF31DB54BFDA390EBF01
:109B8000C3FA53BF84870FBF491853BFCDD310BF4B
:109B9000C63352BFB01E12BF3D4D51BF2A6813BF1E
:109BA000AF6450BF39B014BF1F7A4FBFD9F615BF8D
:109BB000908D4EBF073C17BF029F4DBFC07F18BF9F
:109BC00079AE4CBF00C219BFF8BB4BBFC6021BBF6A
:109BD0007FC74ABF0C421CBF12D149BFD17F1DBFF6
:109BE000B3D848BF12BC1EBF65DE47BFCBF61FBF50
:109BF0002AE246BFF92F21BF03E445BF996722BF80
:109C0000F5E344BFA99D23BF00E243BF25D224BF93
:109C100029DE42BF0A0526BF70D841BF563627BF8E
:109C2000DAD040BF056628BF67C73FBF159429BF7C
:109C30001BBC3EBF82C02ABFF9AE3DBF4AEB2BBF63
:109C400003A03CBF69142DBF3B8F3BBFDE3B2EBF43
:109C5000A47C3ABFA5612FBF426839BFBB8530BF26
:109C6000165238BF1DA831BF233A37BFC9C832BF0B
:109C70006C2036BFBCE733BFF30435BFF30435BFF8
:109C8000BCE733BF6C2036BFC9C832BF233A37BFE9
:109C90001DA831BF165238BFBB8530BF426839BFDF
:109CA000A5612FBFA47C3ABFDE3B2EBF3B8F3BBFDD
:109CB00069142DBF03A03CBF4AEB2BBFF9AE3DBFDB
:109CC00082C02ABF1BBC3EBF159429BF67C73FBFD8
:109CD000056628BFDAD040BF563627BF70D841BFCF
:109CE0000A0526BF29DE42BF25D224BF00E243BFBA
:109CF000A99D23BFF5E344BF996722BF03E445BF95
:109D0000F92F21BF2AE246BFCBF61FBF65DE47BF52
:109D100012BC1EBFB3D848BFD17F1DBF12D149BFEF
:109D20000C421CBF7FC74ABFC6021BBFF8BB4BBF5C
:109D300000C219BF79AE4CBFC07F18BF029F4DBF94
:109D4000073C17BF908D4EBFD9F615BF1F7A4FBF86
:109D500039B014BFAF6450BF2A6813BF3D4D51BF27
:109D6000B01E12BFC63352BFCDD310BF491853BF68
:109D700084870FBFC3FA53BFDA390EBF31DB54BF3C
:109D8000D0EA0CBF93B955BF6B9A0BBFE59556BF90
:109D9000AD480ABF267057BF9BF508BF534858BF50
:109DA00036A107BF6A1E59BF824B06BF6AF259BF70
:109DB00084F404BF50C45ABF3D9C03BF1A945BBFD8
:109DC000B14202BFC7615CBFE4E700BF532D5DBF76
:109DD000B217FFBEBEF65DBF275DFCBE05BE5EBF0F
:109DE0002DA0F9BE27835FBFCBE0F6BE214660BF42
:109DF000071FF4BEF20661BFEA5AF1BE98C561BF03
:109E00007994EEBE108262BFBBCBEBBE5A3C63BFFF
:109E1000B700E9BE73F463BF7533E6BE59AA64BFE9
:109E2000FA63E3BE0B5E65BF4F92E0BE880F66BF6C
:109E300079BEDDBECCBE66BF80E8DABED86B67BF38
:109E40006B10D8BEA81668BF4136D5BE3CBF68BFF0
:109E5000095AD2BE916569BFCA7BCFBEA7096ABF46
:109E60008B9BCCBE7BAB6ABF53B9C9BE0C4B6BBFDF
:109E700029D5C6BE58E86BBF15EFC3BE5E836CBF65
:109E80001E07C1BE1D1C6DBF4A1DBEBE93B26DBF75
:109E9000A031BBBEBE466EBF2A44B8BE9ED86EBFC0
:109EA000EC54B5BE30686FBFEF63B2BE73F56FBFE1
:109EB0003A71AFBE668070BFD47CACBE080971BF7A
:109EC000C486A9BE578F71BF128FA6BE521372BF30
:109ED000C595A3BEF89472BFE59AA0BE471473BFA0
:109EE000789E9DBE3F9173BF86A09ABEDD0B74BF66
:109EF00017A197BE228474BF31A094BE0BFA74BF21
:109F0000DD9D91BE976D75BF229A8EBEC6DE75BF70
:109F100007958BBE974D76BF938E88BE07BA76BFE6
:109F2000CE8685BE172477BFC07D82BEC58B77BF26
:109F3000E1E67EBE10F177BFCCCF78BEF85378BF94
:109F400051B672BE7BB478BF7F9A6CBE981279BF4F
:109F5000667C66BE4E6E79BF135C60BE9DC779BFDE
:109F600097395ABE841E7ABF011554BE02737ABF58
:109F700060EE4DBE16C57ABFC2C547BEBE147BBFDC
:109F8000379B41BEFC617BBFCF6E3BBECDAC7BBF80
:109F9000984035BE31F57BBFA2102FBE283B7CBF59
:109FA000FCDE28BEB07E7CBFB6AB22BEC9BF7CBF84
:109FB000DE761CBE73FE7CBF834016BEAC3A7DBF0E
:109FC000B70810BE74747DBF86CF09BECCAB7DBF11
:109FD000029503BEB1E07DBF73B2FABD24137EBF0C
:109FE0007638EEBD23437EBF2EBCE1BDB0707EBF90
:109FF000B93DD5BDC99B7EBF36BDC8BD6DC47EBF52
:10A00000C33ABCBD9DEA7EBF80B6AFBD580E7FBFD0
:10A010008C30A3BD9D2F7FBF05A996BD6D4E7FBF20
:10A020000A208ABDC76A7FBF742B7BBDAB847FBF0C
:10A03000681462BD189C7FBF2FFB48BD0FB17FBF66
:10A0400007E02FBD8FC37FBF2CC316BD98D37FBF42
:10A05000B949FBBC29E17FBFB00AC9BC43EC7FBF53
:10A06000B6C996BCE6F47FBF900E49BC11FB7FBF1A
:10A07000890FC9BBC4FE7FBF00000080000080BF05
:10A08000890FC93BC4FE7FBF900E493C11FB7FBFC7
:10A09000B6C9963CE6F47FBFB00AC93C43EC7FBF2B
:10A0A000B949FB3C29E17FBF2CC3163D98D37FBF44
:10A0B00007E02F3D8FC37FBF2FFB483D0FB17FBF10
:10A0C0006814623D189C7FBF742B7B3DAB847FBFBF
:10A0D0000A208A3DC76A7FBF05A9963D6D4E7FBFA6
:10A0E0008C30A33D9D2F7FBF80B6AF3D580E7FBF04
:10A0F000C33ABC3D9DEA7EBF36BDC83D6DC47EBF40
:10A10000B93DD53DC99B7EBF2EBCE13DB0707EBF41
:10A110007638EE3D23437EBF73B2FA3D24137EBFF3
:10A120000295033EB1E07DBF86CF093ECCAB7DBF3B
:10A13000B708103E74747DBF8340163EAC3A7DBFB5
:10A14000DE761C3E73FE7CBFB6AB223EC9BF7CBF31
:10A15000FCDE283EB07E7CBFA2102F3E283B7CBF99
:10A160009840353E31F57BBFCF6E3B3ECDAC7BBFDB
:10A17000379B413EFC617BBFC2C5473EBE147BBFDF
:10A1800060EE4D3E16C57ABF0115543E02737ABF8C
:10A1900097395A3E841E7ABF135C603E9DC779BFD3
:10A1A000667C663E4E6E79BF7F9A6C3E981279BF90
:10A1B00051B6723E7BB478BFCCCF783EF85378BFAF
:10A1C000E1E67E3E10F177BFC07D823EC58B77BF52
:10A1D000CE86853E172477BF938E883E07BA76BF1A
:10A1E00007958B3E974D76BF229A8E3EC6DE75BF91
:10A1F000DD9D913E976D75BF31A0943E0BFA74BF03
:10A2000017A1973E228474BF86A09A3EDD0B74BFCF
:10A21000789E9D3E3F9173BFE59AA03E471473BF61
:10A22000C595A33EF89472BF128FA63E521372BF1B
:10A23000C486A93E578F71BFD47CAC3E080971BF5C
:10A240003A71AF3E668070BFEF63B23E73F56FBF89
:10A25000EC54B53E30686FBF2A44B83E9ED86EBFFE
:10A26000A031BB3EBE466EBF4A1DBE3E93B26DBF1F
:10A270001E07C13E1D1C6DBF15EFC33E5E836CBF44
:10A2800029D5C63E58E86BBF53B9C93E0C4B6BBFCE
:10A290008B9BCC3E7BAB6ABFCA7BCF3EA7096ABF14
:10A2A000095AD23E916569BF4136D53E3CBF68BF71
:10A2B0006B10D83EA81668BF80E8DA3ED86B67BF3F
:10A2C00079BEDD3ECCBE66BF4F92E03E880F66BFD2
:10A2D000FA63E33E0B5E65BF7533E63E59AA64BF81
:10A2E000B700E93E73F463BFBBCBEB3E5A3C63BFA0
:10A2F0007994EE3E108262BFEA5AF13E98C561BF82
:10A30000071FF43EF20661BFCBE0F63E214660BF78
:10A310002DA0F93E27835FBF275DFC3E05BE5EBFD3
:10A32000B217FF3EBEF65DBFE4E7003F532D5DBFB1
:10A33000B142023FC7615CBF3D9C033F1A945BBFC3
:10A3400084F4043F50C45ABF824B063F6AF259BF9F
:10A3500036A1073F6A1E59BF9BF5083F534858BFB7
:10A36000AD480A3F267057BF6B9A0B3FE59556BF25
:10A37000D0EA0C3F93B955BFDA390E3F31DB54BFF9
:10A3800084870F3FC3FA53BFCDD3103F491853BF43
:10A39000B01E123FC63352BF2A68133F3D4D51BF16
:10A3A00039B0143FAF6450BFD9F6153F1F7A4FBF85
:10A3B000073C173F908D4EBFC07F183F029F4DBF97
:10A3C00000C2193F79AE4CBFC6021B3FF8BB4BBF62
:10A3D0000C421C3F7FC74ABFD17F1D3F12D149BFEE
:10A3E00012BC1E3FB3D848BFCBF61F3F65DE47BF48
:10A3F000F92F213F2AE246BF9967223F03E445BF78
:10A40000A99D233FF5E344BF25D2243F00E243BF8B
:10A410000A05263F29DE42BF5636273F70D841BF86
:10A420000566283FDAD040BF1594293F67C73FBF74
:10A4300082C02A3F1BBC3EBF4AEB2B3FF9AE3DBF5B
:10A4400069142D3F03A03CBFDE3B2E3F3B8F3BBF3B
:10A45000A5612F3FA47C3ABFBB85303F426839BF1E
:10A460001DA8313F165238BFC9C8323F233A37BF03
:10A47000BCE7333F6C2036BFF304353FF30435BFF0
:10A480006C20363FBCE733BF233A373FC9C832BFE1
:10A490001652383F1DA831BF4268393FBB8530BFD7
:10A4A000A47C3A3FA5612FBF3B8F3B3FDE3B2EBFD5
:10A4B00003A03C3F69142DBFF9AE3D3F4AEB2BBFD3
:10A4C0001BBC3E3F82C02ABF67C73F3F159429BFD0
:10A4D000DAD0403F056628BF70D8413F563627BFC7
:10A4E00029DE423F0A0526BF00E2433F25D224BFB2
:10A4F000F5E3443FA99D23BF03E4453F996722BF8D
:10A500002AE2463FF92F21BF65DE473FCBF61FBF4A
:10A51000B3D8483F12BC1EBF12D1493FD17F1DBFE7
:10A520007FC74A3F0C421CBFF8BB4B3FC6021BBF54
:10A5300079AE4C3F00C219BF029F4D3FC07F18BF8C
:10A54000908D4E3F073C17BF1F7A4F3FD9F615BF7E
:10A55000AF64503F39B014BF3D4D513F2A6813BF1F
:10A56000C633523FB01E12BF4918533FCDD310BF60
:10A57000C3FA533F84870FBF31DB543FDA390EBF34
:10A5800093B9553FD0EA0CBFE595563F6B9A0BBF88
:10A590002670573FAD480ABF5348583F9BF508BF48
:10A5A0006A1E593F36A107BF6AF2593F824B06BF68
:10A5B00050C45A3F84F404BF1A945B3F3D9C03BFD0
:10A5C000C7615C3FB14202BF532D5D3FE4E700BF6E
:10A5D000BEF65D3FB217FFBE05BE5E3F275DFCBE07
:10A5E00027835F3F2DA0F9BE2146603FCBE0F6BE3A
:10A5F000F206613F071FF4BE98C5613FEA5AF1BEFB
:10A600001082623F7994EEBE5A3C633FBBCBEBBEF7
:10A6100073F4633FB700E9BE59AA643F7533E6BEE1
:10A620000B5E653FFA63E3BE880F663F4F92E0BE64
:10A63000CCBE663F79BEDDBED86B673F80E8DABE30
:10A64000A816683F6B10D8BE3CBF683F4136D5BEE8
:10A650009165693F095AD2BEA7096A3FCA7BCFBE3E
:10A660007BAB6A3F8B9BCCBE0C4B6B3F53B9C9BED7
:10A6700058E86B3F29D5C6BE5E836C3F15EFC3BE5D
:10A680001D1C6D3F1E07C1BE93B26D3F4A1DBEBE6D
:10A69000BE466E3FA031BBBE9ED86E3F2A44B8BEB8
:10A6A00030686F3FEC54B5BE73F56F3FEF63B2BED9
:10A6B0006680703F3A71AFBE0809713FD47CACBE72
:10A6C000578F713FC486A9BE5213723F128FA6BE28
:10A6D000F894723FC595A3BE4714733FE59AA0BE98
:10A6E0003F91733F789E9DBEDD0B743F86A09ABE5E
:10A6F0002284743F17A197BE0BFA743F31A094BE19
:10A70000976D753FDD9D91BEC6DE753F229A8EBE68
:10A71000974D763F07958BBE07BA763F938E88BEDE
:10A720001724773FCE8685BEC58B773FC07D82BE1E
:10A7300010F1773FE1E67EBEF853783FCCCF78BE8C
:10A740007BB4783F51B672BE9812793F7F9A6CBE47
:10A750004E6E793F667C66BE9DC7793F135C60BED6
:10A76000841E7A3F97395ABE02737A3F011554BE50
:10A7700016C57A3F60EE4DBEBE147B3FC2C547BED4
:10A78000FC617B3F379B41BECDAC7B3FCF6E3BBE78
:10A7900031F57B3F984035BE283B7C3FA2102FBE51
:10A7A000B07E7C3FFCDE28BEC9BF7C3FB6AB22BE7C
:10A7B00073FE7C3FDE761CBEAC3A7D3F834016BE06
:10A7C00074747D3FB70810BECCAB7D3F86CF09BE09
:10A7D000B1E07D3F029503BE24137E3F73B2FABD04
:10A7E00023437E3F7638EEBDB0707E3F2EBCE1BD88
:10A7F000C99B7E3FB93DD5BD6DC47E3F36BDC8BD4A
:10A800009DEA7E3FC33ABCBD580E7F3F80B6AFBDC8
:10A810009D2F7F3F8C30A3BD6D4E7F3F05A996BD18
:10A82000C76A7F3F0A208ABDAB847F3F742B7BBD04
:10A83000189C7F3F681462BD0FB17F3F2FFB48BD5E
:10A840008FC37F3F07E02FBD98D37F3F2CC316BD3A
:10A8500029E17F3FB949FBBC43EC7F3FB00AC9BC4B
:10A86000E6F47F3FB6C996BC11FB7F3F900E49BC12
:10A87000C4FE7F3F890FC9BB0000803F000000007D
:10A88000B1FF7F3FC70F493BC4FE7F3F890FC93BE4
:10A8900039FD7F3F59CB163C11FB7F3F900E493C61
:10A8A0004AF87F3F4B517B3CE6F47F3FB6C9963C6C
:10A8B000E3F07F3F69EAAF3C43EC7F3FB00AC93C1D
:10A8C00005E77F3F7B2AE23C29E17F3FB949FB3C1A
:10A8D000AFDA7F3F2F340A3D98D37F3F2CC3163D1C
:10A8E000E2CB7F3FCC51233D8FC37F3F07E02F3D1D
:10A8F0009EBA7F3FD56D3C3D0FB17F3F2FFB483D5A
:10A90000E3A67F3F0E88553D189C7F3F6814623D4B
:10A91000B1907F3F38A06E3DAB847F3F742B7B3D71
:10A9200008787F3F0ADB833DC76A7F3F0A208A3D64
:10A93000E95C7F3FB464903D6D4E7F3F05A9963D35
:10A94000543F7F3FF9EC9C3D9D2F7F3F8C30A33DD2
:10A95000491F7F3FBA73A93D580E7F3F80B6AF3D78
:10A96000C9FC7E3FDAF8B53D9DEA7E3FC33ABC3D67
:10A97000D4D77E3F397CC23D6DC47E3F36BDC83DD5
:10A9800069B07E3FB7FDCE3DC99B7E3FB93DD53D09
:10A990008B867E3F377DDB3DB0707E3F2EBCE13D38
:10A9A000385A7E3F9AFAE73D23437E3F7638EE3DA4
:10A9B000722B7E3FC075F43D24137E3F73B2FA3D87
:10A9C00038FA7D3F4577003EB1E07D3F0295033E7A
:10A9D0008CC67D3F6EB2063ECCAB7D3F86CF093E36
:10A9E0006E907D3F4AEC0C3E74747D3FB708103E7C
:10A9F000DE577D3FCA24133EAC3A7D3F8340163E6E
:10AA0000DD1C7D3FE05B193E73FE7C3FDE761C3E25
:10AA10006CDF7C3F7B911F3EC9BF7C3FB6AB223EC3
:10AA20008A9F7C3F8CC5253EB07E7C3FFCDE283E65
:10AA30003A5D7C3F04F82B3E283B7C3FA2102F3E22
:10AA40007A187C3FD428323E31F57B3F9840353E22
:10AA50004DD17B3FEC57383ECDAC7B3FCF6E3B3E7C
:10AA6000B2877B3F3E853E3EFC617B3F379B413E4C
:10AA7000AB3B7B3FB9B0443EBE147B3FC2C5473EB3
:10AA800037ED7A3F4FDA4A3E16C57A3F60EE4D3ECB
:10AA9000599C7A3FF101513E02737A3F0115543EB1
:10AAA00010497A3F8F27573E841E7A3F97395A3E86
:10AAB0005EF3793F1A4B5D3E9DC7793F135C603E64
:10AAC000439B793F836C633E4E6E793F667C663E66
:10AAD000C040793FBA8B693E9812793F7F9A6C3EAD
:10AAE000D6E3783FB2A86F3E7BB4783F51B6723E52
:10AAF0008684783F5AC3753EF853783FCCCF783E72
:10AB0000D122783FA4DB7B3E10F1773FE1E67E3E29
:10AB1000B7BE773FC0F8803EC58B773FC07D823E91
:10AB20003A58773F7002843E1724773FCE86853EA1
:10AB30005BEF763FDA0A873E07BA763F938E883E10
:10AB40001B84763FF8118A3E974D763F07958B3EE2
:10AB50007A16763FC0178D3EC6DE753F229A8E3E2E
:10AB60007BA6753F2C1C903E976D753FDD9D913EF9
:10AB70001D34753F351F933E0BFA743F31A0943E50
:10AB800062BF743FD220963E2284743F17A1973E45
:10AB90004B48743FFE20993EDD0B743F86A09A3EE1
:10ABA000D9CE733FAF1F9C3E3F91733F789E9D3E31
:10ABB0000E53733FDF1C9F3E4714733FE59AA03E40
:10ABC000EBD4723F8718A23EF894723FC595A33E1E
:10ABD0007054723F9F12A53E5213723F128FA63ED1
:10ABE0009FD1713F1F0BA83E578F713FC486A93E6E
:10ABF0007A4C713F0102AB3E0809713FD47CAC3EF8
:10AC000002C5703F3CF7AD3E6680703F3A71AF3E83
:10AC1000373B703FCBEAB03E73F56F3FEF63B23E18
:10AC20001BAF6F3FA5DCB33E30686F3FEC54B53EC1
:10AC3000B0206F3FC3CCB63E9ED86E3F2A44B83E8C
:10AC4000F88F6E3F1EBBB93EBE466E3FA031BB3E85
:10AC5000F2FC6D3FAFA7BC3E93B26D3F4A1DBE3EB6
:10AC6000A1676D3F6F92BF3E1D1C6D3F1E07C13E29
:10AC700007D06C3F557BC23E5E836C3F15EFC33EF1
:10AC800024366C3F5C62C53E58E86B3F29D5C63E12
:10AC9000FB996B3F7C47C83E0C4B6B3F53B9C93E99
:10ACA0008CFB6A3FAE2ACB3E7BAB6A3F8B9BCC3E94
:10ACB000D95A6A3FEA0BCE3EA7096A3FCA7BCF3E0C
:10ACC000E4B7693F2AEBD03E9165693F095AD23E0D
:10ACD000AE12693F67C8D33E3CBF683F4136D53EA0
:10ACE000396B683F99A3D63EA816683F6B10D83ED3
:10ACF00087C1673FB97CD93ED86B673F80E8DA3EB1
:10AD00009915673FC153DC3ECCBE663F79BEDD3E40
:10AD10007167663FA928DF3E880F663F4F92E03E8D
:10AD200010B7653F6AFBE13E0B5E653FFA63E33EA9
:10AD30007904653FFECBE43E59AA643F7533E63E95
:10AD4000AC4F643F5D9AE73E73F4633FB700E93E62
:10AD5000AC98633F8166EA3E5A3C633FBBCBEB3E17
:10AD60007BDF623F6330ED3E1082623F7994EE3EBE
:10AD70001A24623FFBF7EF3E98C5613FEA5AF13E65
:10AD80008A66613F43BDF23EF206613F071FF43E13
:10AD9000CFA6603F3580F53E2146603FCBE0F63ED2
:10ADA000E9E45F3FC840F83E27835F3F2DA0F93EAE
:10ADB000DB205F3FF7FEFA3E05BE5E3F275DFC3EAF
:10ADC000A65A5E3FBBBAFD3EBEF65D3FB217FF3EE0
:10ADD0004D925D3F063A003F532D5D3FE4E7003F53
:10ADE000D1C75C3F7395013FC7615C3FB142023FF1
:10ADF00034FB5B3F9FEF023F1A945B3F3D9C033F58
:10AE0000792C5B3F8948043F50C45A3F84F4043F87
:10AE1000A05B5A3F2CA0053F6AF2593F824B063F88
:10AE2000AD88593F86F6063F6A1E593F36A1073F57
:10AE3000A1B3583F924B083F5348583F9BF5083FFA
:10AE40007FDC573F4E9F093F2670573FAD480A3F72
:10AE50004803573FB7F10A3FE595563F6B9A0B3FC2
:10AE6000FE27563FC9420C3F93B9553FD0EA0C3FED
:10AE7000A44A553F81920D3F31DB543FDA390E3FF2
:10AE80003B6B543FDBE00E3FC3FA533F84870F3FD9
:10AE9000C789533FD52D103F4918533FCDD3103F9D
:10AEA00049A6523F6B79113FC633523FB01E123F45
:10AEB000C2C0513F9AC3123F3D4D513F2A68133FD4
:10AEC00037D9503F5F0C143FAF64503F39B0143F47
:10AED000A8EF4F3FB753153F1F7A4F3FD9F6153FA5
:10AEE00017044F3F9F99163F908D4E3F073C173FE9
:10AEF00089164E3F12DE173F029F4D3FC07F183F1D
:10AF0000FD264D3F0F21193F79AE4C3F00C2193F3E
:10AF100078354C3F93621A3FF8BB4B3FC6021B3F4C
:10AF2000FA414B3F99A21B3F7FC74A3F0C421C3F4F
:10AF3000874C4A3F1FE11C3F12D1493FD17F1D3F43
:10AF40002155493F221E1E3FB3D8483F12BC1E3F29
:10AF5000CA5B483F9F591F3F65DE473FCBF61F3F07
:10AF60008560473F9393203F2AE2463FF92F213FD8
:10AF70005463463FFBCB213F03E4453F9967223FA3
:10AF80003964453FD302233FF5E3443FA99D233F66
:10AF90003763443F1A38243F00E2433F25D2243F21
:10AFA0005160433FCB6B253F29DE423F0A05263FD8
:10AFB000895B423FE39D263F70D8413F5636273F8D
:10AFC000E154413F61CE273FDAD0403F0566283F3C
:10AFD0005C4C403F41FD283F67C73F3F1594293FE8
:10AFE000FC413F3F802A2A3F1BBC3E3F82C02A3F94
:10AFF000C5353E3F1B562B3FF9AE3D3F4AEB2B3F3D
:10B00000B8273D3F0F802C3F03A03C3F69142D3FE4
:10B01000D9173C3F59A82D3F3B8F3B3FDE3B2E3F8E
:10B0200029063B3FF7CE2E3FA47C3A3FA5612F3F38
:10B03000ACF2393FE6F32F3F4268393FBB85303FE2
:10B0400065DD383F2217313F1652383F1DA8313F8A
:10B0500055C6373FAA38323F233A373FC9C8323F37
:10B060007FAD363F7A58333F6C20363FBCE7333FE5
:10B07000E792353F8F76343FF304353FF304353F95
:10B080008F76343FE792353FBCE7333F6C20363F45
:10B090007A58333F7FAD363FC9C8323F233A373FF6
:10B0A000AA38323F55C6373F1DA8313F1652383FA8
:10B0B0002217313F65DD383FBB85303F4268393F5D
:10B0C000E6F32F3FACF2393FA5612F3FA47C3A3F16
:10B0D000F7CE2E3F29063B3FDE3B2E3F3B8F3B3FCB
:10B0E00059A82D3FD9173C3F69142D3F03A03C3F81
:10B0F0000F802C3FB8273D3F4AEB2B3FF9AE3D3F39
:10B100001B562B3FC5353E3F82C02A3F1BBC3E3FEE
:10B11000802A2A3FFC413F3F1594293F67C73F3FA4
:10B1200041FD283F5C4C403F0566283FDAD0403F58
:10B1300061CE273FE154413F5636273F70D8413F0B
:10B14000E39D263F895B423F0A05263F29DE423FB9
:10B15000CB6B253F5160433F25D2243F00E2433F64
:10B160001A38243F3763443FA99D233FF5E3443F0A
:10B17000D302233F3964453F9967223F03E4453FAB
:10B18000FBCB213F5463463FF92F213F2AE2463F44
:10B190009393203F8560473FCBF61F3F65DE473FD7
:10B1A0009F591F3FCA5B483F12BC1E3FB3D8483F60
:10B1B000221E1E3F2155493FD17F1D3F12D1493FDD
:10B1C0001FE11C3F874C4A3F0C421C3F7FC74A3F50
:10B1D00099A21B3FFA414B3FC6021B3FF8BB4B3FB6
:10B1E00093621A3F78354C3F00C2193F79AE4C3F0D
:10B1F0000F21193FFD264D3FC07F183F029F4D3F55
:10B2000012DE173F89164E3F073C173F908D4E3F89
:10B210009F99163F17044F3FD9F6153F1F7A4F3FAE
:10B22000B753153FA8EF4F3F39B0143FAF64503FBD
:10B230005F0C143F37D9503F2A68133F3D4D513FB3
:10B240009AC3123FC2C0513FB01E123FC633523F95
:10B250006B79113F49A6523FCDD3103F4918533F58
:10B26000D52D103FC789533F84870F3FC3FA533F03
:10B27000DBE00E3F3B6B543FDA390E3F31DB543F8E
:10B2800081920D3FA44A553FD0EA0C3F93B9553FF8
:10B29000C9420C3FFE27563F6B9A0B3FE595563F40
:10B2A000B7F10A3F4803573FAD480A3F2670573F62
:10B2B0004E9F093F7FDC573F9BF5083F5348583F5F
:10B2C000924B083FA1B3583F36A1073F6A1E593F32
:10B2D00086F6063FAD88593F824B063F6AF2593FDA
:10B2E0002CA0053FA05B5A3F84F4043F50C45A3F52
:10B2F0008948043F792C5B3F3D9C033F1A945B3F98
:10B300009FEF023F34FB5B3FB142023FC7615C3FAE
:10B310007395013FD1C75C3FE4E7003F532D5D3F8C
:10B32000063A003F4D925D3FB217FF3EBEF65D3FCD
:10B33000BBBAFD3EA65A5E3F275DFC3E05BE5E3FA2
:10B34000F7FEFA3EDB205F3F2DA0F93E27835F3FEB
:10B35000C840F83EE9E45F3FCBE0F63E2146603F5F
:10B360003580F53ECFA6603F071FF43EF206613FF1
:10B3700043BDF23E8A66613FEA5AF13E98C5613F9D
:10B38000FBF7EF3E1A24623F7994EE3E1082623F53
:10B390006330ED3E7BDF623FBBCBEB3E5A3C633F0D
:10B3A0008166EA3EAC98633FB700E93E73F4633FC1
:10B3B0005D9AE73EAC4F643F7533E63E59AA643F61
:10B3C000FECBE43E7904653FFA63E33E0B5E653FE6
:10B3D0006AFBE13E10B7653F4F92E03E880F663F43
:10B3E000A928DF3E7167663F79BEDD3ECCBE663F71
:10B3F000C153DC3E9915673F80E8DA3ED86B673F62
:10B40000B97CD93E87C1673F6B10D83EA816683F0C
:10B4100099A3D63E396B683F4136D53E3CBF683F65
:10B4200067C8D33EAE12693F095AD23E9165693F63
:10B430002AEBD03EE4B7693FCA7BCF3EA7096A3FFB
:10B44000EA0BCE3ED95A6A3F8B9BCC3E7BAB6A3F20
:10B45000AE2ACB3E8CFB6A3F53B9C93E0C4B6B3FC7
:10B460007C47C83EFB996B3F29D5C63E58E86B3FE9
:10B470005C62C53E24366C3F15EFC33E5E836C3F75
:10B48000557BC23E07D06C3F1E07C13E1D1C6D3F61
:10B490006F92BF3EA1676D3F4A1DBE3E93B26D3FA6
:10B4A000AFA7BC3EF2FC6D3FA031BB3EBE466E3F37
:10B4B0001EBBB93EF88F6E3F2A44B83E9ED86E3F01
:10B4C000C3CCB63EB0206F3FEC54B53E30686F3F02
:10B4D000A5DCB33E1BAF6F3FEF63B23E73F56F3F2A
:10B4E000CBEAB03E373B703F3A71AF3E6680703F6B
:10B4F0003CF7AD3E02C5703FD47CAC3E0809713FBD
:10B500000102AB3E7A4C713FC486A93E578F713F12
:10B510001F0BA83E9FD1713F128FA63E5213723F60
:10B520009F12A53E7054723FC595A33EF894723F9A
:10B530008718A23EEBD4723FE59AA03E4714733FB2
:10B54000DF1C9F3E0E53733F789E9D3E3F91733F9D
:10B55000AF1F9C3ED9CE733F86A09A3EDD0B743F51
:10B56000FE20993E4B48743F17A1973E2284743FBA
:10B57000D220963E62BF743F31A0943E0BFA743FD6
:10B58000351F933E1D34753FDD9D913E976D753F90
:10B590002C1C903E7BA6753F229A8E3EC6DE753FE0
:10B5A000C0178D3E7A16763F07958B3E974D763FB6
:10B5B000F8118A3E1B84763F938E883E07BA763F09
:10B5C000DA0A873E5BEF763FCE86853E1724773FCB
:10B5D0007002843E3A58773FC07D823EC58B773FEC
:10B5E000C0F8803EB7BE773FE1E67E3E10F1773F80
:10B5F000A4DB7B3ED122783FCCCF783EF853783F16
:10B600005AC3753E8684783F51B6723E7BB4783F0C
:10B61000B2A86F3ED6E3783F7F9A6C3E9812793F8E
:10B62000BA8B693EC040793F667C663E4E6E793F7C
:10B63000836C633E439B793F135C603E9DC7793FBB
:10B640001A4B5D3E5EF3793F97395A3E841E7A3F2E
:10B650008F27573E10497A3F0115543E02737A3FB7
:10B66000F101513E599C7A3F60EE4D3E16C57A3F3E
:10B670004FDA4A3E37ED7A3FC2C5473EBE147B3FA4
:10B68000B9B0443EAB3B7B3F379B413EFC617B3FC7
:10B690003E853E3EB2877B3FCF6E3B3ECDAC7B3F8F
:10B6A000EC57383E4DD17B3F9840353E31F57B3FDE
:10B6B000D428323E7A187C3FA2102F3E283B7C3F94
:10B6C00004F82B3E3A5D7C3FFCDE283EB07E7C3F9A
:10B6D0008CC5253E8A9F7C3FB6AB223EC9BF7C3FCE
:10B6E0007B911F3E6CDF7C3FDE761C3E73FE7C3F11
:10B6F000E05B193EDD1C7D3F8340163EAC3A7D3F4A
:10B70000CA24133EDE577D3FB708103E74747D3F58
:10B710004AEC0C3E6E907D3F86CF093ECCAB7D3F20
:10B720006EB2063E8CC67D3F0295033EB1E07D3F82
:10B730004577003E38FA7D3F73B2FA3D24137E3FD1
:10B74000C075F43D722B7E3F7638EE3D23437E3F3D
:10B750009AFAE73D385A7E3F2EBCE13DB0707E3FFD
:10B76000377DDB3D8B867E3FB93DD53DC99B7E3F16
:10B77000B7FDCE3D69B07E3F36BDC83D6DC47E3F4E
:10B78000397CC23DD4D77E3FC33ABC3D9DEA7E3F63
:10B79000DAF8B53DC9FC7E3F80B6AF3D580E7F3F1D
:10B7A000BA73A93D491F7F3F8C30A33D9D2F7F3F3A
:10B7B000F9EC9C3D543F7F3F05A9963D6D4E7F3F80
:10B7C000B464903DE95C7F3F0A208A3DC76A7F3FB1
:10B7D0000ADB833D08787F3F742B7B3DAB847F3F42
:10B7E00038A06E3DB1907F3F6814623D189C7F3F4A
:10B7F0000E88553DE3A67F3F2FFB483D0FB17F3FAD
:10B80000D56D3C3D9EBA7F3F07E02F3D8FC37F3F04
:10B81000CC51233DE2CB7F3F2CC3163D98D37F3FD5
:10B820002F340A3DAFDA7F3FB949FB3C29E17F3F26
:10B830007B2AE23C05E77F3FB00AC93C43EC7F3FEF
:10B8400069EAAF3CE3F07F3FB6C9963CE6F47F3F40
:10B850004B517B3C4AF87F3F900E493C11FB7F3FA8
:10B8600059CB163C39FD7F3F890FC93BC4FE7F3F52
:10B87000C70F493BB1FF7F3F000000000000803F41
:10B88000C70F49BBB1FF7F3F890FC9BBC4FE7F3FD4
:10B8900059CB16BC39FD7F3F900E49BC11FB7F3F51
:10B8A0004B517BBC4AF87F3FB6C996BCE6F47F3F5C
:10B8B00069EAAFBCE3F07F3FB00AC9BC43EC7F3F0D
:10B8C0007B2AE2BC05E77F3FB949FBBC29E17F3F0A
:10B8D0002F340ABDAFDA7F3F2CC316BD98D37F3F0C
:10B8E000CC5123BDE2CB7F3F07E02FBD8FC37F3F0D
:10B8F000D56D3CBD9EBA7F3F2FFB48BD0FB17F3F4A
:10B900000E8855BDE3A67F3F681462BD189C7F3F3B
:10B9100038A06EBDB1907F3F742B7BBDAB847F3F61
:10B920000ADB83BD08787F3F0A208ABDC76A7F3F54
:10B93000B46490BDE95C7F3F05A996BD6D4E7F3F25
:10B94000F9EC9CBD543F7F3F8C30A3BD9D2F7F3FC2
:10B95000BA73A9BD491F7F3F80B6AFBD580E7F3F68
:10B96000DAF8B5BDC9FC7E3FC33ABCBD9DEA7E3F57
:10B97000397CC2BDD4D77E3F36BDC8BD6DC47E3FC5
:10B98000B7FDCEBD69B07E3FB93DD5BDC99B7E3FF9
:10B99000377DDBBD8B867E3F2EBCE1BDB0707E3F28
:10B9A0009AFAE7BD385A7E3F7638EEBD23437E3F94
:10B9B000C075F4BD722B7E3F73B2FABD24137E3F77
:10B9C000457700BE38FA7D3F029503BEB1E07D3F6A
:10B9D0006EB206BE8CC67D3F86CF09BECCAB7D3F26
:10B9E0004AEC0CBE6E907D3FB70810BE74747D3F6C
:10B9F000CA2413BEDE577D3F834016BEAC3A7D3F5E
:10BA0000E05B19BEDD1C7D3FDE761CBE73FE7C3F15
:10BA10007B911FBE6CDF7C3FB6AB22BEC9BF7C3FB3
:10BA20008CC525BE8A9F7C3FFCDE28BEB07E7C3F55
:10BA300004F82BBE3A5D7C3FA2102FBE283B7C3F12
:10BA4000D42832BE7A187C3F984035BE31F57B3F12
:10BA5000EC5738BE4DD17B3FCF6E3BBECDAC7B3F6C
:10BA60003E853EBEB2877B3F379B41BEFC617B3F3C
:10BA7000B9B044BEAB3B7B3FC2C547BEBE147B3FA3
:10BA80004FDA4ABE37ED7A3F60EE4DBE16C57A3FBB
:10BA9000F10151BE599C7A3F011554BE02737A3FA1
:10BAA0008F2757BE10497A3F97395ABE841E7A3F76
:10BAB0001A4B5DBE5EF3793F135C60BE9DC7793F54
:10BAC000836C63BE439B793F667C66BE4E6E793F56
:10BAD000BA8B69BEC040793F7F9A6CBE9812793F9D
:10BAE000B2A86FBED6E3783F51B672BE7BB4783F42
:10BAF0005AC375BE8684783FCCCF78BEF853783F62
:10BB0000A4DB7BBED122783FE1E67EBE10F1773F19
:10BB1000C0F880BEB7BE773FC07D82BEC58B773F81
:10BB2000700284BE3A58773FCE8685BE1724773F91
:10BB3000DA0A87BE5BEF763F938E88BE07BA763F00
:10BB4000F8118ABE1B84763F07958BBE974D763FD2
:10BB5000C0178DBE7A16763F229A8EBEC6DE753F1E
:10BB60002C1C90BE7BA6753FDD9D91BE976D753FE9
:10BB7000351F93BE1D34753F31A094BE0BFA743F40
:10BB8000D22096BE62BF743F17A197BE2284743F35
:10BB9000FE2099BE4B48743F86A09ABEDD0B743FD1
:10BBA000AF1F9CBED9CE733F789E9DBE3F91733F21
:10BBB000DF1C9FBE0E53733FE59AA0BE4714733F30
:10BBC0008718A2BEEBD4723FC595A3BEF894723F0E
:10BBD0009F12A5BE7054723F128FA6BE5213723FC1
:10BBE0001F0BA8BE9FD1713FC486A9BE578F713F5E
:10BBF0000102ABBE7A4C713FD47CACBE0809713FE8
:10BC00003CF7ADBE02C5703F3A71AFBE6680703F73
:10BC1000CBEAB0BE373B703FEF63B2BE73F56F3F08
:10BC2000A5DCB3BE1BAF6F3FEC54B5BE30686F3FB1
:10BC3000C3CCB6BEB0206F3F2A44B8BE9ED86E3F7C
:10BC40001EBBB9BEF88F6E3FA031BBBEBE466E3F75
:10BC5000AFA7BCBEF2FC6D3F4A1DBEBE93B26D3FA6
:10BC60006F92BFBEA1676D3F1E07C1BE1D1C6D3F19
:10BC7000557BC2BE07D06C3F15EFC3BE5E836C3FE1
:10BC80005C62C5BE24366C3F29D5C6BE58E86B3F02
:10BC90007C47C8BEFB996B3F53B9C9BE0C4B6B3F89
:10BCA000AE2ACBBE8CFB6A3F8B9BCCBE7BAB6A3F84
:10BCB000EA0BCEBED95A6A3FCA7BCFBEA7096A3FFC
:10BCC0002AEBD0BEE4B7693F095AD2BE9165693FFD
:10BCD00067C8D3BEAE12693F4136D5BE3CBF683F90
:10BCE00099A3D6BE396B683F6B10D8BEA816683FC3
:10BCF000B97CD9BE87C1673F80E8DABED86B673FA1
:10BD0000C153DCBE9915673F79BEDDBECCBE663F30
:10BD1000A928DFBE7167663F4F92E0BE880F663F7D
:10BD20006AFBE1BE10B7653FFA63E3BE0B5E653F99
:10BD3000FECBE4BE7904653F7533E6BE59AA643F85
:10BD40005D9AE7BEAC4F643FB700E9BE73F4633F52
:10BD50008166EABEAC98633FBBCBEBBE5A3C633F07
:10BD60006330EDBE7BDF623F7994EEBE1082623FAE
:10BD7000FBF7EFBE1A24623FEA5AF1BE98C5613F55
:10BD800043BDF2BE8A66613F071FF4BEF206613F03
:10BD90003580F5BECFA6603FCBE0F6BE2146603FC2
:10BDA000C840F8BEE9E45F3F2DA0F9BE27835F3F9E
:10BDB000F7FEFABEDB205F3F275DFCBE05BE5E3F9F
:10BDC000BBBAFDBEA65A5E3FB217FFBEBEF65D3FD0
:10BDD000063A00BF4D925D3FE4E700BF532D5D3F43
:10BDE000739501BFD1C75C3FB14202BFC7615C3FE1
:10BDF0009FEF02BF34FB5B3F3D9C03BF1A945B3F48
:10BE0000894804BF792C5B3F84F404BF50C45A3F77
:10BE10002CA005BFA05B5A3F824B06BF6AF2593F78
:10BE200086F606BFAD88593F36A107BF6A1E593F47
:10BE3000924B08BFA1B3583F9BF508BF5348583FEA
:10BE40004E9F09BF7FDC573FAD480ABF2670573F62
:10BE5000B7F10ABF4803573F6B9A0BBFE595563FB2
:10BE6000C9420CBFFE27563FD0EA0CBF93B9553FDD
:10BE700081920DBFA44A553FDA390EBF31DB543FE2
:10BE8000DBE00EBF3B6B543F84870FBFC3FA533FC9
:10BE9000D52D10BFC789533FCDD310BF4918533F8D
:10BEA0006B7911BF49A6523FB01E12BFC633523F35
:10BEB0009AC312BFC2C0513F2A6813BF3D4D513FC4
:10BEC0005F0C14BF37D9503F39B014BFAF64503F37
:10BED000B75315BFA8EF4F3FD9F615BF1F7A4F3F95
:10BEE0009F9916BF17044F3F073C17BF908D4E3FD9
:10BEF00012DE17BF89164E3FC07F18BF029F4D3F0D
:10BF00000F2119BFFD264D3F00C219BF79AE4C3F2E
:10BF100093621ABF78354C3FC6021BBFF8BB4B3F3C
:10BF200099A21BBFFA414B3F0C421CBF7FC74A3F3F
:10BF30001FE11CBF874C4A3FD17F1DBF12D1493F33
:10BF4000221E1EBF2155493F12BC1EBFB3D8483F19
:10BF50009F591FBFCA5B483FCBF61FBF65DE473FF7
:10BF6000939320BF8560473FF92F21BF2AE2463FC8
:10BF7000FBCB21BF5463463F996722BF03E4453F93
:10BF8000D30223BF3964453FA99D23BFF5E3443F56
:10BF90001A3824BF3763443F25D224BF00E2433F11
:10BFA000CB6B25BF5160433F0A0526BF29DE423FC8
:10BFB000E39D26BF895B423F563627BF70D8413F7D
:10BFC00061CE27BFE154413F056628BFDAD0403F2C
:10BFD00041FD28BF5C4C403F159429BF67C73F3FD8
:10BFE000802A2ABFFC413F3F82C02ABF1BBC3E3F84
:10BFF0001B562BBFC5353E3F4AEB2BBFF9AE3D3F2D
:10C000000F802CBFB8273D3F69142DBF03A03C3FD4
:10C0100059A82DBFD9173C3FDE3B2EBF3B8F3B3F7E
:10C02000F7CE2EBF29063B3FA5612FBFA47C3A3F28
:10C03000E6F32FBFACF2393FBB8530BF4268393FD2
:10C04000221731BF65DD383F1DA831BF1652383F7A
:10C05000AA3832BF55C6373FC9C832BF233A373F27
:10C060007A5833BF7FAD363FBCE733BF6C20363FD5
:10C070008F7634BFE792353FF30435BFF304353F85
:10C08000E79235BF8F76343F6C2036BFBCE7333F35
:10C090007FAD36BF7A58333F233A37BFC9C8323FE6
:10C0A00055C637BFAA38323F165238BF1DA8313F98
:10C0B00065DD38BF2217313F426839BFBB85303F4D
:10C0C000ACF239BFE6F32F3FA47C3ABFA5612F3F06
:10C0D00029063BBFF7CE2E3F3B8F3BBFDE3B2E3FBB
:10C0E000D9173CBF59A82D3F03A03CBF69142D3F71
:10C0F000B8273DBF0F802C3FF9AE3DBF4AEB2B3F29
:10C10000C5353EBF1B562B3F1BBC3EBF82C02A3FDE
:10C11000FC413FBF802A2A3F67C73FBF1594293F94
:10C120005C4C40BF41FD283FDAD040BF0566283F48
:10C13000E15441BF61CE273F70D841BF5636273FFB
:10C14000895B42BFE39D263F29DE42BF0A05263FA9
:10C15000516043BFCB6B253F00E243BF25D2243F54
:10C16000376344BF1A38243FF5E344BFA99D233FFA
:10C17000396445BFD302233F03E445BF9967223F9B
:10C18000546346BFFBCB213F2AE246BFF92F213F34
:10C19000856047BF9393203F65DE47BFCBF61F3FC7
:10C1A000CA5B48BF9F591F3FB3D848BF12BC1E3F50
:10C1B000215549BF221E1E3F12D149BFD17F1D3FCD
:10C1C000874C4ABF1FE11C3F7FC74ABF0C421C3F40
:10C1D000FA414BBF99A21B3FF8BB4BBFC6021B3FA6
:10C1E00078354CBF93621A3F79AE4CBF00C2193FFD
:10C1F000FD264DBF0F21193F029F4DBFC07F183F45
:10C2000089164EBF12DE173F908D4EBF073C173F79
:10C2100017044FBF9F99163F1F7A4FBFD9F6153F9E
:10C22000A8EF4FBFB753153FAF6450BF39B0143FAD
:10C2300037D950BF5F0C143F3D4D51BF2A68133FA3
:10C24000C2C051BF9AC3123FC63352BFB01E123F85
:10C2500049A652BF6B79113F491853BFCDD3103F48
:10C26000C78953BFD52D103FC3FA53BF84870F3FF3
:10C270003B6B54BFDBE00E3F31DB54BFDA390E3F7E
:10C28000A44A55BF81920D3F93B955BFD0EA0C3FE8
:10C29000FE2756BFC9420C3FE59556BF6B9A0B3F30
:10C2A000480357BFB7F10A3F267057BFAD480A3F52
:10C2B0007FDC57BF4E9F093F534858BF9BF5083F4F
:10C2C000A1B358BF924B083F6A1E59BF36A1073F22
:10C2D000AD8859BF86F6063F6AF259BF824B063FCA
:10C2E000A05B5ABF2CA0053F50C45ABF84F4043F42
:10C2F000792C5BBF8948043F1A945BBF3D9C033F88
:10C3000034FB5BBF9FEF023FC7615CBFB142023F9E
:10C31000D1C75CBF7395013F532D5DBFE4E7003F7C
:10C320004D925DBF063A003FBEF65DBFB217FF3EBD
:10C33000A65A5EBFBBBAFD3E05BE5EBF275DFC3E92
:10C34000DB205FBFF7FEFA3E27835FBF2DA0F93EDB
:10C35000E9E45FBFC840F83E214660BFCBE0F63E4F
:10C36000CFA660BF3580F53EF20661BF071FF43EE1
:10C370008A6661BF43BDF23E98C561BFEA5AF13E8D
:10C380001A2462BFFBF7EF3E108262BF7994EE3E43
:10C390007BDF62BF6330ED3E5A3C63BFBBCBEB3EFD
:10C3A000AC9863BF8166EA3E73F463BFB700E93EB1
:10C3B000AC4F64BF5D9AE73E59AA64BF7533E63E51
:10C3C000790465BFFECBE43E0B5E65BFFA63E33ED6
:10C3D00010B765BF6AFBE13E880F66BF4F92E03E33
:10C3E000716766BFA928DF3ECCBE66BF79BEDD3E61
:10C3F000991567BFC153DC3ED86B67BF80E8DA3E52
:10C4000087C167BFB97CD93EA81668BF6B10D83EFC
:10C41000396B68BF99A3D63E3CBF68BF4136D53E55
:10C42000AE1269BF67C8D33E916569BF095AD23E53
:10C43000E4B769BF2AEBD03EA7096ABFCA7BCF3EEB
:10C44000D95A6ABFEA0BCE3E7BAB6ABF8B9BCC3E10
:10C450008CFB6ABFAE2ACB3E0C4B6BBF53B9C93EB7
:10C46000FB996BBF7C47C83E58E86BBF29D5C63ED9
:10C4700024366CBF5C62C53E5E836CBF15EFC33E65
:10C4800007D06CBF557BC23E1D1C6DBF1E07C13E51
:10C49000A1676DBF6F92BF3E93B26DBF4A1DBE3E96
:10C4A000F2FC6DBFAFA7BC3EBE466EBFA031BB3E27
:10C4B000F88F6EBF1EBBB93E9ED86EBF2A44B83EF1
:10C4C000B0206FBFC3CCB63E30686FBFEC54B53EF2
:10C4D0001BAF6FBFA5DCB33E73F56FBFEF63B23E1A
:10C4E000373B70BFCBEAB03E668070BF3A71AF3E5B
:10C4F00002C570BF3CF7AD3E080971BFD47CAC3EAD
:10C500007A4C71BF0102AB3E578F71BFC486A93E02
:10C510009FD171BF1F0BA83E521372BF128FA63E50
:10C52000705472BF9F12A53EF89472BFC595A33E8A
:10C53000EBD472BF8718A23E471473BFE59AA03EA2
:10C540000E5373BFDF1C9F3E3F9173BF789E9D3E8D
:10C55000D9CE73BFAF1F9C3EDD0B74BF86A09A3E41
:10C560004B4874BFFE20993E228474BF17A1973EAA
:10C5700062BF74BFD220963E0BFA74BF31A0943EC6
:10C580001D3475BF351F933E976D75BFDD9D913E80
:10C590007BA675BF2C1C903EC6DE75BF229A8E3ED0
:10C5A0007A1676BFC0178D3E974D76BF07958B3EA6
:10C5B0001B8476BFF8118A3E07BA76BF938E883EF9
:10C5C0005BEF76BFDA0A873E172477BFCE86853EBB
:10C5D0003A5877BF7002843EC58B77BFC07D823EDC
:10C5E000B7BE77BFC0F8803E10F177BFE1E67E3E70
:10C5F000D12278BFA4DB7B3EF85378BFCCCF783E06
:10C60000868478BF5AC3753E7BB478BF51B6723EFC
:10C61000D6E378BFB2A86F3E981279BF7F9A6C3E7E
:10C62000C04079BFBA8B693E4E6E79BF667C663E6C
:10C63000439B79BF836C633E9DC779BF135C603EAB
:10C640005EF379BF1A4B5D3E841E7ABF97395A3E1E
:10C6500010497ABF8F27573E02737ABF0115543EA7
:10C66000599C7ABFF101513E16C57ABF60EE4D3E2E
:10C6700037ED7ABF4FDA4A3EBE147BBFC2C5473E94
:10C68000AB3B7BBFB9B0443EFC617BBF379B413EB7
:10C69000B2877BBF3E853E3ECDAC7BBFCF6E3B3E7F
:10C6A0004DD17BBFEC57383E31F57BBF9840353ECE
:10C6B0007A187CBFD428323E283B7CBFA2102F3E84
:10C6C0003A5D7CBF04F82B3EB07E7CBFFCDE283E8A
:10C6D0008A9F7CBF8CC5253EC9BF7CBFB6AB223EBE
:10C6E0006CDF7CBF7B911F3E73FE7CBFDE761C3E01
:10C6F000DD1C7DBFE05B193EAC3A7DBF8340163E3A
:10C70000DE577DBFCA24133E74747DBFB708103E48
:10C710006E907DBF4AEC0C3ECCAB7DBF86CF093E10
:10C720008CC67DBF6EB2063EB1E07DBF0295033E72
:10C7300038FA7DBF4577003E24137EBF73B2FA3DC1
:10C74000722B7EBFC075F43D23437EBF7638EE3D2D
:10C75000385A7EBF9AFAE73DB0707EBF2EBCE13DED
:10C760008B867EBF377DDB3DC99B7EBFB93DD53D06
:10C7700069B07EBFB7FDCE3D6DC47EBF36BDC83D3E
:10C78000D4D77EBF397CC23D9DEA7EBFC33ABC3D53
:10C79000C9FC7EBFDAF8B53D580E7FBF80B6AF3D0D
:10C7A000491F7FBFBA73A93D9D2F7FBF8C30A33D2A
:10C7B000543F7FBFF9EC9C3D6D4E7FBF05A9963D70
:10C7C000E95C7FBFB464903DC76A7FBF0A208A3DA1
:10C7D00008787FBF0ADB833DAB847FBF742B7B3D32
:10C7E000B1907FBF38A06E3D189C7FBF6814623D3A
:10C7F000E3A67FBF0E88553D0FB17FBF2FFB483D9D
:10C800009EBA7FBFD56D3C3D8FC37FBF07E02F3DF4
:10C81000E2CB7FBFCC51233D98D37FBF2CC3163DC5
:10C82000AFDA7FBF2F340A3D29E17FBFB949FB3C16
:10C8300005E77FBF7B2AE23C43EC7FBFB00AC93CDF
:10C84000E3F07FBF69EAAF3CE6F47FBFB6C9963C30
:10C850004AF87FBF4B517B3C11FB7FBF900E493C98
:10C8600039FD7FBF59CB163CC4FE7FBF890FC93B42
:10C87000B1FF7FBFC70F493B000080BF0000000031
:10C88000B1FF7FBFC70F49BBC4FE7FBF890FC9BBC4
:10C8900039FD7FBF59CB16BC11FB7FBF900E49BC41
:10C8A0004AF87FBF4B517BBCE6F47FBFB6C996BC4C
:10C8B000E3F07FBF69EAAFBC43EC7FBFB00AC9BCFD
:10C8C00005E77FBF7B2AE2BC29E17FBFB949FBBCFA
:10C8D000AFDA7FBF2F340ABD98D37FBF2CC316BDFC
:10C8E000E2CB7FBFCC5123BD8FC37FBF07E02FBDFD
:10C8F0009EBA7FBFD56D3CBD0FB17FBF2FFB48BD3A
:10C90000E3A67FBF0E8855BD189C7FBF681462BD2B
:10C91000B1907FBF38A06EBDAB847FBF742B7BBD51
:10C9200008787FBF0ADB83BDC76A7FBF0A208ABD44
:10C93000E95C7FBFB46490BD6D4E7FBF05A996BD15
:10C94000543F7FBFF9EC9CBD9D2F7FBF8C30A3BDB2
:10C95000491F7FBFBA73A9BD580E7FBF80B6AFBD58
:10C96000C9FC7EBFDAF8B5BD9DEA7EBFC33ABCBD47
:10C97000D4D77EBF397CC2BD6DC47EBF36BDC8BDB5
:10C9800069B07EBFB7FDCEBDC99B7EBFB93DD5BDE9
:10C990008B867EBF377DDBBDB0707EBF2EBCE1BD18
:10C9A000385A7EBF9AFAE7BD23437EBF7638EEBD84
:10C9B000722B7EBFC075F4BD24137EBF73B2FABD67
:10C9C00038FA7DBF457700BEB1E07DBF029503BE5A
:10C9D0008CC67DBF6EB206BECCAB7DBF86CF09BE16
:10C9E0006E907DBF4AEC0CBE74747DBFB70810BE5C
:10C9F000DE577DBFCA2413BEAC3A7DBF834016BE4E
:10CA0000DD1C7DBFE05B19BE73FE7CBFDE761CBE05
:10CA10006CDF7CBF7B911FBEC9BF7CBFB6AB22BEA3
:10CA20008A9F7CBF8CC525BEB07E7CBFFCDE28BE45
:10CA30003A5D7CBF04F82BBE283B7CBFA2102FBE02
:10CA40007A187CBFD42832BE31F57BBF984035BE02
:10CA50004DD17BBFEC5738BECDAC7BBFCF6E3BBE5C
:10CA6000B2877BBF3E853EBEFC617BBF379B41BE2C
:10CA7000AB3B7BBFB9B044BEBE147BBFC2C547BE93
:10CA800037ED7ABF4FDA4ABE16C57ABF60EE4DBEAB
:10CA9000599C7ABFF10151BE02737ABF011554BE91
:10CAA00010497ABF8F2757BE841E7ABF97395ABE66
:10CAB0005EF379BF1A4B5DBE9DC779BF135C60BE44
:10CAC000439B79BF836C63BE4E6E79BF667C66BE46
:10CAD000C04079BFBA8B69BE981279BF7F9A6CBE8D
:10CAE000D6E378BFB2A86FBE7BB478BF51B672BE32
:10CAF000868478BF5AC375BEF85378BFCCCF78BE52
:10CB0000D12278BFA4DB7BBE10F177BFE1E67EBE09
:10CB1000B7BE77BFC0F880BEC58B77BFC07D82BE71
:10CB20003A5877BF700284BE172477BFCE8685BE81
:10CB30005BEF76BFDA0A87BE07BA76BF938E88BEF0
:10CB40001B8476BFF8118ABE974D76BF07958BBEC2
:10CB50007A1676BFC0178DBEC6DE75BF229A8EBE0E
:10CB60007BA675BF2C1C90BE976D75BFDD9D91BED9
:10CB70001D3475BF351F93BE0BFA74BF31A094BE30
:10CB800062BF74BFD22096BE228474BF17A197BE25
:10CB90004B4874BFFE2099BEDD0B74BF86A09ABEC1
:10CBA000D9CE73BFAF1F9CBE3F9173BF789E9DBE11
:10CBB0000E5373BFDF1C9FBE471473BFE59AA0BE20
:10CBC000EBD472BF8718A2BEF89472BFC595A3BEFE
:10CBD000705472BF9F12A5BE521372BF128FA6BEB1
:10CBE0009FD171BF1F0BA8BE578F71BFC486A9BE4E
:10CBF0007A4C71BF0102ABBE080971BFD47CACBED8
:10CC000002C570BF3CF7ADBE668070BF3A71AFBE63
:10CC1000373B70BFCBEAB0BE73F56FBFEF63B2BEF8
:10CC20001BAF6FBFA5DCB3BE30686FBFEC54B5BEA1
:10CC3000B0206FBFC3CCB6BE9ED86EBF2A44B8BE6C
:10CC4000F88F6EBF1EBBB9BEBE466EBFA031BBBE65
:10CC5000F2FC6DBFAFA7BCBE93B26DBF4A1DBEBE96
:10CC6000A1676DBF6F92BFBE1D1C6DBF1E07C1BE09
:10CC700007D06CBF557BC2BE5E836CBF15EFC3BED1
:10CC800024366CBF5C62C5BE58E86BBF29D5C6BEF2
:10CC9000FB996BBF7C47C8BE0C4B6BBF53B9C9BE79
:10CCA0008CFB6ABFAE2ACBBE7BAB6ABF8B9BCCBE74
:10CCB000D95A6ABFEA0BCEBEA7096ABFCA7BCFBEEC
:10CCC000E4B769BF2AEBD0BE916569BF095AD2BEED
:10CCD000AE1269BF67C8D3BE3CBF68BF4136D5BE80
:10CCE000396B68BF99A3D6BEA81668BF6B10D8BEB3
:10CCF00087C167BFB97CD9BED86B67BF80E8DABE91
:10CD0000991567BFC153DCBECCBE66BF79BEDDBE20
:10CD1000716766BFA928DFBE880F66BF4F92E0BE6D
:10CD200010B765BF6AFBE1BE0B5E65BFFA63E3BE89
:10CD3000790465BFFECBE4BE59AA64BF7533E6BE75
:10CD4000AC4F64BF5D9AE7BE73F463BFB700E9BE42
:10CD5000AC9863BF8166EABE5A3C63BFBBCBEBBEF7
:10CD60007BDF62BF6330EDBE108262BF7994EEBE9E
:10CD70001A2462BFFBF7EFBE98C561BFEA5AF1BE45
:10CD80008A6661BF43BDF2BEF20661BF071FF4BEF3
:10CD9000CFA660BF3580F5BE214660BFCBE0F6BEB2
:10CDA000E9E45FBFC840F8BE27835FBF2DA0F9BE8E
:10CDB000DB205FBFF7FEFABE05BE5EBF275DFCBE8F
:10CDC000A65A5EBFBBBAFDBEBEF65DBFB217FFBEC0
:10CDD0004D925DBF063A00BF532D5DBFE4E700BF33
:10CDE000D1C75CBF739501BFC7615CBFB14202BFD1
:10CDF00034FB5BBF9FEF02BF1A945BBF3D9C03BF38
:10CE0000792C5BBF894804BF50C45ABF84F404BF67
:10CE1000A05B5ABF2CA005BF6AF259BF824B06BF68
:10CE2000AD8859BF86F606BF6A1E59BF36A107BF37
:10CE3000A1B358BF924B08BF534858BF9BF508BFDA
:10CE40007FDC57BF4E9F09BF267057BFAD480ABF52
:10CE5000480357BFB7F10ABFE59556BF6B9A0BBFA2
:10CE6000FE2756BFC9420CBF93B955BFD0EA0CBFCD
:10CE7000A44A55BF81920DBF31DB54BFDA390EBFD2
:10CE80003B6B54BFDBE00EBFC3FA53BF84870FBFB9
:10CE9000C78953BFD52D10BF491853BFCDD310BF7D
:10CEA00049A652BF6B7911BFC63352BFB01E12BF25
:10CEB000C2C051BF9AC312BF3D4D51BF2A6813BFB4
:10CEC00037D950BF5F0C14BFAF6450BF39B014BF27
:10CED000A8EF4FBFB75315BF1F7A4FBFD9F615BF85
:10CEE00017044FBF9F9916BF908D4EBF073C17BFC9
:10CEF00089164EBF12DE17BF029F4DBFC07F18BFFD
:10CF0000FD264DBF0F2119BF79AE4CBF00C219BF1E
:10CF100078354CBF93621ABFF8BB4BBFC6021BBF2C
:10CF2000FA414BBF99A21BBF7FC74ABF0C421CBF2F
:10CF3000874C4ABF1FE11CBF12D149BFD17F1DBF23
:10CF4000215549BF221E1EBFB3D848BF12BC1EBF09
:10CF5000CA5B48BF9F591FBF65DE47BFCBF61FBFE7
:10CF6000856047BF939320BF2AE246BFF92F21BFB8
:10CF7000546346BFFBCB21BF03E445BF996722BF83
:10CF8000396445BFD30223BFF5E344BFA99D23BF46
:10CF9000376344BF1A3824BF00E243BF25D224BF01
:10CFA000516043BFCB6B25BF29DE42BF0A0526BFB8
:10CFB000895B42BFE39D26BF70D841BF563627BF6D
:10CFC000E15441BF61CE27BFDAD040BF056628BF1C
:10CFD0005C4C40BF41FD28BF67C73FBF159429BFC8
:10CFE000FC413FBF802A2ABF1BBC3EBF82C02ABF74
:10CFF000C5353EBF1B562BBFF9AE3DBF4AEB2BBF1D
:10D00000B8273DBF0F802CBF03A03CBF69142DBFC4
:10D01000D9173CBF59A82DBF3B8F3BBFDE3B2EBF6E
:10D0200029063BBFF7CE2EBFA47C3ABFA5612FBF18
:10D03000ACF239BFE6F32FBF426839BFBB8530BFC2
:10D0400065DD38BF221731BF165238BF1DA831BF6A
:10D0500055C637BFAA3832BF233A37BFC9C832BF17
:10D060007FAD36BF7A5833BF6C2036BFBCE733BFC5
:10D07000E79235BF8F7634BFF30435BFF30435BF75
:10D080008F7634BFE79235BFBCE733BF6C2036BF25
:10D090007A5833BF7FAD36BFC9C832BF233A37BFD6
:10D0A000AA3832BF55C637BF1DA831BF165238BF88
:10D0B000221731BF65DD38BFBB8530BF426839BF3D
:10D0C000E6F32FBFACF239BFA5612FBFA47C3ABFF6
:10D0D000F7CE2EBF29063BBFDE3B2EBF3B8F3BBFAB
:10D0E00059A82DBFD9173CBF69142DBF03A03CBF61
:10D0F0000F802CBFB8273DBF4AEB2BBFF9AE3DBF19
:10D100001B562BBFC5353EBF82C02ABF1BBC3EBFCE
:10D11000802A2ABFFC413FBF159429BF67C73FBF84
:10D1200041FD28BF5C4C40BF056628BFDAD040BF38
:10D1300061CE27BFE15441BF563627BF70D841BFEB
:10D14000E39D26BF895B42BF0A0526BF29DE42BF99
:10D15000CB6B25BF516043BF25D224BF00E243BF44
:10D160001A3824BF376344BFA99D23BFF5E344BFEA
:10D17000D30223BF396445BF996722BF03E445BF8B
:10D18000FBCB21BF546346BFF92F21BF2AE246BF24
:10D19000939320BF856047BFCBF61FBF65DE47BFB7
:10D1A0009F591FBFCA5B48BF12BC1EBFB3D848BF40
:10D1B000221E1EBF215549BFD17F1DBF12D149BFBD
:10D1C0001FE11CBF874C4ABF0C421CBF7FC74ABF30
:10D1D00099A21BBFFA414BBFC6021BBFF8BB4BBF96
:10D1E00093621ABF78354CBF00C219BF79AE4CBFED
:10D1F0000F2119BFFD264DBFC07F18BF029F4DBF35
:10D2000012DE17BF89164EBF073C17BF908D4EBF69
:10D210009F9916BF17044FBFD9F615BF1F7A4FBF8E
:10D22000B75315BFA8EF4FBF39B014BFAF6450BF9D
:10D230005F0C14BF37D950BF2A6813BF3D4D51BF93
:10D240009AC312BFC2C051BFB01E12BFC63352BF75
:10D250006B7911BF49A652BFCDD310BF491853BF38
:10D26000D52D10BFC78953BF84870FBFC3FA53BFE3
:10D27000DBE00EBF3B6B54BFDA390EBF31DB54BF6E
:10D2800081920DBFA44A55BFD0EA0CBF93B955BFD8
:10D29000C9420CBFFE2756BF6B9A0BBFE59556BF20
:10D2A000B7F10ABF480357BFAD480ABF267057BF42
:10D2B0004E9F09BF7FDC57BF9BF508BF534858BF3F
:10D2C000924B08BFA1B358BF36A107BF6A1E59BF12
:10D2D00086F606BFAD8859BF824B06BF6AF259BFBA
:10D2E0002CA005BFA05B5ABF84F404BF50C45ABF32
:10D2F000894804BF792C5BBF3D9C03BF1A945BBF78
:10D300009FEF02BF34FB5BBFB14202BFC7615CBF8E
:10D31000739501BFD1C75CBFE4E700BF532D5DBF6C
:10D32000063A00BF4D925DBFB217FFBEBEF65DBFAD
:10D33000BBBAFDBEA65A5EBF275DFCBE05BE5EBF82
:10D34000F7FEFABEDB205FBF2DA0F9BE27835FBFCB
:10D35000C840F8BEE9E45FBFCBE0F6BE214660BF3F
:10D360003580F5BECFA660BF071FF4BEF20661BFD1
:10D3700043BDF2BE8A6661BFEA5AF1BE98C561BF7D
:10D38000FBF7EFBE1A2462BF7994EEBE108262BF33
:10D390006330EDBE7BDF62BFBBCBEBBE5A3C63BFED
:10D3A0008166EABEAC9863BFB700E9BE73F463BFA1
:10D3B0005D9AE7BEAC4F64BF7533E6BE59AA64BF41
:10D3C000FECBE4BE790465BFFA63E3BE0B5E65BFC6
:10D3D0006AFBE1BE10B765BF4F92E0BE880F66BF23
:10D3E000A928DFBE716766BF79BEDDBECCBE66BF51
:10D3F000C153DCBE991567BF80E8DABED86B67BF42
:10D40000B97CD9BE87C167BF6B10D8BEA81668BFEC
:10D4100099A3D6BE396B68BF4136D5BE3CBF68BF45
:10D4200067C8D3BEAE1269BF095AD2BE916569BF43
:10D430002AEBD0BEE4B769BFCA7BCFBEA7096ABFDB
:10D44000EA0BCEBED95A6ABF8B9BCCBE7BAB6ABF00
:10D45000AE2ACBBE8CFB6ABF53B9C9BE0C4B6BBFA7
:10D460007C47C8BEFB996BBF29D5C6BE58E86BBFC9
:10D470005C62C5BE24366CBF15EFC3BE5E836CBF55
:10D48000557BC2BE07D06CBF1E07C1BE1D1C6DBF41
:10D490006F92BFBEA1676DBF4A1DBEBE93B26DBF86
:10D4A000AFA7BCBEF2FC6DBFA031BBBEBE466EBF17
:10D4B0001EBBB9BEF88F6EBF2A44B8BE9ED86EBFE1
:10D4C000C3CCB6BEB0206FBFEC54B5BE30686FBFE2
:10D4D000A5DCB3BE1BAF6FBFEF63B2BE73F56FBF0A
:10D4E000CBEAB0BE373B70BF3A71AFBE668070BF4B
:10D4F0003CF7ADBE02C570BFD47CACBE080971BF9D
:10D500000102ABBE7A4C71BFC486A9BE578F71BFF2
:10D510001F0BA8BE9FD171BF128FA6BE521372BF40
:10D520009F12A5BE705472BFC595A3BEF89472BF7A
:10D530008718A2BEEBD472BFE59AA0BE471473BF92
:10D54000DF1C9FBE0E5373BF789E9DBE3F9173BF7D
:10D55000AF1F9CBED9CE73BF86A09ABEDD0B74BF31
:10D56000FE2099BE4B4874BF17A197BE228474BF9A
:10D57000D22096BE62BF74BF31A094BE0BFA74BFB6
:10D58000351F93BE1D3475BFDD9D91BE976D75BF70
:10D590002C1C90BE7BA675BF229A8EBEC6DE75BFC0
:10D5A000C0178DBE7A1676BF07958BBE974D76BF96
:10D5B000F8118ABE1B8476BF938E88BE07BA76BFE9
:10D5C000DA0A87BE5BEF76BFCE8685BE172477BFAB
:10D5D000700284BE3A5877BFC07D82BEC58B77BFCC
:10D5E000C0F880BEB7BE77BFE1E67EBE10F177BF60
:10D5F000A4DB7BBED12278BFCCCF78BEF85378BFF6
:10D600005AC375BE868478BF51B672BE7BB478BFEC
:10D61000B2A86FBED6E378BF7F9A6CBE981279BF6E
:10D62000BA8B69BEC04079BF667C66BE4E6E79BF5C
:10D63000836C63BE439B79BF135C60BE9DC779BF9B
:10D640001A4B5DBE5EF379BF97395ABE841E7ABF0E
:10D650008F2757BE10497ABF011554BE02737ABF97
:10D66000F10151BE599C7ABF60EE4DBE16C57ABF1E
:10D670004FDA4ABE37ED7ABFC2C547BEBE147BBF84
:10D68000B9B044BEAB3B7BBF379B41BEFC617BBFA7
:10D690003E853EBEB2877BBFCF6E3BBECDAC7BBF6F
:10D6A000EC5738BE4DD17BBF984035BE31F57BBFBE
:10D6B000D42832BE7A187CBFA2102FBE283B7CBF74
:10D6C00004F82BBE3A5D7CBFFCDE28BEB07E7CBF7A
:10D6D0008CC525BE8A9F7CBFB6AB22BEC9BF7CBFAE
:10D6E0007B911FBE6CDF7CBFDE761CBE73FE7CBFF1
:10D6F000E05B19BEDD1C7DBF834016BEAC3A7DBF2A
:10D70000CA2413BEDE577DBFB70810BE74747DBF38
:10D710004AEC0CBE6E907DBF86CF09BECCAB7DBF00
:10D720006EB206BE8CC67DBF029503BEB1E07DBF62
:10D73000457700BE38FA7DBF73B2FABD24137EBFB1
:10D74000C075F4BD722B7EBF7638EEBD23437EBF1D
:10D750009AFAE7BD385A7EBF2EBCE1BDB0707EBFDD
:10D76000377DDBBD8B867EBFB93DD5BDC99B7EBFF6
:10D77000B7FDCEBD69B07EBF36BDC8BD6DC47EBF2E
:10D78000397CC2BDD4D77EBFC33ABCBD9DEA7EBF43
:10D79000DAF8B5BDC9FC7EBF80B6AFBD580E7FBFFD
:10D7A000BA73A9BD491F7FBF8C30A3BD9D2F7FBF1A
:10D7B000F9EC9CBD543F7FBF05A996BD6D4E7FBF60
:10D7C000B46490BDE95C7FBF0A208ABDC76A7FBF91
:10D7D0000ADB83BD08787FBF742B7BBDAB847FBF22
:10D7E00038A06EBDB1907FBF681462BD189C7FBF2A
:10D7F0000E8855BDE3A67FBF2FFB48BD0FB17FBF8D
:10D80000D56D3CBD9EBA7FBF07E02FBD8FC37FBFE4
:10D81000CC5123BDE2CB7FBF2CC316BD98D37FBFB5
:10D820002F340ABDAFDA7FBFB949FBBC29E17FBF06
:10D830007B2AE2BC05E77FBFB00AC9BC43EC7FBFCF
:10D8400069EAAFBCE3F07FBFB6C996BCE6F47FBF20
:10D850004B517BBC4AF87FBF900E49BC11FB7FBF88
:10D8600059CB16BC39FD7FBF890FC9BBC4FE7FBF32
:10D87000C70F49BBB1FF7FBF00000080000080BF21
:10D88000C70F493BB1FF7FBF890FC93BC4FE7FBFB4
:10D8900059CB163C39FD7FBF900E493C11FB7FBF31
:10D8A0004B517B3C4AF87FBFB6C9963CE6F47FBF3C
:10D8B00069EAAF3CE3F07FBFB00AC93C43EC7FBFED
:10D8C0007B2AE23C05E77FBFB949FB3C29E17FBFEA
:10D8D0002F340A3DAFDA7FBF2CC3163D98D37FBFEC
:10D8E000CC51233DE2CB7FBF07E02F3D8FC37FBFED
:10D8F000D56D3C3D9EBA7FBF2FFB483D0FB17FBF2A
:10D900000E88553DE3A67FBF6814623D189C7FBF1B
:10D9100038A06E3DB1907FBF742B7B3DAB847FBF41
:10D920000ADB833D08787FBF0A208A3DC76A7FBF34
:10D93000B464903DE95C7FBF05A9963D6D4E7FBF05
:10D94000F9EC9C3D543F7FBF8C30A33D9D2F7FBFA2
:10D95000BA73A93D491F7FBF80B6AF3D580E7FBF48
:10D96000DAF8B53DC9FC7EBFC33ABC3D9DEA7EBF37
:10D97000397CC23DD4D77EBF36BDC83D6DC47EBFA5
:10D98000B7FDCE3D69B07EBFB93DD53DC99B7EBFD9
:10D99000377DDB3D8B867EBF2EBCE13DB0707EBF08
:10D9A0009AFAE73D385A7EBF7638EE3D23437EBF74
:10D9B000C075F43D722B7EBF73B2FA3D24137EBF57
:10D9C0004577003E38FA7DBF0295033EB1E07DBF4A
:10D9D0006EB2063E8CC67DBF86CF093ECCAB7DBF06
:10D9E0004AEC0C3E6E907DBFB708103E74747DBF4C
:10D9F000CA24133EDE577DBF8340163EAC3A7DBF3E
:10DA0000E05B193EDD1C7DBFDE761C3E73FE7CBFF5
:10DA10007B911F3E6CDF7CBFB6AB223EC9BF7CBF93
:10DA20008CC5253E8A9F7CBFFCDE283EB07E7CBF35
:10DA300004F82B3E3A5D7CBFA2102F3E283B7CBFF2
:10DA4000D428323E7A187CBF9840353E31F57BBFF2
:10DA5000EC57383E4DD17BBFCF6E3B3ECDAC7BBF4C
:10DA60003E853E3EB2877BBF379B413EFC617BBF1C
:10DA7000B9B0443EAB3B7BBFC2C5473EBE147BBF83
:10DA80004FDA4A3E37ED7ABF60EE4D3E16C57ABF9B
:10DA9000F101513E599C7ABF0115543E02737ABF81
:10DAA0008F27573E10497ABF97395A3E841E7ABF56
:10DAB0001A4B5D3E5EF379BF135C603E9DC779BF34
:10DAC000836C633E439B79BF667C663E4E6E79BF36
:10DAD000BA8B693EC04079BF7F9A6C3E981279BF7D
:10DAE000B2A86F3ED6E378BF51B6723E7BB478BF22
:10DAF0005AC3753E868478BFCCCF783EF85378BF42
:10DB0000A4DB7B3ED12278BFE1E67E3E10F177BFF9
:10DB1000C0F8803EB7BE77BFC07D823EC58B77BF61
:10DB20007002843E3A5877BFCE86853E172477BF71
:10DB3000DA0A873E5BEF76BF938E883E07BA76BFE0
:10DB4000F8118A3E1B8476BF07958B3E974D76BFB2
:10DB5000C0178D3E7A1676BF229A8E3EC6DE75BFFE
:10DB60002C1C903E7BA675BFDD9D913E976D75BFC9
:10DB7000351F933E1D3475BF31A0943E0BFA74BF20
:10DB8000D220963E62BF74BF17A1973E228474BF15
:10DB9000FE20993E4B4874BF86A09A3EDD0B74BFB1
:10DBA000AF1F9C3ED9CE73BF789E9D3E3F9173BF01
:10DBB000DF1C9F3E0E5373BFE59AA03E471473BF10
:10DBC0008718A23EEBD472BFC595A33EF89472BFEE
:10DBD0009F12A53E705472BF128FA63E521372BFA1
:10DBE0001F0BA83E9FD171BFC486A93E578F71BF3E
:10DBF0000102AB3E7A4C71BFD47CAC3E080971BFC8
:10DC00003CF7AD3E02C570BF3A71AF3E668070BF53
:10DC1000CBEAB03E373B70BFEF63B23E73F56FBFE8
:10DC2000A5DCB33E1BAF6FBFEC54B53E30686FBF91
:10DC3000C3CCB63EB0206FBF2A44B83E9ED86EBF5C
:10DC40001EBBB93EF88F6EBFA031BB3EBE466EBF55
:10DC5000AFA7BC3EF2FC6DBF4A1DBE3E93B26DBF86
:10DC60006F92BF3EA1676DBF1E07C13E1D1C6DBFF9
:10DC7000557BC23E07D06CBF15EFC33E5E836CBFC1
:10DC80005C62C53E24366CBF29D5C63E58E86BBFE2
:10DC90007C47C83EFB996BBF53B9C93E0C4B6BBF69
:10DCA000AE2ACB3E8CFB6ABF8B9BCC3E7BAB6ABF64
:10DCB000EA0BCE3ED95A6ABFCA7BCF3EA7096ABFDC
:10DCC0002AEBD03EE4B769BF095AD23E916569BFDD
:10DCD00067C8D33EAE1269BF4136D53E3CBF68BF70
:10DCE00099A3D63E396B68BF6B10D83EA81668BFA3
:10DCF000B97CD93E87C167BF80E8DA3ED86B67BF81
:10DD0000C153DC3E991567BF79BEDD3ECCBE66BF10
:10DD1000A928DF3E716766BF4F92E03E880F66BF5D
:10DD20006AFBE13E10B765BFFA63E33E0B5E65BF79
:10DD3000FECBE43E790465BF7533E63E59AA64BF65
:10DD40005D9AE73EAC4F64BFB700E93E73F463BF32
:10DD50008166EA3EAC9863BFBBCBEB3E5A3C63BFE7
:10DD60006330ED3E7BDF62BF7994EE3E108262BF8E
:10DD7000FBF7EF3E1A2462BFEA5AF13E98C561BF35
:10DD800043BDF23E8A6661BF071FF43EF20661BFE3
:10DD90003580F53ECFA660BFCBE0F63E214660BFA2
:10DDA000C840F83EE9E45FBF2DA0F93E27835FBF7E
:10DDB000F7FEFA3EDB205FBF275DFC3E05BE5EBF7F
:10DDC000BBBAFD3EA65A5EBFB217FF3EBEF65DBFB0
:10DDD000063A003F4D925DBFE4E7003F532D5DBF23
:10DDE0007395013FD1C75CBFB142023FC7615CBFC1
:10DDF0009FEF023F34FB5BBF3D9C033F1A945BBF28
:10DE00008948043F792C5BBF84F4043F50C45ABF57
:10DE10002CA0053FA05B5ABF824B063F6AF259BF58
:10DE200086F6063FAD8859BF36A1073F6A1E59BF27
:10DE3000924B083FA1B358BF9BF5083F534858BFCA
:10DE40004E9F093F7FDC57BFAD480A3F267057BF42
:10DE5000B7F10A3F480357BF6B9A0B3FE59556BF92
:10DE6000C9420C3FFE2756BFD0EA0C3F93B955BFBD
:10DE700081920D3FA44A55BFDA390E3F31DB54BFC2
:10DE8000DBE00E3F3B6B54BF84870F3FC3FA53BFA9
:10DE9000D52D103FC78953BFCDD3103F491853BF6D
:10DEA0006B79113F49A652BFB01E123FC63352BF15
:10DEB0009AC3123FC2C051BF2A68133F3D4D51BFA4
:10DEC0005F0C143F37D950BF39B0143FAF6450BF17
:10DED000B753153FA8EF4FBFD9F6153F1F7A4FBF75
:10DEE0009F99163F17044FBF073C173F908D4EBFB9
:10DEF00012DE173F89164EBFC07F183F029F4DBFED
:10DF00000F21193FFD264DBF00C2193F79AE4CBF0E
:10DF100093621A3F78354CBFC6021B3FF8BB4BBF1C
:10DF200099A21B3FFA414BBF0C421C3F7FC74ABF1F
:10DF30001FE11C3F874C4ABFD17F1D3F12D149BF13
:10DF4000221E1E3F215549BF12BC1E3FB3D848BFF9
:10DF50009F591F3FCA5B48BFCBF61F3F65DE47BFD7
:10DF60009393203F856047BFF92F213F2AE246BFA8
:10DF7000FBCB213F546346BF9967223F03E445BF73
:10DF8000D302233F396445BFA99D233FF5E344BF36
:10DF90001A38243F376344BF25D2243F00E243BFF1
:10DFA000CB6B253F516043BF0A05263F29DE42BFA8
:10DFB000E39D263F895B42BF5636273F70D841BF5D
:10DFC00061CE273FE15441BF0566283FDAD040BF0C
:10DFD00041FD283F5C4C40BF1594293F67C73FBFB8
:10DFE000802A2A3FFC413FBF82C02A3F1BBC3EBF64
:10DFF0001B562B3FC5353EBF4AEB2B3FF9AE3DBF0D
:10E000000F802C3FB8273DBF69142D3F03A03CBFB4
:10E0100059A82D3FD9173CBFDE3B2E3F3B8F3BBF5E
:10E02000F7CE2E3F29063BBFA5612F3FA47C3ABF08
:10E03000E6F32F3FACF239BFBB85303F426839BFB2
:10E040002217313F65DD38BF1DA8313F165238BF5A
:10E05000AA38323F55C637BFC9C8323F233A37BF07
:10E060007A58333F7FAD36BFBCE7333F6C2036BFB5
:10E070008F76343FE79235BFF304353FF30435BF65
:10E08000E792353F8F7634BF6C20363FBCE733BF15
:10E090007FAD363F7A5833BF233A373FC9C832BFC6
:10E0A00055C6373FAA3832BF1652383F1DA831BF78
:10E0B00065DD383F221731BF4268393FBB8530BF2D
:10E0C000ACF2393FE6F32FBFA47C3A3FA5612FBFE6
:10E0D00029063B3FF7CE2EBF3B8F3B3FDE3B2EBF9B
:10E0E000D9173C3F59A82DBF03A03C3F69142DBF51
:10E0F000B8273D3F0F802CBFF9AE3D3F4AEB2BBF09
:10E10000C5353E3F1B562BBF1BBC3E3F82C02ABFBE
:10E11000FC413F3F802A2ABF67C73F3F159429BF74
:10E120005C4C403F41FD28BFDAD0403F056628BF28
:10E13000E154413F61CE27BF70D8413F563627BFDB
:10E14000895B423FE39D26BF29DE423F0A0526BF89
:10E150005160433FCB6B25BF00E2433F25D224BF34
:10E160003763443F1A3824BFF5E3443FA99D23BFDA
:10E170003964453FD30223BF03E4453F996722BF7B
:10E180005463463FFBCB21BF2AE2463FF92F21BF14
:10E190008560473F939320BF65DE473FCBF61FBFA7
:10E1A000CA5B483F9F591FBFB3D8483F12BC1EBF30
:10E1B0002155493F221E1EBF12D1493FD17F1DBFAD
:10E1C000874C4A3F1FE11CBF7FC74A3F0C421CBF20
:10E1D000FA414B3F99A21BBFF8BB4B3FC6021BBF86
:10E1E00078354C3F93621ABF79AE4C3F00C219BFDD
:10E1F000FD264D3F0F2119BF029F4D3FC07F18BF25
:10E2000089164E3F12DE17BF908D4E3F073C17BF59
:10E2100017044F3F9F9916BF1F7A4F3FD9F615BF7E
:10E22000A8EF4F3FB75315BFAF64503F39B014BF8D
:10E2300037D9503F5F0C14BF3D4D513F2A6813BF83
:10E24000C2C0513F9AC312BFC633523FB01E12BF65
:10E2500049A6523F6B7911BF4918533FCDD310BF28
:10E26000C789533FD52D10BFC3FA533F84870FBFD3
:10E270003B6B543FDBE00EBF31DB543FDA390EBF5E
:10E28000A44A553F81920DBF93B9553FD0EA0CBFC8
:10E29000FE27563FC9420CBFE595563F6B9A0BBF10
:10E2A0004803573FB7F10ABF2670573FAD480ABF32
:10E2B0007FDC573F4E9F09BF5348583F9BF508BF2F
:10E2C000A1B3583F924B08BF6A1E593F36A107BF02
:10E2D000AD88593F86F606BF6AF2593F824B06BFAA
:10E2E000A05B5A3F2CA005BF50C45A3F84F404BF22
:10E2F000792C5B3F894804BF1A945B3F3D9C03BF68
:10E3000034FB5B3F9FEF02BFC7615C3FB14202BF7E
:10E31000D1C75C3F739501BF532D5D3FE4E700BF5C
:10E320004D925D3F063A00BFBEF65D3FB217FFBE9D
:10E33000A65A5E3FBBBAFDBE05BE5E3F275DFCBE72
:10E34000DB205F3FF7FEFABE27835F3F2DA0F9BEBB
:10E35000E9E45F3FC840F8BE2146603FCBE0F6BE2F
:10E36000CFA6603F3580F5BEF206613F071FF4BEC1
:10E370008A66613F43BDF2BE98C5613FEA5AF1BE6D
:10E380001A24623FFBF7EFBE1082623F7994EEBE23
:10E390007BDF623F6330EDBE5A3C633FBBCBEBBEDD
:10E3A000AC98633F8166EABE73F4633FB700E9BE91
:10E3B000AC4F643F5D9AE7BE59AA643F7533E6BE31
:10E3C0007904653FFECBE4BE0B5E653FFA63E3BEB6
:10E3D00010B7653F6AFBE1BE880F663F4F92E0BE13
:10E3E0007167663FA928DFBECCBE663F79BEDDBE41
:10E3F0009915673FC153DCBED86B673F80E8DABE32
:10E4000087C1673FB97CD9BEA816683F6B10D8BEDC
:10E41000396B683F99A3D6BE3CBF683F4136D5BE35
:10E42000AE12693F67C8D3BE9165693F095AD2BE33
:10E43000E4B7693F2AEBD0BEA7096A3FCA7BCFBECB
:10E44000D95A6A3FEA0BCEBE7BAB6A3F8B9BCCBEF0
:10E450008CFB6A3FAE2ACBBE0C4B6B3F53B9C9BE97
:10E46000FB996B3F7C47C8BE58E86B3F29D5C6BEB9
:10E4700024366C3F5C62C5BE5E836C3F15EFC3BE45
:10E4800007D06C3F557BC2BE1D1C6D3F1E07C1BE31
:10E49000A1676D3F6F92BFBE93B26D3F4A1DBEBE76
:10E4A000F2FC6D3FAFA7BCBEBE466E3FA031BBBE07
:10E4B000F88F6E3F1EBBB9BE9ED86E3F2A44B8BED1
:10E4C000B0206F3FC3CCB6BE30686F3FEC54B5BED2
:10E4D0001BAF6F3FA5DCB3BE73F56F3FEF63B2BEFA
:10E4E000373B703FCBEAB0BE6680703F3A71AFBE3B
:10E4F00002C5703F3CF7ADBE0809713FD47CACBE8D
:10E500007A4C713F0102ABBE578F713FC486A9BEE2
:10E510009FD1713F1F0BA8BE5213723F128FA6BE30
:10E520007054723F9F12A5BEF894723FC595A3BE6A
:10E53000EBD4723F8718A2BE4714733FE59AA0BE82
:10E540000E53733FDF1C9FBE3F91733F789E9DBE6D
:10E55000D9CE733FAF1F9CBEDD0B743F86A09ABE21
:10E560004B48743FFE2099BE2284743F17A197BE8A
:10E5700062BF743FD22096BE0BFA743F31A094BEA6
:10E580001D34753F351F93BE976D753FDD9D91BE60
:10E590007BA6753F2C1C90BEC6DE753F229A8EBEB0
:10E5A0007A16763FC0178DBE974D763F07958BBE86
:10E5B0001B84763FF8118ABE07BA763F938E88BED9
:10E5C0005BEF763FDA0A87BE1724773FCE8685BE9B
:10E5D0003A58773F700284BEC58B773FC07D82BEBC
:10E5E000B7BE773FC0F880BE10F1773FE1E67EBE50
:10E5F000D122783FA4DB7BBEF853783FCCCF78BEE6
:10E600008684783F5AC375BE7BB4783F51B672BEDC
:10E61000D6E3783FB2A86FBE9812793F7F9A6CBE5E
:10E62000C040793FBA8B69BE4E6E793F667C66BE4C
:10E63000439B793F836C63BE9DC7793F135C60BE8B
:10E640005EF3793F1A4B5DBE841E7A3F97395ABEFE
:10E6500010497A3F8F2757BE02737A3F011554BE87
:10E66000599C7A3FF10151BE16C57A3F60EE4DBE0E
:10E6700037ED7A3F4FDA4ABEBE147B3FC2C547BE74
:10E68000AB3B7B3FB9B044BEFC617B3F379B41BE97
:10E69000B2877B3F3E853EBECDAC7B3FCF6E3BBE5F
:10E6A0004DD17B3FEC5738BE31F57B3F984035BEAE
:10E6B0007A187C3FD42832BE283B7C3FA2102FBE64
:10E6C0003A5D7C3F04F82BBEB07E7C3FFCDE28BE6A
:10E6D0008A9F7C3F8CC525BEC9BF7C3FB6AB22BE9E
:10E6E0006CDF7C3F7B911FBE73FE7C3FDE761CBEE1
:10E6F000DD1C7D3FE05B19BEAC3A7D3F834016BE1A
:10E70000DE577D3FCA2413BE74747D3FB70810BE28
:10E710006E907D3F4AEC0CBECCAB7D3F86CF09BEF0
:10E720008CC67D3F6EB206BEB1E07D3F029503BE52
:10E7300038FA7D3F457700BE24137E3F73B2FABDA1
:10E74000722B7E3FC075F4BD23437E3F7638EEBD0D
:10E75000385A7E3F9AFAE7BDB0707E3F2EBCE1BDCD
:10E760008B867E3F377DDBBDC99B7E3FB93DD5BDE6
:10E7700069B07E3FB7FDCEBD6DC47E3F36BDC8BD1E
:10E78000D4D77E3F397CC2BD9DEA7E3FC33ABCBD33
:10E79000C9FC7E3FDAF8B5BD580E7F3F80B6AFBDED
:10E7A000491F7F3FBA73A9BD9D2F7F3F8C30A3BD0A
:10E7B000543F7F3FF9EC9CBD6D4E7F3F05A996BD50
:10E7C000E95C7F3FB46490BDC76A7F3F0A208ABD81
:10E7D00008787F3F0ADB83BDAB847F3F742B7BBD12
:10E7E000B1907F3F38A06EBD189C7F3F681462BD1A
:10E7F000E3A67F3F0E8855BD0FB17F3F2FFB48BD7D
:10E800009EBA7F3FD56D3CBD8FC37F3F07E02FBDD4
:10E81000E2CB7F3FCC5123BD98D37F3F2CC316BDA5
:10E82000AFDA7F3F2F340ABD29E17F3FB949FBBCF6
:10E8300005E77F3F7B2AE2BC43EC7F3FB00AC9BCBF
:10E84000E3F07F3F69EAAFBCE6F47F3FB6C996BC10
:10E850004AF87F3F4B517BBC11FB7F3F900E49BC78
:10E8600039FD7F3F59CB16BCC4FE7F3F890FC9BB22
:10E87000B1FF7F3FC70F49BB0800400018004800A8
:10E8800010004000280050002000400038005800D0
:10E8900030004800580068004800600068007000C0
:10E8A00008004000100080001800C0002000400058
:10E8B00028004800300088003800C8004000800070
:10E8C000480050005800D000500090006000C00088
:10E8D0006800D000700098007800D8008800C00060
:10E8E0009000A000A800D0009800E000B000D00088
:10E8F000B800E800D800F000C800E000E800F00030
:10E9000008004000100080001800C0002000000136
:10E9100028004001300080013800C001500088000C
:10E920005800C800600008016800480170008801B4
:10E930007800C8019800D000A0001001A800500184
:10E94000B0009001B800D001E0001801E8005801C3
:10E95000F0009801F800D801280160013001A00101
:10E960003801E0017001A8017801E801B801F00167
:10E970000800000210004000180040022000800043
:10E98000280080023000C0003800C00240000001B2
:10E99000480000035000400158004003600080011F
:10E9A000680080037000C0017800C003800000028E
:10E9B000880008029000000398004802A0000802A6
:10E9C000A8008802B000C800B800C802C000080152
:10E9D000C8000803D0004801D8004803E0008801BF
:10E9E000E8008803F000C801F800C803080110021D
:10E9F000100140011801500220010003280190027B
:10EA0000300148013801D002480110035801500379
:10EA100060019001680190037001D0017801D0037A
:10EA200080014002880118029001400398015802B9
:10EA3000A0014802A8019802B0014803B801D80219
:10EA4000C0015002C8011803D0015003D801580377
:10EA5000E0015802E8019803F0015803F801D803D7
:10EA60000802200210024002180260022802A002DE
:10EA7000300260023802E002400200034802200334
:10EA80005002400358026003600220036802A003A2
:10EA9000700260037802E0038802A0029002800303
:10EAA0009802A003B0028803B802E802C002800303
:10EAB000C8022803D0029003D8026803E002A00332
:10EAC000E802A803F0029803F802E8030803200311
:10EAD0001003400318036003280388033003600316
:10EAE0003803980348036003580370036803B003B6
:10EAF0007803F0038803A0039003C0039803E003A6
:10EB0000B003C803B803E803C803E003D803F00365
:10EB10000800000210000004180000062000400059
:10EB200028004002300040043800400640008000C9
:10EB30004800800250008004580080066000C00039
:10EB40006800C0027000C0047800C00680000001A8
:10EB5000880000039000000598000007A000400115
:10EB6000A8004003B0004005B8004007C000800185
:10EB7000C8008003D0008005D8008007E000C001F5
:10EB8000E800C003F000C005F800C0070001000263
:10EB9000080108021001080418010806200180027B
:10EBA00028014802300148043801480640010003AA
:10EBB00048018802500188045801880660018003DA
:10EBC0006801C8027001C8047801C8068001080203
:10EBD000880108039001080598010807A001880230
:10EBE000A8014803B0014805B8014807C00108035F
:10EBF000C8018803D0018805D8018807E00188038F
:10EC0000E801C803F001C805F801C80708021002AE
:10EC100000020004100210041802100620028004F2
:10EC2000280250023002500438025006400200050B
:10EC3000480290025002900458029006600280053B
:10EC40006802D0027002D0047802D0068002080464
:10EC5000880210039002100598021007A002880491
:10EC6000A8025003B0025005B8025007C0020805C0
:10EC7000C8029003D0029005D8029007E0028805F0
:10EC8000E802D003F002D005F802D0070003000626
:10EC90000803100610031804180318062003800642
:10ECA0002803900630035804380358064003000731
:10ECB0004803100750039804580398066003800720
:10ECC000680390077003D8047803D8068003080609
:10ECD000880318069003180598031807A0038806F0
:10ECE000A8039806B0035805B8035807C0030807DF
:10ECF000C8031807D0039805D8039807E0038807CE
:10ED0000E8039807F003D805F803D807080480043F
:10ED10001004200418042006280480053004600430
:10ED20003804600640040006480488045004A00427
:10ED30005804A00660041006680488057004E00406
:10ED40007804E006880480069004200598042007D3
:10ED5000A0040806A8048007B0046005B804600792
:10ED6000C0042006C8048806D004A005D804A00763
:10ED7000E0041806E8048807F004E005F804E0075A
:10ED800008052005100580051805280628059005AA
:10ED90003005880538056806400500074805200746
:10EDA000500580075805A8066005080768059805FE
:10EDB000700588077805E8068805900698052807F5
:10EDC000A0052806A8059007B0052807B80568071C
:10EDD000C0051007C8059806D0059007D805A807F4
:10EDE000E0051807E8059807F0059807F805E80713
:10EDF00018063006380670064006000748068007E9
:10EE0000500608075806B006600610076806900707
:10EE1000700618077806F0068806A00698063007E0
:10EE2000A806A007B0068807B8067007C006200726
:10EE3000C806A007D0062807D806B007E0063007A6
:10EE4000E806A807F0069807F806F00748075007F5
:10EE50003807980750076007580770076007C00712
:10EE60006807D0077807F0077007E007B807F007D2
:10EE7000A807B007D807F007C807E007E807F007BA
:10EE8000080000021000000418000006200000081E
:10EE90002800000A3000000C3800000E4800400234
:10EEA0005000400458004006600040086800400AD6
:10EEB0007000400C7800400E8800800290008004B2
:10EEC00098008006A0008008A800800AB000800C8E
:10EED000B800800EC800C002D000C004D800C00630
:10EEE000E000C008E800C00AF000C00CF800C00E46
:10EEF00008010003100100051801000720010009A6
:10EF00002801000B3001000D3801000F48014003BB
:10EF10005001400558014007600140096801400B5D
:10EF20007001400D7801400F880180039001800539
:10EF300098018007A0018009A801800BB001800D15
:10EF4000B801800FC801C003D001C005D801C007B7
:10EF5000E001C009E801C00BF001C00DF801C00FCD
:10EF60001002080418020806200208082802080AED
:10EF70003002080C3802080E5002480458024806B5
:10EF8000600248086802480A7002480C7802480E7D
:10EF90009002880498028806A0028808A802880ABD
:10EFA000B002880CB802880ED002C804D802C80685
:10EFB000E002C808E802C80AF002C80CF802C80E4D
:10EFC0001003080518030807200308092803080B85
:10EFD0003003080D3803080F50034805580348074D
:10EFE000600348096803480B7003480D7803480F15
:10EFF0009003880598038807A0038809A803880B55
:10F00000B003880DB803880FD003C805D803C8071C
:10F01000E003C809E803C80BF003C80DF803C80FE4
:10F0200018041006200410082804100A3004100CDC
:10F030003804100E58045006600450086804500A42
:10F040007004500C7804500E98049006A0049008A8
:10F05000A804900AB004900CB804900ED804D0060E
:10F06000E004D008E804D00AF004D00CF804D00E74
:10F0700018051007200510092805100B3005100D84
:10F080003805100F58055007600550096805500BEA
:10F090007005500D7805500F98059007A005900950
:10F0A000A805900BB005900DB805900FD805D007B6
:10F0B000E005D009E805D00BF005D00DF805D00F1C
:10F0C000200618082806180A3006180C3806180EEC
:10F0D000600658086806580A7006580C7806580EDC
:10F0E000A0069808A806980AB006980CB806980ECC
:10F0F000E006D808E806D80AF006D80CF806D80EBC
:10F10000200718092807180B3007180D3807180FA3
:10F11000600758096807580B7007580D7807580F93
:10F12000A0079809A807980BB007980DB807980F83
:10F13000E007D809E807D80BF007D80DF807D80F73
:10F140002808200A3008200C3808200E6808600AB9
:10F150007008600C7808600EA808A00AB008A00C1F
:10F16000B808A00EE808E00AF008E00CF808E00E85
:10F170002809200B3009200D3809200F6809600B81
:10F180007009600D7809600FA809A00BB009A00DE7
:10F19000B809A00FE809E00BF009E00DF809E00F4D
:10F1A000300A280C380A280E700A680C780A680E93
:10F1B000B00AA80CB80AA80EF00AE80CF80AE80E83
:10F1C000300B280D380B280F700B680D780B680F6B
:10F1D000B00BA80DB80BA80FF00BE80DF80BE80F5B
:10F1E000380C300E780C700EB80CB00EF80CF00E17
:10F1F000380D300F780D700FB80DB00FF80DF00FFF
:10F200000800001010000002180000122000000486
:10F2100028000014300000063800001640000008E6
:10F22000480000185000000A5800001A6000000C46
:10F230006800001C7000000E7800001E80000008AE
:10F24000880040109000400298004012A000400446
:10F25000A8004014B0004006B8004016C0004008A6
:10F26000C8004018D000400AD800401AE000400C06
:10F27000E800401CF000400EF800401E00010008AD
:10F280000801801010018002180180122001800402
:10F290002801801430018006380180164001800862
:10F2A000480180185001800A5801801A6001800CC2
:10F2B0006801801C7001800E7801801E800140086A
:10F2C0008801C0109001C0029801C012A001C004C2
:10F2D000A801C014B001C006B801C016C001C00822
:10F2E000C801C018D001C00AD801C01AE001C00C82
:10F2F000E801C01CF001C00EF801C01E00020008A9
:10F300000802001110020003180200132002000579
:10F3100028020015300200073802001740020009D9
:10F32000480200195002000B5802001B6002000D39
:10F330006802001D7002000F7802001F8002800822
:10F34000880240119002400398024013A002400539
:10F35000A8024015B0024007B8024017C002400999
:10F36000C8024019D002400BD802401BE002400DF9
:10F37000E802401DF002400FF802401F0003400861
:10F3800008038011100380031803801320038005F5
:10F390002803801530038007380380174003800955
:10F3A000480380195003800B5803801B6003800DB5
:10F3B0006803801D7003800F7803801F8003C008DE
:10F3C0008803C0119003C0039803C013A003C005B5
:10F3D000A803C015B003C007B803C017C003C00915
:10F3E000C803C019D003C00BD803C01BE003C00D75
:10F3F000E803C01DF003C00FF803C01F0004001095
:10F400000804081010040011180408122004081041
:10F4100028040814300408063804081640040808B4
:10F42000480408185004080A5804081A6004080C14
:10F430006804081C7004080E7804081E8004001874
:10F44000880448109004001998044812A004081871
:10F45000A8044814B0044806B8044816C004480874
:10F46000C8044818D004480AD804481AE004480CD4
:10F47000E804481CF004480EF804481E000540103B
:10F48000080588101005401118058812200548103D
:10F490002805881430058806380588164005880830
:10F4A000480588185005880A5805881A6005880C90
:10F4B0006805881C7005880E7805881E8005401830
:10F4C0008805C810900540199805C812A00548186D
:10F4D000A805C814B005C806B805C816C005C808F0
:10F4E000C805C818D005C80AD805C81AE005C80C50
:10F4F000E805C81CF005C80EF805C81E00068010F7
:10F500000806081110068011180608132006881036
:10F5100028060815300608073806081740060809A7
:10F52000480608195006080B5806081B6006080D07
:10F530006806081D7006080F7806081F80068018E8
:10F54000880648119006801998064813A006881866
:10F55000A8064815B0064807B8064817C006480967
:10F56000C8064819D006480BD806481BE006480DC7
:10F57000E806481DF006480FF806481F0007C010AF
:10F58000080788111007C011180788132007C81032
:10F590002807881530078807380788174007880923
:10F5A000480788195007880B5807881B6007880D83
:10F5B0006807881D7007880F7807881F8007C018A4
:10F5C0008807C8119007C0199807C813A007C81862
:10F5D000A807C815B007C807B807C817C007C809E3
:10F5E000C807C819D007C80BD807C81BE007C80D43
:10F5F000E807C81DF007C80FF807C81F0808101053
:10F6000010084008180810122008001128081014CB
:10F610003008801138081016480810185008100AD1
:10F620005808101A6008100C6808101C7008100E9A
:10F630007808101E8008000A880850109008000BF7
:10F6400098085012A008080AA8085014B008080B1F
:10F65000B8085016C008100AC8085018D008500A38
:10F66000D808501AE008500CE808501CF008500E5A
:10F67000F808501E08099010100980091809901206
:10F6800020090019280990143009801938099016AA
:10F690004009000B480990185009900A5809901A1F
:10F6A0006009900C6809901C7009900E7809901EF2
:10F6B0008009400A8809D0109009400B9809D0129F
:10F6C000A009480AA809D014B009480BB809D016F7
:10F6D000C009500AC809D018D009D00AD809D01AD0
:10F6E000E009D00CE809D01CF009D00EF809D01EB2
:10F6F000080A1011180A1013200A4011280A1015C0
:10F70000300AC011380A1017480A1019500A100B95
:10F71000580A101B600A100D680A101D700A100F9D
:10F72000780A101F880A5011900A800B980A50130B
:10F73000A00A5011A80A5015B00A880BB80A501731
:10F74000C00A800BC80A5019D00A500BD80A501BA7
:10F75000E00A500DE80A501DF00A500FF80A501F39
:10F76000080B9011180B9013200B4019280B9015C3
:10F77000300BC019380B9017480B9019500B900B99
:10F78000580B901B600B900D680B901D700B900F29
:10F79000780B901F880BD011900BC00B980BD013D7
:10F7A000A00B5019A80BD015B00BC80BB80BD01775
:10F7B000C80BD019D80BD01BE00BD00DE80BD01D17
:10F7C000F00BD00FF80BD01F000C0012080C181013
:10F7D000100C0013180C1812200C0812280C181406
:10F7E000300C0813380C1816400C1012480C18185E
:10F7F000500C1013580C181A600C1812680C181CB6
:10F80000700C180E780C181E800C001A880C5810FA
:10F81000900C001B980C5812A00C081AA80C581435
:10F82000B00C081BB80C5816C00C101AC80C58188D
:10F83000D00C101BD80C581AE00C181AE80C581CE5
:10F84000F00C580EF80C581E000D4012080D9810C0
:10F85000100D4013180D9812200D4812280D981401
:10F86000300D4813380D9816400D5012480D981859
:10F87000500D5013580D981A600D5812680D981CB1
:10F88000700D980E780D981E800D401A880DD810B6
:10F89000900D401B980DD812A00D481AA80DD81431
:10F8A000B00D481BB80DD816C00D501AC80DD81889
:10F8B000D00D501BD80DD81AE00D581AE80DD81CE1
:10F8C000F00DD80EF80DD81E000E8012080E18117B
:10F8D000100E8013180E1813200E8812280E1815FB
:10F8E000300E8813380E1817400E9012480E181953
:10F8F000500E9013580E181B600E9812680E181DAB
:10F90000700E180F780E181F800E801A880E58116E
:10F91000900E801B980E5813A00E881AA80E58152A
:10F92000B00E881BB80E5817C00E901AC80E581982
:10F93000D00E901BD80E581BE00E981AE80E581DDA
:10F94000F00E580FF80E581F000FC012080F981134
:10F95000100FC013180F9813200FC812280F9815F6
:10F96000300FC813380F9817400FD012480F98194E
:10F97000500FD013580F981B600FD812680F981DA6
:10F98000700F980F780F981F800FC01A880FD8112A
:10F99000900FC01B980FD813A00FC81AA80FD81526
:10F9A000B00FC81BB80FD817C00FD01AC80FD8197E
:10F9B000D00FD01BD80FD81BE00FD81AE80FD81DD6
:10F9C000F00FD81BF80FD81F08102010101040108F
:10F9D000181020122810201430108810381020160B
:10F9E0004010001148102018501040115810201AD3
:10F9F000601008126810201C701088127810201EE9
:10FA00008010001288100812901040129810601296
:10FA1000A0102012A8106014B0106012B810601668
:10FA2000C0100013C8106018D0104013D810601A0E
:10FA3000E0101812E810601CF0109812F810601E08
:10FA400008112012101140111811A01220110818CD
:10FA50002811A014301188183811A0164811A018C8
:10FA60005811A01A6011081A6811A01C7011881A88
:10FA70007811A01E801110128811181290115012C6
:10FA80009811E012A0111818A811E014B0119818DC
:10FA9000B811E016C0111013C811E018D01150139E
:10FAA000D811E01AE011181AE811E01CF011981AA8
:10FAB000F811E01E00120018081208181012401861
:10FAC0001812201320122018281220153012601846
:10FAD00038122017401200194812201950124019EC
:10FAE0005812201B601220196812201D7012C812B3
:10FAF0007812201F8012001A8812081A9012401AD9
:10FB000098126013A012201AA8126015B012601A81
:10FB1000B8126017C012001BC8126019D012401B27
:10FB2000D812601BE012201BE812601DF012601B4F
:10FB3000F812601F0013101808131818101350182B
:10FB40001813A013201348182813A0153013C81831
:10FB50003813A017401310194813A0195013501947
:10FB60005813A01B6013481A6813A01D7013C81AFD
:10FB70007813A01F8013101A8813181A9013501AA4
:10FB80009813E013A0135818A813E015B013D81851
:10FB9000B813E017C013101BC813E019D013501B83
:10FBA000D813E01BE013581AE813E01DF013D81A1D
:10FBB000F813E01F08142014101400151814201551
:10FBC0003014081538142816401400154814281845
:10FBD000501410155814281A601420156814281C85
:10FBE000701418157814281E8014001C8814201C0A
:10FBF0009014001D9814201DA014081CA814281C83
:10FC0000B014081DB8146816C014101CC814681865
:10FC1000D014101DD814681AE014181CE814681CBD
:10FC2000F014181DF814681E08152015101540153D
:10FC300018156015201528182815281C301548158A
:10FC40003815A8164815A8185815A81A6015281AA6
:10FC50006815A81C7015A81A7815A81E8015401CD8
:10FC60008815601C9015401D9815601DA015481C36
:10FC7000A815681CB015481DB815E816C015501C0D
:10FC8000C815E818D015501DD815E81AE015581CED
:10FC9000E815E81CF015581DF815E81E0016001CA4
:10FCA0000816081C1016401C1816481C2016201C8C
:10FCB0002816281C3016601C381628174016001D00
:10FCC000481628195016401D5816281B6016201D6E
:10FCD0006816281D7016601D7816281F8016801C57
:10FCE0008816A01C9016801D9816A01DA016881CB2
:10FCF000A816A81CB016881DB8166817C016901C48
:10FD0000C8166819D016901DD816681BE016981CE6
:10FD1000E816681DF016981DF816681F0017101CCD
:10FD20000817181C1017501C1817581C2017681893
:10FD30002817681C3017E8183817A8174017101D27
:10FD40004817A8195017501D5817A81B6017681A94
:10FD50006817A81D7017E81A7817A81F8017C01C0D
:10FD60008817E01C9017C01D9817E01DA017C81C2D
:10FD7000A817E81CB017C81DB817E817C017D01C83
:10FD8000C817E819D017D01DD817E81BE017D81CE2
:10FD9000E817E81DF017D81DF817E81F18186018A5
:10FDA000301848183818601C5818301A6818301C59
:10FDB0007018181A7818301E8018001A8818081A37
:10FDC0009018001B98186019A018201AA818281A53
:10FDD000B018201BB818601DC018101AC818181ABF
:10FDE000D018101BD818701AE018301AE818701CB8
:10FDF000F018581AF818701E081920191819601AE6
:10FE00002819081D301988193819881D4819201B10
:10FE10005819B01A6019081B6819B01C7019881B92
:10FE20007819B01E8019401A8819481A9019401B79
:10FE30009819601BA019601AA819181DB019601B29
:10FE4000B819981DC019501AC819581AD019501B42
:10FE5000D819F01AE019181BE819F01CF019981BB2
:10FE6000F819F01E381A701C581A301B681A301D09
:10FE7000701A181B781A301F901AC01A981AC81ACC
:10FE8000B01AE01AB81AE81AC01A801BC81A881BE0
:10FE9000D01AC01BD81A701BE01AA01BE81A701DDC
:10FEA000F01AE01BF81A701F281B481D381BC81DCC
:10FEB000481B601B581BB01B681BB01D701BC81B68
:10FEC000781BB01F901BC01B981BC81BA81B581D7C
:10FED000B01BE01BB81BD81DD81BF01BE81BF01D86
:10FEE000F81BF01F081C201C181C301C381C681C38
:10FEF000481C601C581C701C781C381E801C001E7E
:10FF0000881C201E901C001F981C201FA01C081E6F
:10FF1000A81C281EB01C081FB81C281FC01C101EBF
:10FF2000C81C301ED01C101FD81C301FE01C181E0F
:10FF3000E81C381EF01C181FF81C781E081D201D18
:10FF4000181D301D381DA81D481D601D581D701D31
:10FF5000681D281F781DB81E801D401E881D601E4C
:10FF6000901D401F981D601FA01D481EA81D681EE3
:10FF7000B01D481FB81D681FC01D501EC81D701E33
:10FF8000D01D501FD81D701FE01D581EE81D781E83
:10FF9000F01D581FF81DF81E081E201E181E301ECA
:10FFA000481E601E581E701E781E381F881EA01E18
:10FFB000901E801F981EA01FB01E881FB81EA81F6D
:10FFC000C01E801FC81E881FD01E901FD81EB01FC5
:10FFD000E01EA01FE81EA81FF01E981FF81E781F25
:10FFE000081F201F181F301F481F601F581F701F39
:10FFF000781FB81F881FA01F901FC01F981FE01FE9
:020000040801F1
:10000000B01FC81FB81FE81FC81FE01FD81FF01F70
:10001000080000101000002018000030200000022E
:100020002800001230000022380000324000000496
:1000300048000014500000245800003460000006FE
:100040006800001670000026780000368000000866
:10005000880000189000002898000038A000000ACE
:10006000A800001AB000002AB800003AC000000C36
:10007000C800001CD000002CD800003CE000000E9E
:10008000E800001EF000002EF800003E0001000411
:1000900008014010100140201801403020014002AA
:1000A0002801401230014022380140324001400412
:1000B000480140145001402458014034600140067A
:1000C00068014016700140267801403680014008E2
:1000D000880140189001402898014038A001400A4A
:1000E000A801401AB001402AB801403AC001400CB2
:1000F000C801401CD001402CD801403CE001400E1A
:10010000E801401EF001402EF801403E00020008C8
:100110000802801010028020180280302002800225
:10012000280280123002802238028032400280048D
:1001300048028014500280245802803460028006F5
:10014000680280167002802678028036800280085D
:10015000880280189002802898028038A002800AC5
:10016000A802801AB002802AB802803AC002800C2D
:10017000C802801CD002802CD802803CE002800E95
:10018000E802801EF002802EF802803E0003000C80
:100190000803C0101003C0201803C0302003800CD7
:1001A0002803C0123003C0223803C0324003C00409
:1001B0004803C0145003C0245803C0346003C00671
:1001C0006803C0167003C0267803C0368003C008D9
:1001D0008803C0189003C0289803C038A003C00A41
:1001E000A803C01AB003C02AB803C03AC003C00CA9
:1001F000C803C01CD003C02CD803C03CE003C00E11
:10020000E803C01EF003C02EF803C03E080400112E
:1002100010040021180400312004000C28040013ED
:10022000300400233804003340040005480400155E
:1002300050040025580400356004000768040017C6
:10024000700400277804003780040009880400192E
:100250009004002998040039A004000BA804001B96
:10026000B004002BB804003BC004000DC804001DFE
:10027000D004002DD804003DE004000FE804001F66
:10028000F004002FF804003F08054011100540213C
:10029000180540312005000D280540133005402386
:1002A0003805403348054015500540255805403570
:1002B00060054007680540177005402778054037FE
:1002C0008005400988054019900540299805403966
:1002D000A005400BA805401BB005402BB805403BCE
:1002E000C005400DC805401DD005402DD805403D36
:1002F000E005400FE805401FF005402FF805403F9E
:10030000000640080806801110068021180680317A
:100310002006C00828068013300680233806803364
:10032000400640094806801550068025580680354D
:100330006006800768068017700680277806803779
:1003400080068009880680199006802998068039E1
:10035000A006800BA806801BB006802BB806803B49
:10036000C006800DC806801DD006802DD806803DB1
:10037000E006800FE806801FF006802FF806803F19
:100380000007400C0807C0111007C0211807C03132
:100390002007C00C2807C0133007C0233807C0331C
:1003A0004007400D4807C0155007C0255807C03505
:1003B0006007C0076807C0177007C0277807C037F5
:1003C0008007C0098807C0199007C0299807C0395D
:1003D000A007C00BA807C01BB007C02BB807C03BC5
:1003E000C007C00DC807C01DD007C02DD807C03D2D
:1003F000E007C00FE807C01FF007C02FF807C03F95
:100400000008001008080810100808201808083014
:1004100020088010280808123008082238080832FE
:1004200040080011480808145008082458080834E7
:1004300060088011680808167008082678080836D1
:1004400080080810880808189008082898080838B4
:10045000A008080AA808081AB008082AB808083A24
:10046000C008080CC808081CD008082CD808083C8C
:10047000E008080EE808081EF008082EF808083EF4
:1004800000090014080948101009482018094830CC
:1004900020098014280948123009482238094832B6
:1004A000400900154809481450094824580948349F
:1004B0006009801568094816700948267809483689
:1004C000800908148809481890094828980948386C
:1004D000A009480AA809481AB009482AB809483AA0
:1004E000C009480CC809481CD009482CD809483C08
:1004F000E009480EE809481EF009482EF809483E70
:10050000000A0018080A8810100A8820180A883083
:10051000200A8018280A8812300A8822380A88326D
:10052000400A0019480A8814500A8824580A883456
:10053000600A8019680A8816700A8826780A883640
:10054000800A0818880A8818900A8828980A883823
:10055000A00A8818A80A881AB00A882AB80A883A0D
:10056000C00A880CC80A881CD00A882CD80A883C83
:10057000E00A880EE80A881EF00A882EF80A883EEB
:10058000000B001C080BC810100BC820180BC8303B
:10059000200B801C280BC812300BC822380BC83225
:1005A000400B001D480BC814500BC824580BC8340E
:1005B000600B801D680BC816700BC826780BC836F8
:1005C000800B081C880BC818900BC828980BC838DB
:1005D000A00B881CA80BC81AB00BC82AB80BC83AC5
:1005E000C00BC80CC80BC81CD00BC82CD80BC83CFF
:1005F000E00BC80EE80BC81EF00BC82EF80BC83E67
:10060000000C4010080C0811100C0821180C0831BF
:10061000200CC010280C0813300C0823380C0833A9
:10062000400C4011480C0815500C0825580C083592
:10063000600CC011680C0817700C0827780C08377C
:10064000800C4810880C0819900C0829980C08395F
:10065000A00CC810A80C081BB00C082BB80C083B49
:10066000C00C080DC80C081DD00C082DD80C083D76
:10067000E00C080FE80C081FF00C082FF80C083FDE
:10068000000D4014080D4811100D4821180D483177
:10069000200DC014280D4813300D4823380D483361
:1006A000400D4015480D4815500D4825580D48354A
:1006B000600DC015680D4817700D4827780D483734
:1006C000800D4814880D4819900D4829980D483917
:1006D000A00DC814A80D481BB00D482BB80D483B01
:1006E000C00D4815C80D481DD00D482DD80D483DEA
:1006F000E00D480FE80D481FF00D482FF80D483F5A
:10070000000E4018080E8811100E8821180E88312E
:10071000200EC018280E8813300E8823380E883318
:10072000400E4019480E8815500E8825580E883501
:10073000600EC019680E8817700E8827780E8837EB
:10074000800E4818880E8819900E8829980E8839CE
:10075000A00EC818A80E881BB00E882BB80E883BB8
:10076000C00E4819C80E881DD00E882DD80E883DA1
:10077000E00E880FE80E881FF00E882FF80E883FD5
:10078000000F401C080FC811100FC821180FC831E6
:10079000200FC01C280FC813300FC823380FC833D0
:1007A000400F401D480FC815500FC825580FC835B9
:1007B000600FC01D680FC817700FC827780FC837A3
:1007C000800F481C880FC819900FC829980FC83986
:1007D000A00FC81CA80FC81BB00FC82BB80FC83B70
:1007E000C00F481DC80FC81DD00FC82DD80FC83D59
:1007F000E00FC81DE80FC81FF00FC82FF80FC83F43
:1008000000100020081010101010102018101030C8
:1008100020108020281010123010102238101032B2
:10082000401000214810101450101024581010349B
:100830006010802168101016701010267810103685
:100840008010082088101018901010289810103868
:10085000A0108820A810101AB010102AB810103A52
:10086000C0100821C810101CD010102CD810103C3B
:10087000E0108821E810101EF010102EF810103E25
:1008800000110024081110241011502018115030AC
:10089000201180242811501230115022381150326A
:1008A0004011002548115014501150245811503453
:1008B000601180256811501670115026781150363D
:1008C0008011082488115018901150289811503820
:1008D000A0118824A811501AB011502AB811503A0A
:1008E000C0110825C811501CD011502CD811503CF3
:1008F000E0118825E811501EF011502EF811503EDD
:10090000001200280812102810129020181290309F
:100910002012802828129012301290223812903221
:10092000401200294812901450129024581290340A
:1009300060128029681290167012902678129036F4
:1009400080120828881290189012902898129038D7
:10095000A0128828A812901AB012902AB812903AC1
:10096000C0120829C812901CD012902CD812903CAA
:10097000E0128829E812901EF012902EF812903E94
:100980000013002C0813102C1013D0201813D03093
:100990002013802C2813902C3013D0223813D032FF
:1009A0004013002D4813D0145013D0245813D034C2
:1009B0006013802D6813D0167013D0267813D036AC
:1009C0008013082C8813D0189013D0289813D0388F
:1009D000A013882CA813D01AB013D02AB813D03A79
:1009E000C013082DC813D01CD013D02CD813D03C62
:1009F000E013882DE813D01EF013D02EF813D03E4C
:100A00000014402008145020101410211814103124
:100A10002014C0202814D020301410233814103390
:100A20004014402148141015501410255814103546
:100A30006014C02168141017701410277814103730
:100A40008014482088141019901410299814103913
:100A5000A014C820A814101BB014102BB814103BFD
:100A6000C0144821C814101DD014102DD814103DE6
:100A7000E014C821E814101FF014102FF814103FD0
:100A80000015402408155024101550211815503118
:100A90002015C0242815D024301550233815503384
:100AA00040154025481550155015502558155035FE
:100AB0006015C025681550177015502778155037E8
:100AC00080154824881550199015502998155039CB
:100AD000A015C824A815501BB015502BB815503BB5
:100AE000C0154825C815501DD015502DD815503D9E
:100AF000E015C825E815501FF015502FF815503F88
:100B0000001640280816502810169021181690310B
:100B10002016C0282816D028301690233816903377
:100B200040164029481650295016902558169035E1
:100B30006016C0296816901770169027781690379F
:100B40008016482888169019901690299816903982
:100B5000A016C828A816901BB016902BB816903B6C
:100B6000C0164829C816901DD016902DD816903D55
:100B7000E016C829E816901FF016902FF816903F3F
:100B80000017402C0817502C1017D0211817D031FF
:100B90002017C02C2817D02C3017D0233817D0336B
:100BA0004017402D4817502D5017D0255817D035D5
:100BB0006017C02D6817D0177017D0277817D03757
:100BC0008017482C8817D0199017D0299817D0393A
:100BD000A017C82CA817D01BB017D02BB817D03B24
:100BE000C017482DC817D01DD017D02DD817D03D0D
:100BF000E017C82DE817D01FF017D02FF817D03FF7
:100C00000018003008181030101818201818183064
:100C100020188030281890303018182238181832D0
:100C2000401800314818103150181824581818343A
:100C300060188031681890317018182678181836A6
:100C40008018083088181830901818289818183804
:100C5000A0188830A818181AB018182AB818183A06
:100C6000C0180831C818181CD018182CD818183CEF
:100C7000E0188831E818181EF018182EF818183ED9
:100C80000019003408191034101958201819583058
:100C900020198034281990343019582238195832C4
:100CA000401900354819103550195824581958342E
:100CB000601980356819903570195826781958369A
:100CC00080190834881918349019582898195838F8
:100CD000A0198834A819581AB019582AB819583ABE
:100CE000C0190835C819581CD019582CD819583CA7
:100CF000E0198835E819581EF019582EF819583E91
:100D0000001A0038081A1038101A9820181A98304B
:100D1000201A8038281A9038301A9822381A9832B7
:100D2000401A0039481A1039501A9824581A983421
:100D3000601A8039681A9039701A9826781A98368D
:100D4000801A0838881A1838901A9828981A9838EB
:100D5000A01A8838A81A9838B01A982AB81A983A57
:100D6000C01A0839C81A981CD01A982CD81A983C5E
:100D7000E01A8839E81A981EF01A982EF81A983E48
:100D8000001B003C081B103C101BD820181BD8303F
:100D9000201B803C281B903C301BD822381BD832AB
:100DA000401B003D481B103D501BD824581BD83415
:100DB000601B803D681B903D701BD826781BD83681
:100DC000801B083C881B183C901BD828981BD838DF
:100DD000A01B883CA81B983CB01BD82AB81BD83A4B
:100DE000C01B083DC81BD81CD01BD82CD81BD83C16
:100DF000E01B883DE81BD81EF01BD82EF81BD83E00
:100E0000001C4030081C5030101C1821181C1831D0
:100E1000201CC030281CD030301C1823381C18333C
:100E2000401C4031481C5031501C1825581C1835A6
:100E3000601CC031681CD031701C1827781C183712
:100E4000801C4830881C5830901C1829981C183970
:100E5000A01CC830A81CD830B01C182BB81C183BDC
:100E6000C01C4831C81C181DD01C182DD81C183D9A
:100E7000E01CC831E81C181FF01C182FF81C183F84
:100E8000001D4034081D5034101D5821181D5831C4
:100E9000201DC034281DD034301D5823381D583330
:100EA000401D4035481D5035501D5825581D58359A
:100EB000601DC035681DD035701D5827781D583706
:100EC000801D4834881D5834901D5829981D583964
:100ED000A01DC834A81DD834B01D582BB81D583BD0
:100EE000C01D4835C81D5835D01D582DD81D583D3A
:100EF000E01DC835E81D581FF01D582FF81D583F3C
:100F0000001E4038081E5038101E9821181E9831B7
:100F1000201EC038281ED038301E9823381E983323
:100F2000401E4039481E5039501E9825581E98358D
:100F3000601EC039681ED039701E9827781E9837F9
:100F4000801E4838881E5838901E9829981E983957
:100F5000A01EC838A81ED838B01E982BB81E983BC3
:100F6000C01E4839C81E5839D01E982DD81E983D2D
:100F7000E01EC839E81E981FF01E982FF81E983FF3
:100F8000001F403C081F503C101FD821181FD831AB
:100F9000201FC03C281FD03C301FD823381FD83317
:100FA000401F403D481F503D501FD825581FD83581
:100FB000601FC03D681FD03D701FD827781FD837ED
:100FC000801F483C881F583C901FD829981FD8394B
:100FD000A01FC83CA81FD83CB01FD82BB81FD83BB7
:100FE000C01F483DC81F583DD01FD82DD81FD83D21
:100FF000E01FC83DE81FD83DF01FD82FF81FD83F8D
:101000000820802010202020182020302820802830
:101010003020202238202032402000214820C020CB
:101020005020202458202034602010246820C0281C
:10103000702020267820203688208030902020289C
:1010400098202038A0200830A8208038B020202AFE
:10105000B820203AC0200821C820C030D020202C41
:10106000D820203CE0200831E820C038F020202E95
:10107000F820203E00210024082180211021102486
:10108000182160302021202428218029302160224D
:1010900038216032402100254821C02150216024A0
:1010A00058216034602150246821C02970216026B5
:1010B00078216036802108248821803190216028A1
:1010C00098216038A0210834A8218039B021602AF5
:1010D000B821603AC0210825C821C031D021602C38
:1010E000D821603CE0210835E821C039F021602E8C
:1010F000F821603E002200300822803010220830A3
:101100001822A03020221030282288283022A02245
:101110003822A032402240304822C0305022A02441
:101120005822A034602250306822C8287022A0269D
:101130007822A03680222030882288309022A02871
:101140009822A038A0221830A8228838B022A02ADD
:10115000B822A03AC0226030C822C830D022A02CC9
:10116000D822A03CE0221831E822C838F022A02E74
:10117000F822A03E002300310823803110230831DB
:101180001823E030202310312823882930231831F8
:101190003823E032402340314823C0315023E0243B
:1011A0005823E034602350316823C8297023E02697
:1011B0007823E03680231824882388319023E02880
:1011C0009823E038A0231834A8238839B023E02AD4
:1011D000B823E03AC0231825C823C831D023E02C17
:1011E000D823E03CE0231835E823C839F023E02E6B
:1011F000F823E03E082480241024202418242031E1
:101200002824802C30241031382420334024002519
:101210004824C0245024202558242035602410253B
:101220006824C02C70242027782420378824803418
:101230009024202998242039A0244830A824803CD8
:10124000B024202BB824203BC0240825C824C03457
:10125000D024202DD824203DE0244831E824C03C6F
:10126000F024202FF824203F082580251025202554
:10127000182560312825802D3025503138256033E0
:101280004825C02550256025582560356825C02D86
:10129000702560277825603788258035902560295E
:1012A00098256039A0254834A825803DB025602BBD
:1012B000B825603BC825C035D025602DD825603DB8
:1012C000E0254835E825C03DF025602FF825603F32
:1012D0000026003408268034102608341826A03151
:1012E000202610342826882C302618343826A0339F
:1012F000402640344826C034502648345826A0356D
:10130000602650346826C82C7026A0277826A0377F
:1013100080262034882688349026A0299826A03953
:10132000A0265830A826883CB026A02BB826A03B83
:10133000C0266034C826C834D026A02DD826A03DAB
:10134000E0265831E826C83CF026A02FF826A03F1A
:101350000027003508278035102708351827E03189
:10136000202710352827882D302718353827E033D7
:10137000402740354827C035502748355827E035A5
:10138000602750356827C82D7027E0277827E03779
:1013900080272035882788359027E0299827E0394D
:1013A000A0275834A827883DB027E02BB827E03B7A
:1013B000C0276035C827C835D027E02DD827E03DA5
:1013C000E0275835E827C83DF027E02FF827E03F11
:1013D0000828202810288028182828302828902815
:1013E00030288828382828324028002C4828202CEB
:1013F0005028802C582828346028082C6828D028A9
:101400007028882C78282836882890309828283802
:10141000A0282830A8289038B028282AB828283AA8
:10142000C028102CC828D030D028282CD828283CF8
:10143000E028182CE828D038F028282EF828283E54
:101440000029002C0829082C1029102C1829683094
:101450002029202C282990293029D0303829683299
:101460004029402C4829602C5029C02C5829683428
:101470006029482C6829D0297029C82C7829683619
:101480008029802C882990319029282C9829683827
:10149000A0292834A8299039B029682AB829683A9F
:1014A000C029502CC829D031D029682CD829683CB3
:1014B000E029582CE829D039F029682EF829683E0F
:1014C000002A0038082A2038102A8038182AA83024
:1014D000202A0838282A2838302A8838382AA8327A
:1014E000402A003C482A203C502A803C582AA834F4
:1014F000602A083C682A283C702A883C782AA8364A
:10150000802A1038882A9830902A9038982AA8384B
:10151000A02A1838A82A9838B02A9838B82AA83AA1
:10152000C02A103CC82AD830D02AA82CD82AA83CD7
:10153000E02A183CE82AD838F02AA82EF82AA83E33
:10154000002B4038082B6038102BC038182BE8309F
:10155000202B4838282B6838302BC838382BE832F5
:10156000402B403C482B603C502BC03C582BE8346F
:10157000602B483C682B683C702BC83C782BE836C5
:10158000802B5038882B9831902BD038982BE83806
:10159000A02B5838A82B9839B02BD838B82BE83A5C
:1015A000C02B503CC82BD831D02BE82CD82BE83C92
:1015B000E02B583CE82BD839F02BE82EF82BE83EEE
:1015C000082C202C102C802C182C2831282C902C06
:1015D000302C9031382C2833402C002D482C202DD5
:1015E000502C802D582C2835602C082D682CD02CA0
:1015F000702C882D782C2837882C9034982C2839FA
:10160000A02C6830A82C903CB02C6838B82C283B13
:10161000C02C102DC82CD034D02C282DD82C283DEF
:10162000E02C182DE82CD03CF02C282FF82C283F4B
:10163000082D202D102D802D182D6831282D902D4E
:10164000302DD031382D6833482D602D502DC02DD0
:10165000582D6835682DD02D702DC82D782D683700
:10166000882D9035982D6839A02D6834A82D903D8F
:10167000B02D683CB82D683BC82DD035D82D683DBD
:10168000E02D6835E82DD03DF02D682FF82D683F0E
:10169000002E0039082E2039102E8039182EA8313E
:1016A000202E0839282E2839302E8839382EA83394
:1016B000402E003D482E203D502E803D582EA8350E
:1016C000602E083D682E283D702E883D782EA83764
:1016D000802E1039882E9834902E9039982EA83963
:1016E000A02E1839A82E983CB02E9839B82EA83BB9
:1016F000C02E103DC82ED834D02E903DD82EA83DF7
:10170000E02E183DE82ED83CF02EA82FF82EA83F4A
:10171000002F4039082F6039102FC039182FE831B9
:10172000202F4839282F6839302FC839382FE8330F
:10173000402F403D482F603D502FC03D582FE83589
:10174000602F483D682F683D702FC83D782FE837DF
:10175000802F5039882F9835902FD039982FE8391D
:10176000A02F5839A82F983DB02FD839B82FE83B73
:10177000C02F503DC82FD835D02FD03DD82FE83DB1
:10178000E02F583DE82FD83DF02FD83DF82FE83F07
:101790001830303038303032403000314830083185
:1017A00050301031583030346030203168302831BA
:1017B00070301834783030368830A0309830303877
:1017C000A830A038B0308838B830303AC0308031D6
:1017D000C830E030D0309031D830303CE030883103
:1017E000E830E038F0308839F830303E00310034ED
:1017F00008310834103110341831183420312034B5
:1018000028312834303130343831703240310035AD
:101810004831083550311035583170346031203539
:1018200068312835703158347831703680318034E1
:101830008831A0319031903498317038A03188349B
:10184000A831A039B031883CB831703AC031803508
:10185000C831E031D0319035D831703CE031883535
:10186000E831E039F031883DF831703E003200381F
:101870000832803810320838183288382032103850
:1018800028329038303218383832B032403240384E
:101890004832C038503248385832B034603250384C
:1018A0006832D038703258387832B03680322038CA
:1018B0008832A038903228389832B038A032303888
:1018C000A832A838B0329838B832B03AC03260384E
:1018D000C832E038D0326838D832B03CE0327038A4
:1018E000E832E838F0329839F832B03E0033003947
:1018F00008338039103308391833883920331039C8
:1019000028339039303318393833983940334039D7
:101910004833C039503348395833F0346033503984
:101920006833D039703358397833F0368033203902
:101930008833A039903328399833F038A03398345D
:10194000A833A839B033983CB833F03AC033603983
:10195000C833E039D0336839D833F03CE0339835B8
:10196000E833E839F033983DF833F03E183430343A
:10197000383418394034003548340835503410357F
:101980005834303560342035683428357034183593
:10199000783430378834A03498343039A834A03CB7
:1019A000B034C838B834303BC0348035C834E03443
:1019B000D0349035D834303DE0348835E834E03CDC
:1019C000F034C839F834303F1835303538355839A7
:1019D00058357035783570378835A0359835703979
:1019E000A835A03DB035C83CB835703BC835E035AA
:1019F000D835703DE835E03DF035C83DF835703FED
:101A00000036003C0836803C1036083C1836883CCE
:101A10002036103C2836903C3036183C3836983CFE
:101A20004036403C4836C03C5036483C5836C83CAE
:101A30006036503C6836D03C7036583C7836B0370B
:101A40008036203C8836A03C9036283C9836B03909
:101A5000A036303CA836A83CB036D838B836B03BB3
:101A6000C036603CC836E03CD036683CD836B03D25
:101A7000E036703CE836E83CF036D839F836B03F0E
:101A80000037003D0837803D1037083D1837883D46
:101A90002037103D2837903D3037183D3837983D76
:101AA0004037403D4837C03D5037483D5837C83D26
:101AB0006037503D6837D03D7037583D7837F03744
:101AC0008037203D8837A03D9037283D9837F03942
:101AD000A037303DA837A83DB037D83CB837F03BE9
:101AE000C037603DC837E03DD037683DD837F03D5E
:101AF000E037703DE837E83DF037D83DF837F03F44
:101B00003838983840380039483808395038103952
:101B100058381839603820396838283970383039E1
:101B20007838983CA838B038B838383AC038803956
:101B3000C8388839D0389039D838383CE038A0399E
:101B4000E838F038F838383EF038A8390039003C29
:101B50000839083C1039103C1839183C2039203C11
:101B60002839283C3039303C3839383C4039003D40
:101B70004839083D5039103D5839183D6039203DED
:101B80006839283D7039303D7839D83C8039803CFF
:101B90008839883C9039903C9839983CA039A03CD1
:101BA000A839B039B839783AB039A83CC039803D45
:101BB000C839883DD039903DD839783CE039A03DCE
:101BC000E839F039F839783EF039A83D083A103A4A
:101BD000103A203A183A303A203A803A283A903A65
:101BE000303AA03A383AB03A403A003B483A103BD3
:101BF000503A203B583A303B603A803B683A903B41
:101C0000703AA03B783AB03B883AA03A983AB03A5A
:101C1000A83AB03AC03A083BC83A183BD03A283BF9
:101C2000D83AB83CE03A883BE83A983BF03AA83BCF
:101C3000F83AB83E003B003E083B103E103B203EC9
:101C4000183B303E203B803E283B903E303BA03E40
:101C5000383BB03E403B003F483B103F503B203FAD
:101C6000583B303F603B803F683B903F703BA03F1C
:101C7000783BB03F803B083E883B183E903B283E77
:101C8000983B383EA03B883EA83B983EB03BA83EE0
:101C9000B83BB83EC03B083FC83B183FD03B283F4D
:101CA000D83BF83CE03B883FE83B983FF03BA83FFF
:101CB000F83BF83E383C983C403C003D483C083DF1
:101CC000503C103D583C183D603C203D683C283D50
:101CD000703C303D783C983DA83CB03CB83CB03EB0
:101CE000C03C803DC83C883DD03C903DD83C383D10
:101CF000E03CA03DE83CF03CF03CA83DF83C383FDF
:101D0000383D983D783DD83DA83DB03DB83DB03F09
:101D1000E83DF03D083E803EF83D783F103E803E75
:101D2000183E883E203E803E283E903E303E883E13
:101D3000383E983E403E003F483E203F503E803F68
:101D4000583EA03F603E083F683E283F703E883FB7
:101D5000783EA83F883EA03E983EA83EC03E103F39
:101D6000A83EB03EC83E303FD03E903FD83EB03F48
:101D7000E03E183FE83E383FF03E983F083F803F46
:101D8000F83EB83F103F803F183F883F203F803FDC
:101D9000283F903F303F883F383F983F483F503F73
:101DA000503F603F583F703F603FC03F683FD03F6B
:101DB000703FE03F783FF03F883FA03F983FA83F0B
:101DC000A83FB03FD83FF03FC83FE03FE83FF03F7B
:101DD000000000000000803FC2C5473EBE147B3FAC
:101DE00015EFC33E5E836C3FDA390E3F31DB543F63
:101DF000F304353FF304353F31DB543FDA390E3F0E
:101E00005E836C3F15EFC33EBE147B3FC2C5473EA9
:101E10000000803F00000000BE147B3FC2C547BEEB
:101E20005E836C3F15EFC3BE31DB543FDA390EBF22
:101E3000F304353FF30435BFDA390E3F31DB54BFCD
:101E400015EFC33E5E836CBFC2C5473EBE147BBF69
:101E5000000000000000803F36BDC83D6DC47E3FDD
:101E6000C2C5473EBE147B3F31A0943E0BFA743F7F
:101E700015EFC33E5E836C3FEA5AF13E98C5613F61
:101E8000DA390E3F31DB543F9967223F03E4453F87
:101E9000F304353FF304353F03E4453F9967223FA0
:101EA00031DB543FDA390E3F98C5613FEA5AF13EC3
:101EB0005E836C3F15EFC33E0BFA743F31A0943E36
:101EC000BE147B3FC2C5473E6DC47E3F36BDC83D94
:101ED0000000803F000000006DC47E3F36BDC8BDDD
:101EE000BE147B3FC2C547BE0BFA743F31A094BEFF
:101EF0005E836C3F15EFC3BE98C5613FEA5AF1BEE1
:101F000031DB543FDA390EBF03E4453F996722BF06
:101F1000F304353FF30435BF9967223F03E445BF1F
:101F2000DA390E3F31DB54BFEA5AF13E98C561BF42
:101F300015EFC33E5E836CBF31A0943E0BFA74BFB5
:101F4000C2C5473EBE147BBF36BDC83D6DC47EBF13
:101F5000000000000000803F2FFB483D0FB17F3F95
:101F600036BDC83D6DC47E3F8340163EAC3A7D3FD2
:101F7000C2C5473EBE147B3FCCCF783EF853783F76
:101F800031A0943E0BFA743FD47CAC3E0809713FFB
:101F900015EFC33E5E836C3F80E8DA3ED86B673F47
:101FA000EA5AF13E98C5613F3D9C033F1A945B3F5E
:101FB000DA390E3F31DB543FC07F183F029F4D3F5F
:101FC0009967223F03E4453F4AEB2B3FF9AE3D3F83
:101FD000F304353FF304353FF9AE3D3F4AEB2B3F69
:101FE00003E4453F9967223F029F4D3FC07F183F62
:101FF00031DB543FDA390E3F1A945B3F3D9C033F7F
:1020000098C5613FEA5AF13ED86B673F80E8DA3EF7
:102010005E836C3F15EFC33E0809713FD47CAC3E34
:102020000BFA743F31A0943EF853783FCCCF783E02
:10203000BE147B3FC2C5473EAC3A7D3F8340163E4F
:102040006DC47E3F36BDC83D0FB17F3F2FFB483D7D
:102050000000803F000000000FB17F3F2FFB48BD14
:102060006DC47E3F36BDC8BDAC3A7D3F834016BED1
:10207000BE147B3FC2C547BEF853783FCCCF78BE75
:102080000BFA743F31A094BE0809713FD47CACBEFA
:102090005E836C3F15EFC3BED86B673F80E8DABE46
:1020A00098C5613FEA5AF1BE1A945B3F3D9C03BF5D
:1020B00031DB543FDA390EBF029F4D3FC07F18BF5E
:1020C00003E4453F996722BFF9AE3D3F4AEB2BBF82
:1020D000F304353FF30435BF4AEB2B3FF9AE3DBF68
:1020E0009967223F03E445BFC07F183F029F4DBF61
:1020F000DA390E3F31DB54BF3D9C033F1A945BBF7E
:10210000EA5AF13E98C561BF80E8DA3ED86B67BFF6
:1021100015EFC33E5E836CBFD47CAC3E080971BF33
:1021200031A0943E0BFA74BFCCCF783EF85378BF01
:10213000C2C5473EBE147BBF8340163EAC3A7DBF4E
:1021400036BDC83D6DC47EBF2FFB483D0FB17FBF7C
:10215000000000000000803FB00AC93C43EC7F3F14
:102160002FFB483D0FB17F3F05A9963D6D4E7F3F48
:1021700036BDC83D6DC47E3F73B2FA3D24137E3F29
:102180008340163EAC3A7D3FA2102F3E283B7C3F59
:10219000C2C5473EBE147B3F135C603E9DC7793F7E
:1021A000CCCF783EF853783F938E883E07BA763F7F
:1021B00031A0943E0BFA743FE59AA03E4714733F5A
:1021C000D47CAC3E0809713F2A44B83E9ED86E3F8D
:1021D00015EFC33E5E836C3FCA7BCF3EA7096A3FC3
:1021E00080E8DA3ED86B673F7533E63E59AA643F14
:1021F000EA5AF13E98C5613F275DFC3E05BE5E3F51
:102200003D9C033F1A945B3F9BF5083F5348583F62
:10221000DA390E3F31DB543F2A68133F3D4D513FC1
:10222000C07F183F029F4D3FD17F1D3F12D1493FD4
:102230009967223F03E4453F5636273F70D8413F18
:102240004AEB2B3FF9AE3D3FBB85303F4268393FFB
:10225000F304353FF304353F4268393FBB85303FD7
:10226000F9AE3D3F4AEB2B3F70D8413F5636273FF2
:1022700003E4453F9967223F12D1493FD17F1D3F7B
:10228000029F4D3FC07F183F3D4D513F2A68133F8D
:1022900031DB543FDA390E3F5348583F9BF5083F36
:1022A0001A945B3F3D9C033F05BE5E3F275DFC3EAD
:1022B00098C5613FEA5AF13E59AA643F7533E63E3C
:1022C000D86B673F80E8DA3EA7096A3FCA7BCF3EFA
:1022D0005E836C3F15EFC33E9ED86E3F2A44B83EE6
:1022E0000809713FD47CAC3E4714733FE59AA03E89
:1022F0000BFA743F31A0943E07BA763F938E883E26
:10230000F853783FCCCF783E9DC7793F135C603E51
:10231000BE147B3FC2C5473E283B7C3FA2102F3EE8
:10232000AC3A7D3F8340163E24137E3F73B2FA3DA4
:102330006DC47E3F36BDC83D6D4E7F3F05A9963DBD
:102340000FB17F3F2FFB483D43EC7F3FB00AC93CB4
:102350000000803F0000000043EC7F3FB00AC9BC92
:102360000FB17F3F2FFB48BD6D4E7F3F05A996BD46
:102370006DC47E3F36BDC8BD24137E3F73B2FABD27
:10238000AC3A7D3F834016BE283B7C3FA2102FBE57
:10239000BE147B3FC2C547BE9DC7793F135C60BE7C
:1023A000F853783FCCCF78BE07BA763F938E88BE7D
:1023B0000BFA743F31A094BE4714733FE59AA0BE58
:1023C0000809713FD47CACBE9ED86E3F2A44B8BE8B
:1023D0005E836C3F15EFC3BEA7096A3FCA7BCFBEC1
:1023E000D86B673F80E8DABE59AA643F7533E6BE12
:1023F00098C5613FEA5AF1BE05BE5E3F275DFCBE4F
:102400001A945B3F3D9C03BF5348583F9BF508BF60
:1024100031DB543FDA390EBF3D4D513F2A6813BFBF
:10242000029F4D3FC07F18BF12D1493FD17F1DBFD2
:1024300003E4453F996722BF70D8413F563627BF16
:10244000F9AE3D3F4AEB2BBF4268393FBB8530BFF9
:10245000F304353FF30435BFBB85303F426839BFD5
:102460004AEB2B3FF9AE3DBF5636273F70D841BFF0
:102470009967223F03E445BFD17F1D3F12D149BF79
:10248000C07F183F029F4DBF2A68133F3D4D51BF8B
:10249000DA390E3F31DB54BF9BF5083F534858BF34
:1024A0003D9C033F1A945BBF275DFC3E05BE5EBFAB
:1024B000EA5AF13E98C561BF7533E63E59AA64BF3A
:1024C00080E8DA3ED86B67BFCA7BCF3EA7096ABFF8
:1024D00015EFC33E5E836CBF2A44B83E9ED86EBFE4
:1024E000D47CAC3E080971BFE59AA03E471473BF87
:1024F00031A0943E0BFA74BF938E883E07BA76BF24
:10250000CCCF783EF85378BF135C603E9DC779BF4F
:10251000C2C5473EBE147BBFA2102F3E283B7CBFE6
:102520008340163EAC3A7DBF73B2FA3D24137EBFA2
:1025300036BDC83D6DC47EBF05A9963D6D4E7FBFBB
:102540002FFB483D0FB17FBFB00AC93C43EC7FBFB2
:10255000000000000000803F900E493C11FB7F3FCF
:10256000B00AC93C43EC7F3F2CC3163D98D37F3F54
:102570002FFB483D0FB17F3F742B7B3DAB847F3FEA
:1025800005A9963D6D4E7F3F80B6AF3D580E7F3F0B
:1025900036BDC83D6DC47E3F2EBCE13DB0707E3F70
:1025A00073B2FA3D24137E3F86CF093ECCAB7D3F0C
:1025B0008340163EAC3A7D3FB6AB223EC9BF7C3F5E
:1025C000A2102F3E283B7C3FCF6E3B3ECDAC7B3FE5
:1025D000C2C5473EBE147B3F0115543E02737A3F8D
:1025E000135C603E9DC7793F7F9A6C3E9812793F9D
:1025F000CCCF783EF853783FC07D823EC58B773F85
:10260000938E883E07BA763F229A8E3EC6DE753F8D
:1026100031A0943E0BFA743F86A09A3EDD0B743FC6
:10262000E59AA03E4714733F128FA63E5213723FA5
:10263000D47CAC3E0809713FEF63B23E73F56F3F47
:102640002A44B83E9ED86E3F4A1DBE3E93B26D3FAF
:1026500015EFC33E5E836C3F53B9C93E0C4B6B3FD5
:10266000CA7BCF3EA7096A3F4136D53E3CBF683F93
:1026700080E8DA3ED86B673F4F92E03E880F663FB6
:102680007533E63E59AA643FBBCBEB3E5A3C633FF1
:10269000EA5AF13E98C5613FCBE0F63E2146603FE5
:1026A000275DFC3E05BE5E3FE4E7003F532D5D3FE6
:1026B0003D9C033F1A945B3F824B063F6AF2593FB1
:1026C0009BF5083F5348583F6B9A0B3FE595563FA3
:1026D000DA390E3F31DB543FCDD3103F4918533F19
:1026E0002A68133F3D4D513FD9F6153F1F7A4F3FA2
:1026F000C07F183F029F4D3FC6021B3FF8BB4B3FB8
:10270000D17F1D3F12D1493FCBF61F3F65DE473FCA
:102710009967223F03E4453F25D2243F00E2433F2F
:102720005636273F70D8413F1594293F67C73F3F32
:102730004AEB2B3FF9AE3D3FDE3B2E3F3B8F3B3F0D
:10274000BB85303F4268393FC9C8323F233A373FE3
:10275000F304353FF304353F233A373FC9C8323FCE
:102760004268393FBB85303F3B8F3B3FDE3B2E3FCE
:10277000F9AE3D3F4AEB2B3F67C73F3F1594293FDA
:1027800070D8413F5636273F00E2433F25D2243FD1
:1027900003E4453F9967223F65DE473FCBF61F3F85
:1027A00012D1493FD17F1D3FF8BB4B3FC6021B3FB3
:1027B000029F4D3FC07F183F1F7A4F3FD9F6153F0C
:1027C0003D4D513F2A68133F4918533FCDD3103F29
:1027D00031DB543FDA390E3FE595563F6B9A0B3F9C
:1027E0005348583F9BF5083F6AF2593F824B063FDA
:1027F0001A945B3F3D9C033F532D5D3FE4E7003F50
:1028000005BE5E3F275DFC3E2146603FCBE0F63EC5
:1028100098C5613FEA5AF13E5A3C633FBBCBEB3E61
:1028200059AA643F7533E63E880F663F4F92E03EFB
:10283000D86B673F80E8DA3E3CBF683F4136D53E03
:10284000A7096A3FCA7BCF3E0C4B6B3F53B9C93EC9
:102850005E836C3F15EFC33E93B26D3F4A1DBE3E93
:102860009ED86E3F2A44B83E73F56F3FEF63B23E89
:102870000809713FD47CAC3E5213723F128FA63EC2
:102880004714733FE59AA03EDD0B743F86A09A3E45
:102890000BFA743F31A0943EC6DE753F229A8E3EFD
:1028A00007BA763F938E883EC58B773FC07D823EC8
:1028B000F853783FCCCF783E9812793F7F9A6C3EA0
:1028C0009DC7793F135C603E02737A3F0115543E09
:1028D000BE147B3FC2C5473ECDAC7B3FCF6E3B3E77
:1028E000283B7C3FA2102F3EC9BF7C3FB6AB223EA7
:1028F000AC3A7D3F8340163ECCAB7D3F86CF093E50
:1029000024137E3F73B2FA3DB0707E3F2EBCE13D92
:102910006DC47E3F36BDC83D580E7F3F80B6AF3D8B
:102920006D4E7F3F05A9963DAB847F3F742B7B3D69
:102930000FB17F3F2FFB483D98D37F3F2CC3163DFF
:1029400043EC7F3FB00AC93C11FB7F3F900E493CEE
:102950000000803F0000000011FB7F3F900E49BC4B
:1029600043EC7F3FB00AC9BC98D37F3F2CC316BD50
:102970000FB17F3F2FFB48BDAB847F3F742B7BBDE6
:102980006D4E7F3F05A996BD580E7F3F80B6AFBD07
:102990006DC47E3F36BDC8BDB0707E3F2EBCE1BD6C
:1029A00024137E3F73B2FABDCCAB7D3F86CF09BE08
:1029B000AC3A7D3F834016BEC9BF7C3FB6AB22BE5A
:1029C000283B7C3FA2102FBECDAC7B3FCF6E3BBEE1
:1029D000BE147B3FC2C547BE02737A3F011554BE89
:1029E0009DC7793F135C60BE9812793F7F9A6CBE99
:1029F000F853783FCCCF78BEC58B773FC07D82BE81
:102A000007BA763F938E88BEC6DE753F229A8EBE89
:102A10000BFA743F31A094BEDD0B743F86A09ABEC2
:102A20004714733FE59AA0BE5213723F128FA6BEA1
:102A30000809713FD47CACBE73F56F3FEF63B2BE43
:102A40009ED86E3F2A44B8BE93B26D3F4A1DBEBEAB
:102A50005E836C3F15EFC3BE0C4B6B3F53B9C9BED1
:102A6000A7096A3FCA7BCFBE3CBF683F4136D5BE8F
:102A7000D86B673F80E8DABE880F663F4F92E0BEB2
:102A800059AA643F7533E6BE5A3C633FBBCBEBBEED
:102A900098C5613FEA5AF1BE2146603FCBE0F6BEE1
:102AA00005BE5E3F275DFCBE532D5D3FE4E700BFE2
:102AB0001A945B3F3D9C03BF6AF2593F824B06BFAD
:102AC0005348583F9BF508BFE595563F6B9A0BBF9F
:102AD00031DB543FDA390EBF4918533FCDD310BF15
:102AE0003D4D513F2A6813BF1F7A4F3FD9F615BF9E
:102AF000029F4D3FC07F18BFF8BB4B3FC6021BBFB4
:102B000012D1493FD17F1DBF65DE473FCBF61FBFC6
:102B100003E4453F996722BF00E2433F25D224BF2B
:102B200070D8413F563627BF67C73F3F159429BF2E
:102B3000F9AE3D3F4AEB2BBF3B8F3B3FDE3B2EBF09
:102B40004268393FBB8530BF233A373FC9C832BFDF
:102B5000F304353FF30435BFC9C8323F233A37BFCA
:102B6000BB85303F426839BFDE3B2E3F3B8F3BBFCA
:102B70004AEB2B3FF9AE3DBF1594293F67C73FBFD6
:102B80005636273F70D841BF25D2243F00E243BFCD
:102B90009967223F03E445BFCBF61F3F65DE47BF81
:102BA000D17F1D3F12D149BFC6021B3FF8BB4BBFAF
:102BB000C07F183F029F4DBFD9F6153F1F7A4FBF08
:102BC0002A68133F3D4D51BFCDD3103F491853BF25
:102BD000DA390E3F31DB54BF6B9A0B3FE59556BF98
:102BE0009BF5083F534858BF824B063F6AF259BFD6
:102BF0003D9C033F1A945BBFE4E7003F532D5DBF4C
:102C0000275DFC3E05BE5EBFCBE0F63E214660BFC1
:102C1000EA5AF13E98C561BFBBCBEB3E5A3C63BF5D
:102C20007533E63E59AA64BF4F92E03E880F66BFF7
:102C300080E8DA3ED86B67BF4136D53E3CBF68BFFF
:102C4000CA7BCF3EA7096ABF53B9C93E0C4B6BBFC5
:102C500015EFC33E5E836CBF4A1DBE3E93B26DBF8F
:102C60002A44B83E9ED86EBFEF63B23E73F56FBF85
:102C7000D47CAC3E080971BF128FA63E521372BFBE
:102C8000E59AA03E471473BF86A09A3EDD0B74BF41
:102C900031A0943E0BFA74BF229A8E3EC6DE75BFF9
:102CA000938E883E07BA76BFC07D823EC58B77BFC4
:102CB000CCCF783EF85378BF7F9A6C3E981279BF9C
:102CC000135C603E9DC779BF0115543E02737ABF05
:102CD000C2C5473EBE147BBFCF6E3B3ECDAC7BBF73
:102CE000A2102F3E283B7CBFB6AB223EC9BF7CBFA3
:102CF0008340163EAC3A7DBF86CF093ECCAB7DBF4C
:102D000073B2FA3D24137EBF2EBCE13DB0707EBF8E
:102D100036BDC83D6DC47EBF80B6AF3D580E7FBF87
:102D200005A9963D6D4E7FBF742B7B3DAB847FBF65
:102D30002FFB483D0FB17FBF2CC3163D98D37FBFFB
:102D4000B00AC93C43EC7FBF900E493C11FB7FBFEA
:102D5000000000000000803F890FC93BC4FE7F3F98
:102D6000900E493C11FB7F3FB6C9963CE6F47F3F8D
:102D7000B00AC93C43EC7F3FB949FB3C29E17F3FA6
:102D80002CC3163D98D37F3F07E02F3D8FC37F3F75
:102D90002FFB483D0FB17F3F6814623D189C7F3F79
:102DA000742B7B3DAB847F3F0A208A3DC76A7F3FFF
:102DB00005A9963D6D4E7F3F8C30A33D9D2F7F3FF3
:102DC00080B6AF3D580E7F3FC33ABC3D9DEA7E3F83
:102DD00036BDC83D6DC47E3FB93DD53DC99B7E3FE4
:102DE0002EBCE13DB0707E3F7638EE3D23437E3F02
:102DF00073B2FA3D24137E3F0295033EB1E07D3F5E
:102E000086CF093ECCAB7D3FB708103E74747D3F42
:102E10008340163EAC3A7D3FDE761C3E73FE7C3F1F
:102E2000B6AB223EC9BF7C3FFCDE283EB07E7C3F75
:102E3000A2102F3E283B7C3F9840353E31F57B3F2A
:102E4000CF6E3B3ECDAC7B3F379B413EFC617B3F31
:102E5000C2C5473EBE147B3F60EE4D3E16C57A3F6D
:102E60000115543E02737A3F97395A3E841E7A3FC9
:102E7000135C603E9DC7793F667C663E4E6E793F2F
:102E80007F9A6C3E9812793F51B6723E7BB4783F80
:102E9000CCCF783EF853783FE1E67E3E10F1773FA5
:102EA000C07D823EC58B773FCE86853E1724773F17
:102EB000938E883E07BA763F07958B3E974D763FB7
:102EC000229A8E3EC6DE753FDD9D913E976D753F21
:102ED00031A0943E0BFA743F17A1973E2284743FB1
:102EE00086A09A3EDD0B743F789E9D3E3F91733FD6
:102EF000E59AA03E4714733FC595A33EF894723FF0
:102F0000128FA63E5213723FC486A93E578F713F5F
:102F1000D47CAC3E0809713F3A71AF3E6680703F89
:102F2000EF63B23E73F56F3FEC54B53E30686F3FD0
:102F30002A44B83E9ED86E3FA031BB3EBE466E3F8F
:102F40004A1DBE3E93B26D3F1E07C13E1D1C6D3F24
:102F500015EFC33E5E836C3F29D5C63E58E86B3FF4
:102F600053B9C93E0C4B6B3F8B9BCC3E7BAB6A3F4E
:102F7000CA7BCF3EA7096A3F095AD23E9165693F95
:102F80004136D53E3CBF683F6B10D83EA816683F1F
:102F900080E8DA3ED86B673F79BEDD3ECCBE663F47
:102FA0004F92E03E880F663FFA63E33E0B5E653F5B
:102FB0007533E63E59AA643FB700E93E73F4633FB8
:102FC000BBCBEB3E5A3C633F7994EE3E1082623FAE
:102FD000EA5AF13E98C5613F071FF43EF206613F91
:102FE000CBE0F63E2146603F2DA0F93E27835F3FB0
:102FF000275DFC3E05BE5E3FB217FF3EBEF65D3F5D
:10300000E4E7003F532D5D3FB142023FC7615C3FA3
:103010003D9C033F1A945B3F84F4043F50C45A3FE5
:10302000824B063F6AF2593F36A1073F6A1E593F5D
:103030009BF5083F5348583FAD480A3F2670573F1D
:103040006B9A0B3FE595563FD0EA0C3F93B9553F3D
:10305000DA390E3F31DB543F84870F3FC3FA533FC9
:10306000CDD3103F4918533FB01E123FC633523FD5
:103070002A68133F3D4D513F39B0143FAF64503F74
:10308000D9F6153F1F7A4F3F073C173F908D4E3FB3
:10309000C07F183F029F4D3F00C2193F79AE4C3FA1
:1030A000C6021B3FF8BB4B3F0C421C3F7FC74A3F49
:1030B000D17F1D3F12D1493F12BC1E3FB3D8483FBC
:1030C000CBF61F3F65DE473FF92F213F2AE2463FFF
:1030D0009967223F03E4453FA99D233FF5E3443F21
:1030E00025D2243F00E2433F0A05263F29DE423F26
:1030F0005636273F70D8413F0566283FDAD0403F1B
:103100001594293F67C73F3F82C02A3F1BBC3E3F03
:103110004AEB2B3FF9AE3D3F69142D3F03A03C3FE6
:10312000DE3B2E3F3B8F3B3FA5612F3FA47C3A3FC8
:10313000BB85303F4268393F1DA8313F1652383FAA
:10314000C9C8323F233A373FBCE7333F6C20363F94
:10315000F304353FF304353F6C20363FBCE7333F83
:10316000233A373FC9C8323F1652383F1DA8313F76
:103170004268393FBB85303FA47C3A3FA5612F3F71
:103180003B8F3B3FDE3B2E3F03A03C3F69142D3F6E
:10319000F9AE3D3F4AEB2B3F1BBC3E3F82C02A3F6E
:1031A00067C73F3F1594293FDAD0403F0566283F67
:1031B00070D8413F5636273F29DE423F0A05263F59
:1031C00000E2433F25D2243FF5E3443FA99D233F3E
:1031D00003E4453F9967223F2AE2463FF92F213F0A
:1031E00065DE473FCBF61F3FB3D8483F12BC1E3FBA
:1031F00012D1493FD17F1D3F7FC74A3F0C421C3F40
:10320000F8BB4B3FC6021B3F79AE4C3F00C2193F93
:10321000029F4D3FC07F183F908D4E3F073C173FA8
:103220001F7A4F3FD9F6153FAF64503F39B0143F76
:103230003D4D513F2A68133FC633523FB01E123FE7
:103240004918533FCDD3103FC3FA533F84870F3FF4
:1032500031DB543FDA390E3F93B9553FD0EA0C3F8A
:10326000E595563F6B9A0B3F2670573FAD480A3F96
:103270005348583F9BF5083F6A1E593F36A1073F08
:103280006AF2593F824B063F50C45A3F84F4043FD0
:103290001A945B3F3D9C033FC7615C3FB142023FD4
:1032A000532D5D3FE4E7003FBEF65D3FB217FF3EA2
:1032B00005BE5E3F275DFC3E27835F3F2DA0F93EA4
:1032C0002146603FCBE0F63EF206613F071FF43E29
:1032D00098C5613FEA5AF13E1082623F7994EE3E12
:1032E0005A3C633FBBCBEB3E73F4633FB700E93E10
:1032F00059AA643F7533E63E0B5E653FFA63E33ED1
:10330000880F663F4F92E03ECCBE663F79BEDD3E01
:10331000D86B673F80E8DA3EA816683F6B10D83E4E
:103320003CBF683F4136D53E9165693F095AD23E60
:10333000A7096A3FCA7BCF3E7BAB6A3F8B9BCC3EE3
:103340000C4B6B3F53B9C93E58E86B3F29D5C63E7D
:103350005E836C3F15EFC33E1D1C6D3F1E07C13ED3
:1033600093B26D3F4A1DBE3EBE466E3FA031BB3E8E
:103370009ED86E3F2A44B83E30686F3FEC54B53E4D
:1033800073F56F3FEF63B23E6680703F3A71AF3EB8
:103390000809713FD47CAC3E578F713FC486A93E6B
:1033A0005213723F128FA63EF894723FC595A33E0A
:1033B0004714733FE59AA03E3F91733F789E9D3E30
:1033C000DD0B743F86A09A3E2284743F17A1973E7E
:1033D0000BFA743F31A0943E976D753FDD9D913E91
:1033E000C6DE753F229A8E3E974D763F07958B3EFF
:1033F00007BA763F938E883E1724773FCE86853E68
:10340000C58B773FC07D823E10F1773FE1E67E3E7F
:10341000F853783FCCCF783E7BB4783F51B6723EBC
:103420009812793F7F9A6C3E4E6E793F667C663E7D
:103430009DC7793F135C603E841E7A3F97395A3EA0
:1034400002737A3F0115543E16C57A3F60EE4D3E39
:10345000BE147B3FC2C5473EFC617B3F379B413E6C
:10346000CDAC7B3FCF6E3B3E31F57B3F9840353E48
:10347000283B7C3FA2102F3EB07E7C3FFCDE283EE6
:10348000C9BF7C3FB6AB223E73FE7C3FDE761C3E5E
:10349000AC3A7D3F8340163E74747D3FB708103EC2
:1034A000CCAB7D3F86CF093EB1E07D3F0295033E28
:1034B00024137E3F73B2FA3D23437E3F7638EE3DC0
:1034C000B0707E3F2EBCE13DC99B7E3FB93DD53DEE
:1034D0006DC47E3F36BDC83D9DEA7E3FC33ABC3DCC
:1034E000580E7F3F80B6AF3D9D2F7F3F8C30A33D70
:1034F0006D4E7F3F05A9963DC76A7F3F0A208A3DF2
:10350000AB847F3F742B7B3D189C7F3F6814623DEA
:103510000FB17F3F2FFB483D8FC37F3F07E02F3D1B
:1035200098D37F3F2CC3163D29E17F3FB949FB3C2F
:1035300043EC7F3FB00AC93CE6F47F3FB6C9963CF6
:1035400011FB7F3F900E493CC4FE7F3F890FC93B72
:103550000000803F00000000C4FE7F3F890FC9BB10
:1035600011FB7F3F900E49BCE6F47F3FB6C996BC85
:1035700043EC7F3FB00AC9BC29E17F3FB949FBBC9E
:1035800098D37F3F2CC316BD8FC37F3F07E02FBD6D
:103590000FB17F3F2FFB48BD189C7F3F681462BD71
:1035A000AB847F3F742B7BBDC76A7F3F0A208ABDF7
:1035B0006D4E7F3F05A996BD9D2F7F3F8C30A3BDEB
:1035C000580E7F3F80B6AFBD9DEA7E3FC33ABCBD7B
:1035D0006DC47E3F36BDC8BDC99B7E3FB93DD5BDDC
:1035E000B0707E3F2EBCE1BD23437E3F7638EEBDFA
:1035F00024137E3F73B2FABDB1E07D3F029503BE56
:10360000CCAB7D3F86CF09BE74747D3FB70810BE3A
:10361000AC3A7D3F834016BE73FE7C3FDE761CBE17
:10362000C9BF7C3FB6AB22BEB07E7C3FFCDE28BE6D
:10363000283B7C3FA2102FBE31F57B3F984035BE22
:10364000CDAC7B3FCF6E3BBEFC617B3F379B41BE29
:10365000BE147B3FC2C547BE16C57A3F60EE4DBE65
:1036600002737A3F011554BE841E7A3F97395ABEC1
:103670009DC7793F135C60BE4E6E793F667C66BE27
:103680009812793F7F9A6CBE7BB4783F51B672BE78
:10369000F853783FCCCF78BE10F1773FE1E67EBE9D
:1036A000C58B773FC07D82BE1724773FCE8685BE0F
:1036B00007BA763F938E88BE974D763F07958BBEAF
:1036C000C6DE753F229A8EBE976D753FDD9D91BE19
:1036D0000BFA743F31A094BE2284743F17A197BEA9
:1036E000DD0B743F86A09ABE3F91733F789E9DBECE
:1036F0004714733FE59AA0BEF894723FC595A3BEE8
:103700005213723F128FA6BE578F713FC486A9BE57
:103710000809713FD47CACBE6680703F3A71AFBE81
:1037200073F56F3FEF63B2BE30686F3FEC54B5BEC8
:103730009ED86E3F2A44B8BEBE466E3FA031BBBE87
:1037400093B26D3F4A1DBEBE1D1C6D3F1E07C1BE1C
:103750005E836C3F15EFC3BE58E86B3F29D5C6BEEC
:103760000C4B6B3F53B9C9BE7BAB6A3F8B9BCCBE46
:10377000A7096A3FCA7BCFBE9165693F095AD2BE8D
:103780003CBF683F4136D5BEA816683F6B10D8BE17
:10379000D86B673F80E8DABECCBE663F79BEDDBE3F
:1037A000880F663F4F92E0BE0B5E653FFA63E3BE53
:1037B00059AA643F7533E6BE73F4633FB700E9BEB0
:1037C0005A3C633FBBCBEBBE1082623F7994EEBEA6
:1037D00098C5613FEA5AF1BEF206613F071FF4BE89
:1037E0002146603FCBE0F6BE27835F3F2DA0F9BEA8
:1037F00005BE5E3F275DFCBEBEF65D3FB217FFBE55
:10380000532D5D3FE4E700BFC7615C3FB14202BF9B
:103810001A945B3F3D9C03BF50C45A3F84F404BFDD
:103820006AF2593F824B06BF6A1E593F36A107BF55
:103830005348583F9BF508BF2670573FAD480ABF15
:10384000E595563F6B9A0BBF93B9553FD0EA0CBF35
:1038500031DB543FDA390EBFC3FA533F84870FBFC1
:103860004918533FCDD310BFC633523FB01E12BFCD
:103870003D4D513F2A6813BFAF64503F39B014BF6C
:103880001F7A4F3FD9F615BF908D4E3F073C17BFAB
:10389000029F4D3FC07F18BF79AE4C3F00C219BF99
:1038A000F8BB4B3FC6021BBF7FC74A3F0C421CBF41
:1038B00012D1493FD17F1DBFB3D8483F12BC1EBFB4
:1038C00065DE473FCBF61FBF2AE2463FF92F21BFF7
:1038D00003E4453F996722BFF5E3443FA99D23BF19
:1038E00000E2433F25D224BF29DE423F0A0526BF1E
:1038F00070D8413F563627BFDAD0403F056628BF13
:1039000067C73F3F159429BF1BBC3E3F82C02ABFFB
:10391000F9AE3D3F4AEB2BBF03A03C3F69142DBFDE
:103920003B8F3B3FDE3B2EBFA47C3A3FA5612FBFC0
:103930004268393FBB8530BF1652383F1DA831BFA2
:10394000233A373FC9C832BF6C20363FBCE733BF8C
:10395000F304353FF30435BFBCE7333F6C2036BF7B
:10396000C9C8323F233A37BF1DA8313F165238BF6E
:10397000BB85303F426839BFA5612F3FA47C3ABF69
:10398000DE3B2E3F3B8F3BBF69142D3F03A03CBF66
:103990004AEB2B3FF9AE3DBF82C02A3F1BBC3EBF66
:1039A0001594293F67C73FBF0566283FDAD040BF5F
:1039B0005636273F70D841BF0A05263F29DE42BF51
:1039C00025D2243F00E243BFA99D233FF5E344BF36
:1039D0009967223F03E445BFF92F213F2AE246BF02
:1039E000CBF61F3F65DE47BF12BC1E3FB3D848BFB2
:1039F000D17F1D3F12D149BF0C421C3F7FC74ABF38
:103A0000C6021B3FF8BB4BBF00C2193F79AE4CBF8B
:103A1000C07F183F029F4DBF073C173F908D4EBFA0
:103A2000D9F6153F1F7A4FBF39B0143FAF6450BF6E
:103A30002A68133F3D4D51BFB01E123FC63352BFDF
:103A4000CDD3103F491853BF84870F3FC3FA53BFEC
:103A5000DA390E3F31DB54BFD0EA0C3F93B955BF82
:103A60006B9A0B3FE59556BFAD480A3F267057BF8E
:103A70009BF5083F534858BF36A1073F6A1E59BF00
:103A8000824B063F6AF259BF84F4043F50C45ABFC8
:103A90003D9C033F1A945BBFB142023FC7615CBFCC
:103AA000E4E7003F532D5DBFB217FF3EBEF65DBF9A
:103AB000275DFC3E05BE5EBF2DA0F93E27835FBF9C
:103AC000CBE0F63E214660BF071FF43EF20661BF21
:103AD000EA5AF13E98C561BF7994EE3E108262BF0A
:103AE000BBCBEB3E5A3C63BFB700E93E73F463BF08
:103AF0007533E63E59AA64BFFA63E33E0B5E65BFC9
:103B00004F92E03E880F66BF79BEDD3ECCBE66BFF9
:103B100080E8DA3ED86B67BF6B10D83EA81668BF46
:103B20004136D53E3CBF68BF095AD23E916569BF58
:103B3000CA7BCF3EA7096ABF8B9BCC3E7BAB6ABFDB
:103B400053B9C93E0C4B6BBF29D5C63E58E86BBF75
:103B500015EFC33E5E836CBF1E07C13E1D1C6DBFCB
:103B60004A1DBE3E93B26DBFA031BB3EBE466EBF86
:103B70002A44B83E9ED86EBFEC54B53E30686FBF45
:103B8000EF63B23E73F56FBF3A71AF3E668070BFB0
:103B9000D47CAC3E080971BFC486A93E578F71BF63
:103BA000128FA63E521372BFC595A33EF89472BF02
:103BB000E59AA03E471473BF789E9D3E3F9173BF28
:103BC00086A09A3EDD0B74BF17A1973E228474BF76
:103BD00031A0943E0BFA74BFDD9D913E976D75BF89
:103BE000229A8E3EC6DE75BF07958B3E974D76BFF7
:103BF000938E883E07BA76BFCE86853E172477BF60
:103C0000C07D823EC58B77BFE1E67E3E10F177BF77
:103C1000CCCF783EF85378BF51B6723E7BB478BFB4
:103C20007F9A6C3E981279BF667C663E4E6E79BF75
:103C3000135C603E9DC779BF97395A3E841E7ABF98
:103C40000115543E02737ABF60EE4D3E16C57ABF31
:103C5000C2C5473EBE147BBF379B413EFC617BBF64
:103C6000CF6E3B3ECDAC7BBF9840353E31F57BBF40
:103C7000A2102F3E283B7CBFFCDE283EB07E7CBFDE
:103C8000B6AB223EC9BF7CBFDE761C3E73FE7CBF56
:103C90008340163EAC3A7DBFB708103E74747DBFBA
:103CA00086CF093ECCAB7DBF0295033EB1E07DBF20
:103CB00073B2FA3D24137EBF7638EE3D23437EBFB8
:103CC0002EBCE13DB0707EBFB93DD53DC99B7EBFE6
:103CD00036BDC83D6DC47EBFC33ABC3D9DEA7EBFC4
:103CE00080B6AF3D580E7FBF8C30A33D9D2F7FBF68
:103CF00005A9963D6D4E7FBF0A208A3DC76A7FBFEA
:103D0000742B7B3DAB847FBF6814623D189C7FBFE2
:103D10002FFB483D0FB17FBF07E02F3D8FC37FBF13
:103D20002CC3163D98D37FBFB949FB3C29E17FBF27
:103D3000B00AC93C43EC7FBFB6C9963CE6F47FBFEE
:103D4000900E493C11FB7FBF890FC93BC4FE7FBF6A
:103D5000000000000000803FC70F493BB1FF7F3FDC
:103D6000890FC93BC4FE7F3F59CB163C39FD7F3FCD
:103D7000900E493C11FB7F3F4B517B3C4AF87F3F03
:103D8000B6C9963CE6F47F3F69EAAF3CE3F07F3F7B
:103D9000B00AC93C43EC7F3F7B2AE23C05E77F3F0A
:103DA000B949FB3C29E17F3F2F340A3DAFDA7F3F21
:103DB0002CC3163D98D37F3FCC51233DE2CB7F3FB0
:103DC00007E02F3D8FC37F3FD56D3C3D9EBA7F3FBF
:103DD0002FFB483D0FB17F3F0E88553DE3A67F3F47
:103DE0006814623D189C7F3F38A06E3DB1907F3FC4
:103DF000742B7B3DAB847F3F0ADB833D08787F3F9C
:103E00000A208A3DC76A7F3FB464903DE95C7F3FEA
:103E100005A9963D6D4E7F3FF9EC9C3D543F7F3F99
:103E20008C30A33D9D2F7F3FBA73A93D491F7F3F33
:103E300080B6AF3D580E7F3FDAF8B53DC9FC7E3FF6
:103E4000C33ABC3D9DEA7E3F397CC23DD4D77E3F1C
:103E500036BDC83D6DC47E3FB7FDCE3D69B07E3FE7
:103E6000B93DD53DC99B7E3F377DDB3D8B867E3F8F
:103E70002EBCE13DB0707E3F9AFAE73D385A7E3F56
:103E80007638EE3D23437E3FC075F43D722B7E3F76
:103E900073B2FA3D24137E3F4577003E38FA7D3FEA
:103EA0000295033EB1E07D3F6EB2063E8CC67D3F7B
:103EB00086CF093ECCAB7D3F4AEC0C3E6E907D3FF9
:103EC000B708103E74747D3FCA24133EDE577D3F11
:103ED0008340163EAC3A7D3FE05B193EDD1C7D3FE2
:103EE000DE761C3E73FE7C3F7B911F3E6CDF7C3F89
:103EF000B6AB223EC9BF7C3F8CC5253E8A9F7C3F26
:103F0000FCDE283EB07E7C3F04F82B3E3A5D7C3FD1
:103F1000A2102F3E283B7C3FD428323E7A187C3FAB
:103F20009840353E31F57B3FEC57383E4DD17B3FD5
:103F3000CF6E3B3ECDAC7B3F3E853E3EB2877B3F66
:103F4000379B413EFC617B3FB9B0443EAB3B7B3F7E
:103F5000C2C5473EBE147B3F4FDA4A3E37ED7A3F3B
:103F600060EE4D3E16C57A3FF101513E599C7A3FB5
:103F70000115543E02737A3F8F27573E10497A3F0E
:103F800097395A3E841E7A3F1A4B5D3E5EF3793F65
:103F9000135C603E9DC7793F836C633E439B793FD2
:103FA000667C663E4E6E793FBA8B693EC040793F73
:103FB0007F9A6C3E9812793FB2A86F3ED6E3783F65
:103FC00051B6723E7BB4783F5AC3753E8684783FC3
:103FD000CCCF783EF853783FA4DB7B3ED122783FAC
:103FE000E1E67E3E10F1773FC0F8803EB7BE773FF6
:103FF000C07D823EC58B773F7002843E3A58773F42
:10400000CE86853E1724773FDA0A873E5BEF763F00
:10401000938E883E07BA763FF8118A3E1B84763F1E
:1040200007958B3E974D763FC0178D3E7A16763FAB
:10403000229A8E3EC6DE753F2C1C903E7BA6753FB5
:10404000DD9D913E976D753F351F933E1D34753F45
:1040500031A0943E0BFA743FD220963E62BF743F6B
:1040600017A1973E2284743FFE20993E4B48743F2F
:1040700086A09A3EDD0B743FAF1F9C3ED9CE733FA6
:10408000789E9D3E3F91733FDF1C9F3E0E53733FD2
:10409000E59AA03E4714733F8718A23EEBD4723FC7
:1040A000C595A33EF894723F9F12A53E7054723F8F
:1040B000128FA63E5213723F1F0BA83E9FD1713F35
:1040C000C486A93E578F713F0102AB3E7A4C713FC7
:1040D000D47CAC3E0809713F3CF7AD3E02C5703F51
:1040E0003A71AF3E6680703FCBEAB03E373B703FDF
:1040F000EF63B23E73F56F3FA5DCB33E1BAF6F3F7E
:10410000EC54B53E30686F3FC3CCB63EB0206F3F35
:104110002A44B83E9ED86E3F1EBBB93EF88F6E3F14
:10412000A031BB3EBE466E3FAFA7BC3EF2FC6D3F2A
:104130004A1DBE3E93B26D3F6F92BF3EA1676D3F79
:104140001E07C13E1D1C6D3F557BC23E07D06C3F14
:1041500015EFC33E5E836C3F5C62C53E24366C3F08
:1041600029D5C63E58E86B3F7C47C83EFB996B3F5C
:1041700053B9C93E0C4B6B3FAE2ACB3E8CFB6A3F1A
:104180008B9BCC3E7BAB6A3FEA0BCE3ED95A6A3F53
:10419000CA7BCF3EA7096A3F2AEBD03EE4B7693F0E
:1041A000095AD23E9165693F67C8D33EAE12693F56
:1041B0004136D53E3CBF683F99A3D63E396B683F38
:1041C0006B10D83EA816683FB97CD93E87C1673FBF
:1041D00080E8DA3ED86B673FC153DC3E9915673FF4
:1041E00079BEDD3ECCBE663FA928DF3E7167663FE3
:1041F0004F92E03E880F663F6AFBE13E10B7653F95
:10420000FA63E33E0B5E653FFECBE43E7904653F17
:104210007533E63E59AA643F5D9AE73EAC4F643F72
:10422000B700E93E73F4633F8166EA3EAC98633FB2
:10423000BBCBEB3E5A3C633F6330ED3E7BDF623FDE
:104240007994EE3E1082623FFBF7EF3E1A24623F04
:10425000EA5AF13E98C5613F43BDF23E8A66613F2E
:10426000071FF43EF206613F3580F53ECFA6603F62
:10427000CBE0F63E2146603FC840F83EE9E45F3FB0
:104280002DA0F93E27835F3FF7FEFA3EDB205F3F1C
:10429000275DFC3E05BE5E3FBBBAFD3EA65A5E3FB3
:1042A000B217FF3EBEF65D3F063A003F4D925D3FBE
:1042B000E4E7003F532D5D3F7395013FD1C75C3F5D
:1042C000B142023FC7615C3F9FEF023F34FB5B3F5F
:1042D0003D9C033F1A945B3F8948043F792C5B3F28
:1042E00084F4043F50C45A3F2CA0053FA05B5A3FC2
:1042F000824B063F6AF2593F86F6063FAD88593F2A
:1043000036A1073F6A1E593F924B083FA1B3583F61
:104310009BF5083F5348583F4E9F093F7FDC573F6E
:10432000AD480A3F2670573FB7F10A3F4803573F51
:104330006B9A0B3FE595563FC9420C3FFE27563F0F
:10434000D0EA0C3F93B9553F81920D3FA44A553FA7
:10435000DA390E3F31DB543FDBE00E3F3B6B543F1D
:1043600084870F3FC3FA533FD52D103FC789533F72
:10437000CDD3103F4918533F6B79113F49A6523FA7
:10438000B01E123FC633523F9AC3123FC2C0513FC4
:104390002A68133F3D4D513F5F0C143F37D9503FC2
:1043A00039B0143FAF64503FB753153FA8EF4F3FAC
:1043B000D9F6153F1F7A4F3F9F99163F17044F3F7D
:1043C000073C173F908D4E3F12DE173F89164E3F38
:1043D000C07F183F029F4D3F0F21193FFD264D3FE3
:1043E00000C2193F79AE4C3F93621A3F78354C3F7B
:1043F000C6021B3FF8BB4B3F99A21B3FFA414B3F04
:104400000C421C3F7FC74A3F1FE11C3F874C4A3F7D
:10441000D17F1D3F12D1493F221E1E3F2155493FEA
:1044200012BC1E3FB3D8483F9F591F3FCA5B483F4D
:10443000CBF61F3F65DE473F9393203F8560473FA4
:10444000F92F213F2AE2463FFBCB213F5463463FF1
:104450009967223F03E4453FD302233F3964453F38
:10446000A99D233FF5E3443F1A38243F3763443F77
:1044700025D2243F00E2433FCB6B253F5160433FB1
:104480000A05263F29DE423FE39D263F895B423FE6
:104490005636273F70D8413F61CE273FE154413F18
:1044A0000566283FDAD0403F41FD283F5C4C403F45
:1044B0001594293F67C73F3F802A2A3FFC413F3F71
:1044C00082C02A3F1BBC3E3F1B562B3FC5353E3F9B
:1044D0004AEB2B3FF9AE3D3F0F802C3FB8273D3FC5
:1044E00069142D3F03A03C3F59A82D3FD9173C3FED
:1044F000DE3B2E3F3B8F3B3FF7CE2E3F29063B3F17
:10450000A5612F3FA47C3A3FE6F32F3FACF2393F41
:10451000BB85303F4268393F2217313F65DD383F68
:104520001DA8313F1652383FAA38323F55C6373F93
:10453000C9C8323F233A373F7A58333F7FAD363FC1
:10454000BCE7333F6C20363F8F76343FE792353FF0
:10455000F304353FF304353FE792353F8F76343F20
:104560006C20363FBCE7333F7FAD363F7A58333F50
:10457000233A373FC9C8323F55C6373FAA38323F82
:104580001652383F1DA8313F65DD383F2217313FB5
:104590004268393FBB85303FACF2393FE6F32F3FED
:1045A000A47C3A3FA5612F3F29063B3FF7CE2E3F23
:1045B0003B8F3B3FDE3B2E3FD9173C3F59A82D3F59
:1045C00003A03C3F69142D3FB8273D3F0F802C3F8F
:1045D000F9AE3D3F4AEB2B3FC5353E3F1B562B3FC7
:1045E0001BBC3E3F82C02A3FFC413F3F802A2A3FFE
:1045F00067C73F3F1594293F5C4C403F41FD283F32
:10460000DAD0403F0566283FE154413F61CE273F65
:1046100070D8413F5636273F895B423FE39D263F96
:1046200029DE423F0A05263F5160433FCB6B253FC1
:1046300000E2433F25D2243F3763443F1A38243FEA
:10464000F5E3443FA99D233F3964453FD302233F0F
:1046500003E4453F9967223F5463463FFBCB213F2C
:104660002AE2463FF92F213F8560473F9393203F41
:1046700065DE473FCBF61F3FCA5B483F9F591F3F50
:10468000B3D8483F12BC1E3F2155493F221E1E3F52
:1046900012D1493FD17F1D3F874C4A3F1FE11C3F4C
:1046A0007FC74A3F0C421C3FFA414B3F99A21B3F38
:1046B000F8BB4B3FC6021B3F78354C3F93621A3F15
:1046C00079AE4C3F00C2193FFD264D3F0F21193FE7
:1046D000029F4D3FC07F183F89164E3F12DE173FA5
:1046E000908D4E3F073C173F17044F3F9F99163F51
:1046F0001F7A4F3FD9F6153FA8EF4F3FB753153FED
:10470000AF64503F39B0143F37D9503F5F0C143F6E
:104710003D4D513F2A68133FC2C0513F9AC3123FDB
:10472000C633523FB01E123F49A6523F6B79113F2C
:104730004918533FCDD3103FC789533FD52D103F64
:10474000C3FA533F84870F3F3B6B543FDBE00E3F80
:1047500031DB543FDA390E3FA44A553F81920D3F79
:1047600093B9553FD0EA0C3FFE27563FC9420C3F54
:10477000E595563F6B9A0B3F4803573FB7F10A3F09
:104780002670573FAD480A3F7FDC573F4E9F093F99
:104790005348583F9BF5083FA1B3583F924B083F01
:1047A0006A1E593F36A1073FAD88593F86F6063F3E
:1047B0006AF2593F824B063FA05B5A3F2CA0053F4F
:1047C00050C45A3F84F4043F792C5B3F8948043F2E
:1047D0001A945B3F3D9C033F34FB5B3F9FEF023FDE
:1047E000C7615C3FB142023FD1C75C3F7395013F57
:1047F000532D5D3FE4E7003F4D925D3F063A003F99
:10480000BEF65D3FB217FF3EA65A5E3FBBBAFD3E05
:1048100005BE5E3F275DFC3EDB205F3FF7FEFA3EB4
:1048200027835F3F2DA0F93EE9E45F3FC840F83E93
:104830002146603FCBE0F63ECFA6603F3580F53E97
:10484000F206613F071FF43E8A66613F43BDF23EB8
:1048500098C5613FEA5AF13E1A24623FFBF7EF3EEA
:104860001082623F7994EE3E7BDF623F6330ED3E23
:104870005A3C633FBBCBEB3EAC98633F8166EA3E5C
:1048800073F4633FB700E93EAC4F643F5D9AE73E87
:1048900059AA643F7533E63E7904653FFECBE43E9A
:1048A0000B5E653FFA63E33E10B7653F6AFBE13E8E
:1048B000880F663F4F92E03E7167663FA928DF3E52
:1048C000CCBE663F79BEDD3E9915673FC153DC3EE5
:1048D000D86B673F80E8DA3E87C1673FB97CD93E35
:1048E000A816683F6B10D83E396B683F99A3D63E37
:1048F0003CBF683F4136D53EAE12693F67C8D33EE4
:104900009165693F095AD23EE4B7693F2AEBD03E30
:10491000A7096A3FCA7BCF3ED95A6A3FEA0BCE3E0F
:104920007BAB6A3F8B9BCC3E8CFB6A3FAE2ACB3E77
:104930000C4B6B3F53B9C93EFB996B3F7C47C83E5C
:1049400058E86B3F29D5C63E24366C3F5C62C53EB5
:104950005E836C3F15EFC33E07D06C3F557BC23E74
:104960001D1C6D3F1E07C13EA1676D3F6F92BF3E8C
:1049700093B26D3F4A1DBE3EF2FC6D3FAFA7BC3EF9
:10498000BE466E3FA031BB3EF88F6E3F1EBBB93EA8
:104990009ED86E3F2A44B83EB0206F3FC3CCB63E8F
:1049A00030686F3FEC54B53E1BAF6F3FA5DCB33EA4
:1049B00073F56F3FEF63B23E373B703FCBEAB03EDB
:1049C0006680703F3A71AF3E02C5703F3CF7AD3E26
:1049D0000809713FD47CAC3E7A4C713F0102AB3E7A
:1049E000578F713FC486A93E9FD1713F1F0BA83ED0
:1049F0005213723F128FA63E7054723F9F12A53E13
:104A0000F894723FC595A33EEBD4723F8718A23E3F
:104A10004714733FE59AA03E0E53733FDF1C9F3E41
:104A20003F91733F789E9D3ED9CE733FAF1F9C3E12
:104A3000DD0B743F86A09A3E4B48743FFE20993EA2
:104A40002284743F17A1973E62BF743FD220963EE6
:104A50000BFA743F31A0943E1D34753F351F933ED1
:104A6000976D753FDD9D913E7BA6753F2C1C903E5A
:104A7000C6DE753F229A8E3E7A16763FC0178D3E6F
:104A8000974D763F07958B3E1B84763FF8118A3E03
:104A900007BA763F938E883E5BEF763FDA0A873E11
:104AA0001724773FCE86853E3A58773F7002843E82
:104AB000C58B773FC07D823EB7BE773FC0F8803E52
:104AC00010F1773FE1E67E3ED122783FA4DB7B3ECA
:104AD000F853783FCCCF783E8684783F5AC3753EF2
:104AE0007BB4783F51B6723ED6E3783FB2A86F3EB2
:104AF0009812793F7F9A6C3EC040793FBA8B693EED
:104B00004E6E793F667C663E439B793F836C633E85
:104B10009DC7793F135C603E5EF3793F1A4B5D3E63
:104B2000841E7A3F97395A3E10497A3F8F27573E65
:104B300002737A3F0115543E599C7A3FF101513E70
:104B400016C57A3F60EE4D3E37ED7A3F4FDA4A3E6A
:104B5000BE147B3FC2C5473EAB3B7B3FB9B0443E32
:104B6000FC617B3F379B413EB2877B3F3E853E3EAB
:104B7000CDAC7B3FCF6E3B3E4DD17B3FEC57383EBB
:104B800031F57B3F9840353E7A187C3FD428323E41
:104B9000283B7C3FA2102F3E3A5D7C3F04F82B3E21
:104BA000B07E7C3FFCDE283E8A9F7C3F8CC5253E44
:104BB000C9BF7C3FB6AB223E6CDF7C3F7B911F3E82
:104BC00073FE7C3FDE761C3EDD1C7D3FE05B193EC4
:104BD000AC3A7D3F8340163EDE577D3FCA24133EEC
:104BE00074747D3FB708103E6E907D3F4AEC0C3EDA
:104BF000CCAB7D3F86CF093E8CC67D3F6EB2063E74
:104C0000B1E07D3F0295033E38FA7D3F4577003E97
:104C100024137E3F73B2FA3D722B7E3FC075F43D84
:104C200023437E3F7638EE3D385A7E3F9AFAE73D81
:104C3000B0707E3F2EBCE13D8B867E3F377DDB3DF5
:104C4000C99B7E3FB93DD53D69B07E3FB7FDCE3DA6
:104C50006DC47E3F36BDC83DD4D77E3F397CC23D52
:104C60009DEA7E3FC33ABC3DC9FC7E3FDAF8B53DC4
:104C7000580E7F3F80B6AF3D491F7F3FBA73A93DB5
:104C80009D2F7F3F8C30A33D543F7F3FF9EC9C3DEF
:104C90006D4E7F3F05A9963DE95C7F3FB464903D32
:104CA000C76A7F3F0A208A3D08787F3F0ADB833D41
:104CB000AB847F3F742B7B3DB1907F3F38A06E3D2E
:104CC000189C7F3F6814623DE3A67F3F0E88553DE8
:104CD0000FB17F3F2FFB483D9EBA7F3FD56D3C3DD6
:104CE0008FC37F3F07E02F3DE2CB7F3FCC51233D79
:104CF00098D37F3F2CC3163DAFDA7F3F2F340A3D58
:104D000029E17F3FB949FB3C05E77F3F7B2AE23C35
:104D100043EC7F3FB00AC93CE3F07F3F69EAAF3C18
:104D2000E6F47F3FB6C9963C4AF87F3F4B517B3C47
:104D300011FB7F3F900E493C39FD7F3F59CB163C1C
:104D4000C4FE7F3F890FC93BB1FF7F3FC70F493B7F
:104D50000000803F00000000B1FF7F3FC70F49BB4C
:104D6000C4FE7F3F890FC9BB39FD7F3F59CB16BCBD
:104D700011FB7F3F900E49BC4AF87F3F4B517BBCF3
:104D8000E6F47F3FB6C996BCE3F07F3F69EAAFBC6B
:104D900043EC7F3FB00AC9BC05E77F3F7B2AE2BCFA
:104DA00029E17F3FB949FBBCAFDA7F3F2F340ABD11
:104DB00098D37F3F2CC316BDE2CB7F3FCC5123BDA0
:104DC0008FC37F3F07E02FBD9EBA7F3FD56D3CBDAF
:104DD0000FB17F3F2FFB48BDE3A67F3F0E8855BD37
:104DE000189C7F3F681462BDB1907F3F38A06EBDB4
:104DF000AB847F3F742B7BBD08787F3F0ADB83BD8C
:104E0000C76A7F3F0A208ABDE95C7F3FB46490BDDA
:104E10006D4E7F3F05A996BD543F7F3FF9EC9CBD89
:104E20009D2F7F3F8C30A3BD491F7F3FBA73A9BD23
:104E3000580E7F3F80B6AFBDC9FC7E3FDAF8B5BDE6
:104E40009DEA7E3FC33ABCBDD4D77E3F397CC2BD0C
:104E50006DC47E3F36BDC8BD69B07E3FB7FDCEBDD7
:104E6000C99B7E3FB93DD5BD8B867E3F377DDBBD7F
:104E7000B0707E3F2EBCE1BD385A7E3F9AFAE7BD46
:104E800023437E3F7638EEBD722B7E3FC075F4BD66
:104E900024137E3F73B2FABD38FA7D3F457700BEDA
:104EA000B1E07D3F029503BE8CC67D3F6EB206BE6B
:104EB000CCAB7D3F86CF09BE6E907D3F4AEC0CBEE9
:104EC00074747D3FB70810BEDE577D3FCA2413BE01
:104ED000AC3A7D3F834016BEDD1C7D3FE05B19BED2
:104EE00073FE7C3FDE761CBE6CDF7C3F7B911FBE79
:104EF000C9BF7C3FB6AB22BE8A9F7C3F8CC525BE16
:104F0000B07E7C3FFCDE28BE3A5D7C3F04F82BBEC1
:104F1000283B7C3FA2102FBE7A187C3FD42832BE9B
:104F200031F57B3F984035BE4DD17B3FEC5738BEC5
:104F3000CDAC7B3FCF6E3BBEB2877B3F3E853EBE56
:104F4000FC617B3F379B41BEAB3B7B3FB9B044BE6E
:104F5000BE147B3FC2C547BE37ED7A3F4FDA4ABE2B
:104F600016C57A3F60EE4DBE599C7A3FF10151BEA5
:104F700002737A3F011554BE10497A3F8F2757BEFE
:104F8000841E7A3F97395ABE5EF3793F1A4B5DBE55
:104F90009DC7793F135C60BE439B793F836C63BEC2
:104FA0004E6E793F667C66BEC040793FBA8B69BE63
:104FB0009812793F7F9A6CBED6E3783FB2A86FBE55
:104FC0007BB4783F51B672BE8684783F5AC375BEB3
:104FD000F853783FCCCF78BED122783FA4DB7BBE9C
:104FE00010F1773FE1E67EBEB7BE773FC0F880BEE6
:104FF000C58B773FC07D82BE3A58773F700284BE32
:105000001724773FCE8685BE5BEF763FDA0A87BEF0
:1050100007BA763F938E88BE1B84763FF8118ABE0E
:10502000974D763F07958BBE7A16763FC0178DBE9B
:10503000C6DE753F229A8EBE7BA6753F2C1C90BEA5
:10504000976D753FDD9D91BE1D34753F351F93BE35
:105050000BFA743F31A094BE62BF743FD22096BE5B
:105060002284743F17A197BE4B48743FFE2099BE1F
:10507000DD0B743F86A09ABED9CE733FAF1F9CBE96
:105080003F91733F789E9DBE0E53733FDF1C9FBEC2
:105090004714733FE59AA0BEEBD4723F8718A2BEB7
:1050A000F894723FC595A3BE7054723F9F12A5BE7F
:1050B0005213723F128FA6BE9FD1713F1F0BA8BE25
:1050C000578F713FC486A9BE7A4C713F0102ABBEB7
:1050D0000809713FD47CACBE02C5703F3CF7ADBE41
:1050E0006680703F3A71AFBE373B703FCBEAB0BECF
:1050F00073F56F3FEF63B2BE1BAF6F3FA5DCB3BE6E
:1051000030686F3FEC54B5BEB0206F3FC3CCB6BE25
:105110009ED86E3F2A44B8BEF88F6E3F1EBBB9BE04
:10512000BE466E3FA031BBBEF2FC6D3FAFA7BCBE1A
:1051300093B26D3F4A1DBEBEA1676D3F6F92BFBE69
:105140001D1C6D3F1E07C1BE07D06C3F557BC2BE04
:105150005E836C3F15EFC3BE24366C3F5C62C5BEF8
:1051600058E86B3F29D5C6BEFB996B3F7C47C8BE4C
:105170000C4B6B3F53B9C9BE8CFB6A3FAE2ACBBE0A
:105180007BAB6A3F8B9BCCBED95A6A3FEA0BCEBE43
:10519000A7096A3FCA7BCFBEE4B7693F2AEBD0BEFE
:1051A0009165693F095AD2BEAE12693F67C8D3BE46
:1051B0003CBF683F4136D5BE396B683F99A3D6BE28
:1051C000A816683F6B10D8BE87C1673FB97CD9BEAF
:1051D000D86B673F80E8DABE9915673FC153DCBEE4
:1051E000CCBE663F79BEDDBE7167663FA928DFBED3
:1051F000880F663F4F92E0BE10B7653F6AFBE1BE85
:105200000B5E653FFA63E3BE7904653FFECBE4BE07
:1052100059AA643F7533E6BEAC4F643F5D9AE7BE62
:1052200073F4633FB700E9BEAC98633F8166EABEA2
:105230005A3C633FBBCBEBBE7BDF623F6330EDBECE
:105240001082623F7994EEBE1A24623FFBF7EFBEF4
:1052500098C5613FEA5AF1BE8A66613F43BDF2BE1E
:10526000F206613F071FF4BECFA6603F3580F5BE52
:105270002146603FCBE0F6BEE9E45F3FC840F8BEA0
:1052800027835F3F2DA0F9BEDB205F3FF7FEFABE0C
:1052900005BE5E3F275DFCBEA65A5E3FBBBAFDBEA3
:1052A000BEF65D3FB217FFBE4D925D3F063A00BFAE
:1052B000532D5D3FE4E700BFD1C75C3F739501BF4D
:1052C000C7615C3FB14202BF34FB5B3F9FEF02BF4F
:1052D0001A945B3F3D9C03BF792C5B3F894804BF18
:1052E00050C45A3F84F404BFA05B5A3F2CA005BFB2
:1052F0006AF2593F824B06BFAD88593F86F606BF1A
:105300006A1E593F36A107BFA1B3583F924B08BF51
:105310005348583F9BF508BF7FDC573F4E9F09BF5E
:105320002670573FAD480ABF4803573FB7F10ABF41
:10533000E595563F6B9A0BBFFE27563FC9420CBFFF
:1053400093B9553FD0EA0CBFA44A553F81920DBF97
:1053500031DB543FDA390EBF3B6B543FDBE00EBF0D
:10536000C3FA533F84870FBFC789533FD52D10BF62
:105370004918533FCDD310BF49A6523F6B7911BF97
:10538000C633523FB01E12BFC2C0513F9AC312BFB4
:105390003D4D513F2A6813BF37D9503F5F0C14BFB2
:1053A000AF64503F39B014BFA8EF4F3FB75315BF9C
:1053B0001F7A4F3FD9F615BF17044F3F9F9916BF6D
:1053C000908D4E3F073C17BF89164E3F12DE17BF28
:1053D000029F4D3FC07F18BFFD264D3F0F2119BFD3
:1053E00079AE4C3F00C219BF78354C3F93621ABF6B
:1053F000F8BB4B3FC6021BBFFA414B3F99A21BBFF4
:105400007FC74A3F0C421CBF874C4A3F1FE11CBF6D
:1054100012D1493FD17F1DBF2155493F221E1EBFDA
:10542000B3D8483F12BC1EBFCA5B483F9F591FBF3D
:1054300065DE473FCBF61FBF8560473F939320BF94
:105440002AE2463FF92F21BF5463463FFBCB21BFE1
:1054500003E4453F996722BF3964453FD30223BF28
:10546000F5E3443FA99D23BF3763443F1A3824BF67
:1054700000E2433F25D224BF5160433FCB6B25BFA1
:1054800029DE423F0A0526BF895B423FE39D26BFD6
:1054900070D8413F563627BFE154413F61CE27BF08
:1054A000DAD0403F056628BF5C4C403F41FD28BF35
:1054B00067C73F3F159429BFFC413F3F802A2ABF61
:1054C0001BBC3E3F82C02ABFC5353E3F1B562BBF8B
:1054D000F9AE3D3F4AEB2BBFB8273D3F0F802CBFB5
:1054E00003A03C3F69142DBFD9173C3F59A82DBFDD
:1054F0003B8F3B3FDE3B2EBF29063B3FF7CE2EBF07
:10550000A47C3A3FA5612FBFACF2393FE6F32FBF31
:105510004268393FBB8530BF65DD383F221731BF58
:105520001652383F1DA831BF55C6373FAA3832BF83
:10553000233A373FC9C832BF7FAD363F7A5833BFB1
:105540006C20363FBCE733BFE792353F8F7634BFE0
:10555000F304353FF30435BF8F76343FE79235BF10
:10556000BCE7333F6C2036BF7A58333F7FAD36BF40
:10557000C9C8323F233A37BFAA38323F55C637BF72
:105580001DA8313F165238BF2217313F65DD38BFA5
:10559000BB85303F426839BFE6F32F3FACF239BFDD
:1055A000A5612F3FA47C3ABFF7CE2E3F29063BBF13
:1055B000DE3B2E3F3B8F3BBF59A82D3FD9173CBF49
:1055C00069142D3F03A03CBF0F802C3FB8273DBF7F
:1055D0004AEB2B3FF9AE3DBF1B562B3FC5353EBFB7
:1055E00082C02A3F1BBC3EBF802A2A3FFC413FBFEE
:1055F0001594293F67C73FBF41FD283F5C4C40BF22
:105600000566283FDAD040BF61CE273FE15441BF55
:105610005636273F70D841BFE39D263F895B42BF86
:105620000A05263F29DE42BFCB6B253F516043BFB1
:1056300025D2243F00E243BF1A38243F376344BFDA
:10564000A99D233FF5E344BFD302233F396445BFFF
:105650009967223F03E445BFFBCB213F546346BF1C
:10566000F92F213F2AE246BF9393203F856047BF31
:10567000CBF61F3F65DE47BF9F591F3FCA5B48BF40
:1056800012BC1E3FB3D848BF221E1E3F215549BF42
:10569000D17F1D3F12D149BF1FE11C3F874C4ABF3C
:1056A0000C421C3F7FC74ABF99A21B3FFA414BBF28
:1056B000C6021B3FF8BB4BBF93621A3F78354CBF05
:1056C00000C2193F79AE4CBF0F21193FFD264DBFD7
:1056D000C07F183F029F4DBF12DE173F89164EBF95
:1056E000073C173F908D4EBF9F99163F17044FBF41
:1056F000D9F6153F1F7A4FBFB753153FA8EF4FBFDD
:1057000039B0143FAF6450BF5F0C143F37D950BF5E
:105710002A68133F3D4D51BF9AC3123FC2C051BFCB
:10572000B01E123FC63352BF6B79113F49A652BF1C
:10573000CDD3103F491853BFD52D103FC78953BF54
:1057400084870F3FC3FA53BFDBE00E3F3B6B54BF70
:10575000DA390E3F31DB54BF81920D3FA44A55BF69
:10576000D0EA0C3F93B955BFC9420C3FFE2756BF44
:105770006B9A0B3FE59556BFB7F10A3F480357BFF9
:10578000AD480A3F267057BF4E9F093F7FDC57BF89
:105790009BF5083F534858BF924B083FA1B358BFF1
:1057A00036A1073F6A1E59BF86F6063FAD8859BF2E
:1057B000824B063F6AF259BF2CA0053FA05B5ABF3F
:1057C00084F4043F50C45ABF8948043F792C5BBF1E
:1057D0003D9C033F1A945BBF9FEF023F34FB5BBFCE
:1057E000B142023FC7615CBF7395013FD1C75CBF47
:1057F000E4E7003F532D5DBF063A003F4D925DBF89
:10580000B217FF3EBEF65DBFBBBAFD3EA65A5EBFF5
:10581000275DFC3E05BE5EBFF7FEFA3EDB205FBFA4
:105820002DA0F93E27835FBFC840F83EE9E45FBF83
:10583000CBE0F63E214660BF3580F53ECFA660BF87
:10584000071FF43EF20661BF43BDF23E8A6661BFA8
:10585000EA5AF13E98C561BFFBF7EF3E1A2462BFDA
:105860007994EE3E108262BF6330ED3E7BDF62BF13
:10587000BBCBEB3E5A3C63BF8166EA3EAC9863BF4C
:10588000B700E93E73F463BF5D9AE73EAC4F64BF77
:105890007533E63E59AA64BFFECBE43E790465BF8A
:1058A000FA63E33E0B5E65BF6AFBE13E10B765BF7E
:1058B0004F92E03E880F66BFA928DF3E716766BF42
:1058C00079BEDD3ECCBE66BFC153DC3E991567BFD5
:1058D00080E8DA3ED86B67BFB97CD93E87C167BF25
:1058E0006B10D83EA81668BF99A3D63E396B68BF27
:1058F0004136D53E3CBF68BF67C8D33EAE1269BFD4
:10590000095AD23E916569BF2AEBD03EE4B769BF20
:10591000CA7BCF3EA7096ABFEA0BCE3ED95A6ABFFF
:105920008B9BCC3E7BAB6ABFAE2ACB3E8CFB6ABF67
:1059300053B9C93E0C4B6BBF7C47C83EFB996BBF4C
:1059400029D5C63E58E86BBF5C62C53E24366CBFA5
:1059500015EFC33E5E836CBF557BC23E07D06CBF64
:105960001E07C13E1D1C6DBF6F92BF3EA1676DBF7C
:105970004A1DBE3E93B26DBFAFA7BC3EF2FC6DBFE9
:10598000A031BB3EBE466EBF1EBBB93EF88F6EBF98
:105990002A44B83E9ED86EBFC3CCB63EB0206FBF7F
:1059A000EC54B53E30686FBFA5DCB33E1BAF6FBF94
:1059B000EF63B23E73F56FBFCBEAB03E373B70BFCB
:1059C0003A71AF3E668070BF3CF7AD3E02C570BF16
:1059D000D47CAC3E080971BF0102AB3E7A4C71BF6A
:1059E000C486A93E578F71BF1F0BA83E9FD171BFC0
:1059F000128FA63E521372BF9F12A53E705472BF03
:105A0000C595A33EF89472BF8718A23EEBD472BF2F
:105A1000E59AA03E471473BFDF1C9F3E0E5373BF31
:105A2000789E9D3E3F9173BFAF1F9C3ED9CE73BF02
:105A300086A09A3EDD0B74BFFE20993E4B4874BF92
:105A400017A1973E228474BFD220963E62BF74BFD6
:105A500031A0943E0BFA74BF351F933E1D3475BFC1
:105A6000DD9D913E976D75BF2C1C903E7BA675BF4A
:105A7000229A8E3EC6DE75BFC0178D3E7A1676BF5F
:105A800007958B3E974D76BFF8118A3E1B8476BFF3
:105A9000938E883E07BA76BFDA0A873E5BEF76BF01
:105AA000CE86853E172477BF7002843E3A5877BF72
:105AB000C07D823EC58B77BFC0F8803EB7BE77BF42
:105AC000E1E67E3E10F177BFA4DB7B3ED12278BFBA
:105AD000CCCF783EF85378BF5AC3753E868478BFE2
:105AE00051B6723E7BB478BFB2A86F3ED6E378BFA2
:105AF0007F9A6C3E981279BFBA8B693EC04079BFDD
:105B0000667C663E4E6E79BF836C633E439B79BF75
:105B1000135C603E9DC779BF1A4B5D3E5EF379BF53
:105B200097395A3E841E7ABF8F27573E10497ABF55
:105B30000115543E02737ABFF101513E599C7ABF60
:105B400060EE4D3E16C57ABF4FDA4A3E37ED7ABF5A
:105B5000C2C5473EBE147BBFB9B0443EAB3B7BBF22
:105B6000379B413EFC617BBF3E853E3EB2877BBF9B
:105B7000CF6E3B3ECDAC7BBFEC57383E4DD17BBFAB
:105B80009840353E31F57BBFD428323E7A187CBF31
:105B9000A2102F3E283B7CBF04F82B3E3A5D7CBF11
:105BA000FCDE283EB07E7CBF8CC5253E8A9F7CBF34
:105BB000B6AB223EC9BF7CBF7B911F3E6CDF7CBF72
:105BC000DE761C3E73FE7CBFE05B193EDD1C7DBFB4
:105BD0008340163EAC3A7DBFCA24133EDE577DBFDC
:105BE000B708103E74747DBF4AEC0C3E6E907DBFCA
:105BF00086CF093ECCAB7DBF6EB2063E8CC67DBF64
:105C00000295033EB1E07DBF4577003E38FA7DBF87
:105C100073B2FA3D24137EBFC075F43D722B7EBF74
:105C20007638EE3D23437EBF9AFAE73D385A7EBF71
:105C30002EBCE13DB0707EBF377DDB3D8B867EBFE5
:105C4000B93DD53DC99B7EBFB7FDCE3D69B07EBF96
:105C500036BDC83D6DC47EBF397CC23DD4D77EBF42
:105C6000C33ABC3D9DEA7EBFDAF8B53DC9FC7EBFB4
:105C700080B6AF3D580E7FBFBA73A93D491F7FBFA5
:105C80008C30A33D9D2F7FBFF9EC9C3D543F7FBFDF
:105C900005A9963D6D4E7FBFB464903DE95C7FBF22
:105CA0000A208A3DC76A7FBF0ADB833D08787FBF31
:105CB000742B7B3DAB847FBF38A06E3DB1907FBF1E
:105CC0006814623D189C7FBF0E88553DE3A67FBFD8
:105CD0002FFB483D0FB17FBFD56D3C3D9EBA7FBFC6
:105CE00007E02F3D8FC37FBFCC51233DE2CB7FBF69
:105CF0002CC3163D98D37FBF2F340A3DAFDA7FBF48
:105D0000B949FB3C29E17FBF7B2AE23C05E77FBF25
:105D1000B00AC93C43EC7FBF69EAAF3CE3F07FBF08
:105D2000B6C9963CE6F47FBF4B517B3C4AF87FBF37
:105D3000900E493C11FB7FBF59CB163C39FD7FBF0C
:105D4000890FC93BC4FE7FBFC70F493BB1FF7FBF6F
:105D5000000000000000803FD40FC93AECFF7F3FF5
:105D6000C70F493BB1FF7F3FC1CB963B4EFF7F3F03
:105D7000890FC93BC4FE7F3F3053FB3B13FE7F3F7F
:105D800059CB163C39FD7F3F02ED2F3C39FC7F3F5C
:105D9000900E493C11FB7F3F0030623CC1F97F3FD0
:105DA0004B517B3C4AF87F3F38398A3CACF67F3F09
:105DB000B6C9963CE6F47F3F1C5AA33CF8F27F3FFD
:105DC00069EAAF3CE3F07F3F9B7ABC3CA7EE7F3FA4
:105DD000B00AC93C43EC7F3FA69AD53CB8E97F3F67
:105DE0007B2AE23C05E77F3F2DBAEE3C2BE47F3F68
:105DF000B949FB3C29E17F3F90EC033D00DE7F3F4A
:105E00002F340A3DAFDA7F3FB87B103D37D77F3F55
:105E10002CC3163D98D37F3F880A1D3DD1CF7F3FCD
:105E2000CC51233DE2CB7F3FF698293DCCC77F3F45
:105E300007E02F3D8FC37F3FFC26363D2ABF7F3FC3
:105E4000D56D3C3D9EBA7F3F91B4423DEAB57F3F60
:105E50002FFB483D0FB17F3FAF414F3D0DAC7F3F22
:105E60000E88553DE3A67F3F4CCE5B3D91A17F3F21
:105E70006814623D189C7F3F625A683D78967F3F68
:105E800038A06E3DB1907F3FE9E5743DC28A7F3F07
:105E9000742B7B3DAB847F3F6CB8803D6D7E7F3F34
:105EA0000ADB833D08787F3F94FD863D7B717F3F11
:105EB0000A208A3DC76A7F3F6A428D3DEC637F3F7F
:105EC000B464903DE95C7F3FE786933DBF557F3FDB
:105ED00005A9963D6D4E7F3F0ACB993DF4467F3F25
:105EE000F9EC9C3D543F7F3FCF0EA03D8D377F3F67
:105EF0008C30A33D9D2F7F3F3052A63D87277F3FAB
:105F0000BA73A93D491F7F3F2B95AC3DE4167F3FF7
:105F100080B6AF3D580E7F3FBBD7B23DA4057F3F53
:105F2000DAF8B53DC9FC7E3FDD19B93DC7F37E3FC8
:105F3000C33ABC3D9DEA7E3F8D5BBF3D4CE17E3F59
:105F4000397CC23DD4D77E3FC69CC53D34CE7E3F12
:105F500036BDC83D6DC47E3F86DDCB3D7FBA7E3FFA
:105F6000B7FDCE3D69B07E3FC81DD23D2DA67E3F18
:105F7000B93DD53DC99B7E3F895DD83D3D917E3F72
:105F8000377DDB3D8B867E3FC49CDE3DB17B7E3F13
:105F90002EBCE13DB0707E3F76DBE43D88657E3F00
:105FA0009AFAE73D385A7E3F9A19EB3DC14E7E3F43
:105FB0007638EE3D23437E3F2E57F13D5E377E3FE0
:105FC000C075F43D722B7E3F2C94F73D5E1F7E3FE3
:105FD00073B2FA3D24137E3F92D0FD3DC2067E3F50
:105FE0004577003E38FA7D3F2E06023E88ED7D3F24
:105FF0000295033EB1E07D3FC223053EB2D37D3F13
:106000006EB2063E8CC67D3F0541083E40B97D3FDD
:1060100086CF093ECCAB7D3FF35D0B3E309E7D3F8E
:106020004AEC0C3E6E907D3F8B7A0E3E85827D3F22
:10603000B708103E74747D3FCC96113E3D667D3F9F
:10604000CA24133EDE577D3FB2B2143E59497D3F0C
:106050008340163EAC3A7D3F3DCE173ED82B7D3F68
:10606000E05B193EDD1C7D3F6BE91A3EBC0D7D3FB8
:10607000DE761C3E73FE7C3F38041E3E03EF7C3F01
:106080007B911F3E6CDF7C3FA51E213EAECF7C3F47
:10609000B6AB223EC9BF7C3FAD38243EBDAF7C3F8E
:1060A0008CC5253E8A9F7C3F5152273E318F7C3FD5
:1060B000FCDE283EB07E7C3F8D6B2A3E086E7C3F26
:1060C00004F82B3E3A5D7C3F61842D3E444C7C3F7E
:1060D000A2102F3E283B7C3FC99C303EE5297C3FE7
:1060E000D428323E7A187C3FC4B4333EE9067C3F64
:1060F0009840353E31F57B3F50CC363E53E37B3FF5
:10610000EC57383E4DD17B3F6CE3393E20BF7B3F9F
:10611000CF6E3B3ECDAC7B3F15FA3C3E539A7B3F66
:106120003E853E3EB2877B3F4910403EEA747B3F4E
:10613000379B413EFC617B3F0726433EE74E7B3F5A
:10614000B9B0443EAB3B7B3F4D3B463E48287B3F8E
:10615000C2C5473EBE147B3F1850493E0E017B3FEF
:106160004FDA4A3E37ED7A3F67644C3E3AD97A3F80
:1061700060EE4D3E16C57A3F38784F3ECBB07A3F41
:10618000F101513E599C7A3F898B523EC1877A3F3B
:106190000115543E02737A3F589E553E1C5E7A3F6D
:1061A0008F27573E10497A3FA4B0583EDD337A3FDF
:1061B00097395A3E841E7A3F6AC25B3E04097A3F91
:1061C0001A4B5D3E5EF3793FA8D35E3E91DD793F89
:1061D000135C603E9DC7793F5CE4613E83B1793FCB
:1061E000836C633E439B793F86F4643EDC84793F55
:1061F000667C663E4E6E793F2204683E9A57793F30
:10620000BA8B693EC040793F2F136B3EBF29793F5F
:106210007F9A6C3E9812793FAB216E3E4AFB783FE5
:10622000B2A86F3ED6E3783F942F713E3BCC783FC7
:1062300051B6723E7BB4783FE83C743E939C783F05
:106240005AC3753E8684783FA649773E526C783FA4
:10625000CCCF783EF853783FCB557A3E773B783FAA
:10626000A4DB7B3ED122783F56617D3E040A783F15
:10627000E1E67E3E10F1773F2236803EF7D7773F4A
:10628000C0F8803EB7BE773F4ABB813E51A5773FFD
:10629000C07D823EC58B773F2240833E1372773F9D
:1062A0007002843E3A58773FAAC4843E3C3E773F12
:1062B000CE86853E1724773FDF48863ECC09773F60
:1062C000DA0A873E5BEF763FC1CC873EC4D4763F87
:1062D000938E883E07BA763F5050893E249F763F82
:1062E000F8118A3E1B84763F8AD38A3EEC68763F5B
:1062F00007958B3E974D763F6E568C3E1B32763F10
:10630000C0178D3E7A16763FFCD88D3EB3FA753FA6
:10631000229A8E3EC6DE753F325B8F3EB3C2753F1A
:106320002C1C903E7BA6753F10DD903E1C8A753F6D
:10633000DD9D913E976D753F945E923EED50753FA9
:10634000351F933E1D34753FBFDF933E2717753FC2
:1063500031A0943E0BFA743F8D60953EC9DC743FCA
:10636000D220963E62BF743F00E1963ED5A1743FB5
:1063700017A1973E2284743F1661983E4966743F88
:10638000FE20993E4B48743FCEE0993E272A743F49
:1063900086A09A3EDD0B743F27609B3E6EED733FF7
:1063A000AF1F9C3ED9CE733F20DF9C3E1FB0733F92
:1063B000789E9D3E3F91733FB85D9E3E3972733F1C
:1063C000DF1C9F3E0E53733FEEDB9F3EBE33733F99
:1063D000E59AA03E4714733FC259A13EACF4723F08
:1063E0008718A23EEBD4723F33D7A23E04B5723F6A
:1063F000C595A33EF894723F3F54A43EC774723FC4
:106400009F12A53E7054723FE5D0A53EF433723F13
:10641000128FA63E5213723F254DA73E8CF2713F5C
:106420001F0BA83E9FD1713FFEC8A83E8EB0713FA2
:10643000C486A93E578F713F6F44AA3EFB6D713FE2
:106440000102AB3E7A4C713F77BFAB3ED42A713F1D
:10645000D47CAC3E0809713F153AAD3E17E7703F5A
:106460003CF7AD3E02C5703F49B4AE3EC6A2703F98
:106470003A71AF3E6680703F102EB03EE15D703FD6
:10648000CBEAB03E373B703F6BA7B13E6718703F19
:10649000EF63B23E73F56F3F5820B33E5AD26F3F61
:1064A000A5DCB33E1BAF6F3FD698B43EB88B6F3FB1
:1064B000EC54B53E30686F3FE610B63E83446F3F04
:1064C000C3CCB63EB0206F3F8488B73EBAFC6E3F67
:1064D0002A44B83E9ED86E3FB2FFB83E5DB46E3FD0
:1064E0001EBBB93EF88F6E3F6E76BA3E6D6B6E3F47
:1064F000A031BB3EBE466E3FB6ECBB3EEB216E3FCD
:10650000AFA7BC3EF2FC6D3F8B62BD3ED5D76D3F61
:106510004A1DBE3E93B26D3FEBD7BE3E2D8D6D3F03
:106520006F92BF3EA1676D3FD54CC03EF2416D3FBB
:106530001E07C13E1D1C6D3F48C1C13E24F66C3F85
:10654000557BC23E07D06C3F4435C33EC5A96C3F66
:1065500015EFC33E5E836C3FC8A8C43ED45C6C3F5D
:106560005C62C53E24366C3FD21BC63E500F6C3F6A
:1065700029D5C63E58E86B3F628EC73E3BC16B3F94
:106580007C47C83EFB996B3F7700C93E95726B3FD5
:1065900053B9C93E0C4B6B3F1072CA3E5E236B3F32
:1065A000AE2ACB3E8CFB6A3F2CE3CB3E95D36A3FB1
:1065B0008B9BCC3E7BAB6A3FCA53CD3E3C836A3F4C
:1065C000EA0BCE3ED95A6A3FEAC3CE3E52326A3F08
:1065D000CA7BCF3EA7096A3F8A33D03ED7E0693FE6
:1065E0002AEBD03EE4B7693FAAA2D13ECC8E693FE8
:1065F000095AD23E9165693F4811D33E323C693F0A
:1066000067C8D33EAE12693F647FD43E07E9683F56
:106610004136D53E3CBF683FFDECD53E4C95683FCA
:1066200099A3D63E396B683F135AD73E0341683F62
:106630006B10D83EA816683FA3C6D83E2AEC673F29
:10664000B97CD93E87C1673FAD32DA3EC196673F1C
:1066500080E8DA3ED86B673F319EDB3ECA40673F39
:10666000C153DC3E9915673F2E09DD3E45EA663F82
:1066700079BEDD3ECCBE663FA273DE3E3093663F00
:10668000A928DF3E7167663F8DDDDF3E8E3B663FAA
:106690004F92E03E880F663FEE46E13E5EE3653F87
:1066A0006AFBE13E10B7653FC4AFE23EA08A653F9A
:1066B000FA63E33E0B5E653F0E18E43E5431653FDE
:1066C000FECBE43E7904653FCB7FE53E7BD7643F5C
:1066D0007533E63E59AA643FFBE6E63E147D643F0F
:1066E0005D9AE73EAC4F643F9C4DE83E2122643FFB
:1066F000B700E93E73F4633FAEB3E93EA1C6633F22
:106700008166EA3EAC98633F3019EB3E956A633F81
:10671000BBCBEB3E5A3C633F217EEC3EFC0D633F1E
:106720006330ED3E7BDF623F80E2ED3ED7B0623FFB
:106730007994EE3E1082623F4C46EF3E2653623F14
:10674000FBF7EF3E1A24623F85A9F03EEAF4613F71
:10675000EA5AF13E98C5613F290CF23E2296613F0C
:1067600043BDF23E8A66613F386EF33ED036613FEC
:10677000071FF43EF206613FB1CFF43EF2D6603F10
:106780003580F53ECFA6603F9330F63E8976603F78
:10679000CBE0F63E2146603FDC90F73E9615603F29
:1067A000C840F83EE9E45F3F8EF0F83E19B45F3F21
:1067B0002DA0F93E27835F3FA54FFA3E12525F3F5F
:1067C000F7FEFA3EDB205F3F22AEFB3E81EF5E3FED
:1067D000275DFC3E05BE5E3F040CFD3E678C5E3FC0
:1067E000BBBAFD3EA65A5E3F4A69FE3EC3285E3FE5
:1067F000B217FF3EBEF65D3FF3C5FF3E97C45D3F57
:10680000063A003F4D925D3FFF90003FE15F5D3FE4
:10681000E4E7003F532D5D3FB53E013FA3FA5C3FE7
:106820007395013FD1C75C3F1CEC013FDD945C3F99
:10683000B142023FC7615C3F3299023F8E2E5C3FFE
:106840009FEF023F34FB5B3FF845033FB8C75B3F18
:106850003D9C033F1A945B3F6DF2033F5A605B3FE0
:106860008948043F792C5B3F919E043F75F85A3F5D
:1068700084F4043F50C45A3F624A053F09905A3F8E
:106880002CA0053FA05B5A3FE2F5053F16275A3F73
:10689000824B063F6AF2593F0EA1063F9CBD593F0D
:1068A00086F6063FAD88593FE84B073F9C53593F5A
:1068B00036A1073F6A1E593F6FF6073F17E9583F59
:1068C000924B083FA1B3583FA1A0083F0B7E583F11
:1068D0009BF5083F5348583F7F4A093F7912583F7C
:1068E0004E9F093F7FDC573F09F4093F63A6573F9E
:1068F000AD480A3F2670573F3D9D0A3FC739573F75
:10690000B7F10A3F4803573F1C460B3FA7CC563F01
:106910006B9A0B3FE595563FA5EE0B3F025F563F46
:10692000C9420C3FFE27563FD7960C3FD9F0553F42
:10693000D0EA0C3F93B9553FB33E0D3F2C82553FF3
:1069400081920D3FA44A553F38E60D3FFB12553F5B
:10695000DA390E3F31DB543F658D0E3F47A3543F7C
:10696000DBE00E3F3B6B543F3B340F3F0F33543F54
:1069700084870F3FC3FA533FB8DA0F3F55C2533FE6
:10698000D52D103FC789533FDC80103F1851533F2E
:10699000CDD3103F4918533FA726113F59DF523F2F
:1069A0006B79113F49A6523F19CC113F186D523FE8
:1069B000B01E123FC633523F3071123F54FA513F5E
:1069C0009AC3123FC2C0513FEE15133F1087513F8B
:1069D0002A68133F3D4D513F50BA133F4A13513F70
:1069E0005F0C143F37D9503F585E143F039F503F10
:1069F00039B0143FAF64503F0402153F3B2A503F6B
:106A0000B753153FA8EF4F3F54A5153FF4B44F3F80
:106A1000D9F6153F1F7A4F3F4748163F2B3F4F3F50
:106A20009F99163F17044F3FDFEA163FE4C84E3FD9
:106A3000073C173F908D4E3F188D173F1C524E3F1D
:106A400012DE173F89164E3FF52E183FD5DA4D3F1F
:106A5000C07F183F029F4D3F73D0183F10634D3FDA
:106A60000F21193FFD264D3F9471193FCBEA4C3F52
:106A700000C2193F79AE4C3F55121A3F08724C3F85
:106A800093621A3F78354C3FB8B21A3FC7F84B3F74
:106A9000C6021B3FF8BB4B3FBB521B3F097F4B3F1E
:106AA00099A21B3FFA414B3F5FF21B3FCC044B3F87
:106AB0000C421C3F7FC74A3FA2911C3F138A4A3FAA
:106AC0001FE11C3F874C4A3F84301D3FDC0E4A3F8C
:106AD000D17F1D3F12D1493F06CF1D3F2993493F2A
:106AE000221E1E3F2155493F266D1E3FFA16493F83
:106AF00012BC1E3FB3D8483FE50A1F3F4E9A483F9D
:106B00009F591F3FCA5B483F41A81F3F271D483F71
:106B1000CBF61F3F65DE473F3B45203F849F473F05
:106B20009393203F8560473FD2E1203F6721473F55
:106B3000F92F213F2AE2463F067E213FCEA2463F63
:106B4000FBCB213F5463463FD719223FBB23463F2F
:106B50009967223F03E4453F43B5223F2DA4453FBB
:106B6000D302233F3964453F4B50233F2624453F02
:106B7000A99D233FF5E3443FEEEA233FA5A3443F0D
:106B80001A38243F3763443F2C85243FAB22443FCF
:106B900025D2243F00E2433F041F253F38A1433F55
:106BA000CB6B253F5160433F77B8253F4C1F433F98
:106BB0000A05263F29DE423F8451263FE89C423F9A
:106BC000E39D263F895B423F2AEA263F0B1A423F5C
:106BD0005636273F70D8413F6882273FB796413FDE
:106BE00061CE273FE154413F401A283FEC12413F1C
:106BF0000566283FDAD0403FB0B1283FA98E403F1C
:106C000041FD283F5C4C403FB848293FF009403FD8
:106C10001594293F67C73F3F57DF293FC0843F3F57
:106C2000802A2A3FFC413F3F8E752A3F1BFF3E3F93
:106C300082C02A3F1BBC3E3F5B0B2B3FFF783E3F91
:106C40001B562B3FC5353E3FBFA02B3F6EF23D3F4D
:106C50004AEB2B3FF9AE3D3FB9352C3F676B3D3FCB
:106C60000F802C3FB8273D3F49CA2C3FECE33C3F07
:106C700069142D3F03A03C3F6F5E2D3FFC5B3C3F02
:106C800059A82D3FD9173C3F29F22D3F98D33B3FC0
:106C9000DE3B2E3F3B8F3B3F78852E3FC14A3B3F3B
:106CA000F7CE2E3F29063B3F5B182F3F75C13A3F79
:106CB000A5612F3FA47C3A3FD3AA2F3FB7373A3F75
:106CC000E6F32F3FACF2393FDE3C303F85AD393F34
:106CD000BB85303F4268393F7CCE303FE122393FAF
:106CE0002217313F65DD383FAD5F313FCB97383FED
:106CF0001DA8313F1652383F71F0313F430C383FE9
:106D0000AA38323F55C6373FC780323F4A80373FA7
:106D1000C9C8323F233A373FAF10333FDFF3363F26
:106D20007A58333F7FAD363F29A0333F0467363F63
:106D3000BCE7333F6C20363F342F343FB8D9353F62
:106D40008F76343FE792353FCFBD343FFB4B353F25
:106D5000F304353FF304353FFB4B353FCFBD343FA4
:106D6000E792353F8F76343FB8D9353F342F343FE3
:106D70006C20363FBCE7333F0467363F29A0333FE2
:106D80007FAD363F7A58333FDFF3363FAF10333FA6
:106D9000233A373FC9C8323F4A80373FC780323F26
:106DA00055C6373FAA38323F430C383F71F0313F68
:106DB0001652383F1DA8313FCB97383FAD5F313F6A
:106DC00065DD383F2217313FE122393F7CCE303F2D
:106DD0004268393FBB85303F85AD393FDE3C303FAF
:106DE000ACF2393FE6F32F3FB7373A3FD3AA2F3FF4
:106DF000A47C3A3FA5612F3F75C13A3F5B182F3FF6
:106E000029063B3FF7CE2E3FC14A3B3F78852E3FB8
:106E10003B8F3B3FDE3B2E3F98D33B3F29F22D3F3C
:106E2000D9173C3F59A82D3FFC5B3C3F6F5E2D3F7F
:106E300003A03C3F69142D3FECE33C3F49CA2C3F83
:106E4000B8273D3F0F802C3F676B3D3FB9352C3F46
:106E5000F9AE3D3F4AEB2B3F6EF23D3FBFA02B3FCB
:106E6000C5353E3F1B562B3FFF783E3F5B0B2B3F0C
:106E70001BBC3E3F82C02A3F1BFF3E3F8E752A3F10
:106E8000FC413F3F802A2A3FC0843F3F57DF293FD4
:106E900067C73F3F1594293FF009403FB848293F55
:106EA0005C4C403F41FD283FA98E403FB0B1283F98
:106EB000DAD0403F0566283FEC12413F401A283F98
:106EC000E154413F61CE273FB796413F6882273F5B
:106ED00070D8413F5636273F0B1A423F2AEA263FD9
:106EE000895B423FE39D263FE89C423F8451263F19
:106EF00029DE423F0A05263F4C1F433F77B8253F16
:106F00005160433FCB6B253F38A1433F041F253FD2
:106F100000E2433F25D2243FAB22443F2C85243F4F
:106F20003763443F1A38243FA5A3443FEEEA233F8A
:106F3000F5E3443FA99D233F2624453F4B50233F83
:106F40003964453FD302233F2DA4453F43B5223F3B
:106F500003E4453F9967223FBB23463FD719223FB1
:106F60005463463FFBCB213FCEA2463F067E213FE6
:106F70002AE2463FF92F213F6721473FD2E1203FD8
:106F80008560473F9393203F849F473F3B45203F89
:106F900065DE473FCBF61F3F271D483F41A81F3FF7
:106FA000CA5B483F9F591F3F4E9A483FE50A1F3F23
:106FB000B3D8483F12BC1E3FFA16493F266D1E3F0C
:106FC0002155493F221E1E3F2993493F06CF1D3FB1
:106FD00012D1493FD17F1D3FDC0E4A3F84301D3F17
:106FE000874C4A3F1FE11C3F138A4A3FA2911C3F36
:106FF0007FC74A3F0C421C3FCC044B3F5FF21B3F14
:10700000FA414B3F99A21B3F097F4B3FBB521B3FAD
:10701000F8BB4B3FC6021B3FC7F84B3FB8B21A3F05
:1070200078354C3F93621A3F08724C3F55121A3F15
:1070300079AE4C3F00C2193FCBEA4C3F9471193FE7
:10704000FD264D3F0F21193F10634D3F73D0183F70
:10705000029F4D3FC07F183FD5DA4D3FF52E183FB8
:1070600089164E3F12DE173F1C524E3F188D173FB8
:10707000908D4E3F073C173FE4C84E3FDFEA163F76
:1070800017044F3F9F99163F2B3F4F3F4748163FEE
:107090001F7A4F3FD9F6153FF4B44F3F54A5153F23
:1070A000A8EF4F3FB753153F3B2A503F0402153F0F
:1070B000AF64503F39B0143F039F503F585E143FB8
:1070C00037D9503F5F0C143F4A13513F50BA133F1A
:1070D0003D4D513F2A68133F1087513FEE15133F36
:1070E000C2C0513F9AC3123F54FA513F3071123F10
:1070F000C633523FB01E123F186D523F19CC113F9C
:1071000049A6523F6B79113F59DF523FA726113FE5
:107110004918533FCDD3103F1851533FDC80103FE7
:10712000C789533FD52D103F55C2533FB8DA0F3FA3
:10713000C3FA533F84870F3F0F33543F3B340F3F15
:107140003B6B543FDBE00E3F47A3543F658D0E3F42
:1071500031DB543FDA390E3FFB12553F38E60D3F25
:10716000A44A553F81920D3F2C82553FB33E0D3FBF
:1071700093B9553FD0EA0C3FD9F0553FD7960C3F15
:10718000FE27563FC9420C3F025F563FA5EE0B3F1C
:10719000E595563F6B9A0B3FA7CC563F1C460B3FDD
:1071A0004803573FB7F10A3FC739573F3D9D0A3F54
:1071B0002670573FAD480A3F63A6573F09F4093F81
:1071C0007FDC573F4E9F093F7912583F7F4A093F66
:1071D0005348583F9BF5083F0B7E583FA1A0083FFE
:1071E000A1B3583F924B083F17E9583F6FF6073F4E
:1071F0006A1E593F36A1073F9C53593FE84B073F52
:10720000AD88593F86F6063F9CBD593F0EA1063F0B
:107210006AF2593F824B063F16275A3FE2F5053F77
:10722000A05B5A3F2CA0053F09905A3F624A053F98
:1072300050C45A3F84F4043F75F85A3F919E043F6E
:10724000792C5B3F8948043F5A605B3F6DF2033FF6
:107250001A945B3F3D9C033FB8C75B3FF845033F33
:1072600034FB5B3F9FEF023F8E2E5C3F3299023F23
:10727000C7615C3FB142023FDD945C3F1CEC013FC3
:10728000D1C75C3F7395013FA3FA5C3FB53E013F18
:10729000532D5D3FE4E7003FE15F5D3FFF90003F1E
:1072A0004D925D3F063A003F97C45D3FF3C5FF3EF8
:1072B000BEF65D3FB217FF3EC3285E3F4A69FE3E01
:1072C000A65A5E3FBBBAFD3E678C5E3F040CFD3E96
:1072D00005BE5E3F275DFC3E81EF5E3F22AEFB3E7A
:1072E000DB205F3FF7FEFA3E12525F3FA54FFA3EAA
:1072F00027835F3F2DA0F93E19B45F3F8EF0F83E23
:10730000E9E45F3FC840F83E9615603FDC90F73EE9
:107310002146603FCBE0F63E8976603F9330F63EF3
:10732000CFA6603F3580F53EF2D6603FB1CFF43E48
:10733000F206613F071FF43ED036613F386EF33EE0
:107340008A66613F43BDF23E2296613F290CF23EC0
:1073500098C5613FEA5AF13EEAF4613F85A9F03EE3
:107360001A24623FFBF7EF3E2653623F4C46EF3E46
:107370001082623F7994EE3ED7B0623F80E2ED3EEC
:107380007BDF623F6330ED3EFC0D633F217EEC3ED0
:107390005A3C633FBBCBEB3E956A633F3019EB3EF3
:1073A000AC98633F8166EA3EA1C6633FAEB3E93E57
:1073B00073F4633FB700E93E2122643F9C4DE83EF1
:1073C000AC4F643F5D9AE73E147D643FFBE6E63ECA
:1073D00059AA643F7533E63E7BD7643FCB7FE53ED9
:1073E0007904653FFECBE43E5431653F0E18E43E20
:1073F0000B5E653FFA63E33EA08A653FC4AFE23EA1
:1074000010B7653F6AFBE13E5EE3653FEE46E13E55
:10741000880F663F4F92E03E8E3B663F8DDDDF3E3C
:107420007167663FA928DF3E3093663FA273DE3E58
:10743000CCBE663F79BEDD3E45EA663F2E09DD3EA5
:107440009915673FC153DC3ECA40673F319EDB3E22
:10745000D86B673F80E8DA3EC196673FAD32DA3ECF
:1074600087C1673FB97CD93E2AEC673FA3C6D83EA7
:10747000A816683F6B10D83E0341683F135AD73EA9
:10748000396B683F99A3D63E4C95683FFDECD53EDD
:107490003CBF683F4136D53E07E9683F647FD43E34
:1074A000AE12693F67C8D33E323C693F4811D33EB4
:1074B0009165693F095AD23ECC8E693FAAA2D13E5E
:1074C000E4B7693F2AEBD03ED7E0693F8A33D03E2C
:1074D000A7096A3FCA7BCF3E52326A3FEAC3CE3E1B
:1074E000D95A6A3FEA0BCE3E3C836A3FCA53CD3E2F
:1074F0007BAB6A3F8B9BCC3E95D36A3F2CE3CB3E64
:107500008CFB6A3FAE2ACB3E5E236B3F1072CA3EB5
:107510000C4B6B3F53B9C93E95726B3F7700C93E28
:10752000FB996B3F7C47C83E3BC16B3F628EC73EB9
:1075300058E86B3F29D5C63E500F6C3FD21BC63E64
:1075400024366C3F5C62C53ED45C6C3FC8A8C43E28
:107550005E836C3F15EFC33EC5A96C3F4435C33E07
:1075600007D06C3F557BC23E24F66C3F48C1C13EFC
:107570001D1C6D3F1E07C13EF2416D3FD54CC03E04
:10758000A1676D3F6F92BF3E2D8D6D3FEBD7BE3E25
:1075900093B26D3F4A1DBE3ED5D76D3F8B62BD3E57
:1075A000F2FC6D3FAFA7BC3EEB216E3FB6ECBB3E9D
:1075B000BE466E3FA031BB3E6D6B6E3F6E76BA3EEF
:1075C000F88F6E3F1EBBB93E5DB46E3FB2FFB83E52
:1075D0009ED86E3F2A44B83EBAFC6E3F8488B73EC0
:1075E000B0206F3FC3CCB63E83446F3FE610B63E3B
:1075F00030686F3FEC54B53EB88B6F3FD698B43EC1
:107600001BAF6F3FA5DCB33E5AD26F3F5820B33E4D
:1076100073F56F3FEF63B23E6718703F6BA7B13EE3
:10762000373B703FCBEAB03EE15D703F102EB03E7D
:107630006680703F3A71AF3EC6A2703F49B4AE3E1D
:1076400002C5703F3CF7AD3E17E7703F153AAD3EBF
:107650000809713FD47CAC3ED42A713F77BFAB3E62
:107660007A4C713F0102AB3EFB6D713F6F44AA3E05
:10767000578F713FC486A93E8EB0713FFEC8A83EA9
:107680009FD1713F1F0BA83E8CF2713F254DA73E45
:107690005213723F128FA63EF433723FE5D0A53EDF
:1076A0007054723F9F12A53EC774723F3F54A43E70
:1076B000F894723FC595A33E04B5723F33D7A23EFE
:1076C000EBD4723F8718A23EACF4723FC259A13E80
:1076D0004714733FE59AA03EBE33733FEEDB9F3EF7
:1076E0000E53733FDF1C9F3E3972733FB85D9E3E61
:1076F0003F91733F789E9D3E1FB0733F20DF9C3EBD
:10770000D9CE733FAF1F9C3E6EED733F27609B3E0B
:10771000DD0B743F86A09A3E272A743FCEE0993E47
:107720004B48743FFE20993E4966743F1661983E6F
:107730002284743F17A1973ED5A1743F00E1963E85
:1077400062BF743FD220963EC9DC743F8D60953E87
:107750000BFA743F31A0943E2717753FBFDF933E6D
:107760001D34753F351F933EED50753F945E923E3C
:10777000976D753FDD9D913E1C8A753F10DD903EF3
:107780007BA6753F2C1C903EB3C2753F325B8F3E8B
:10779000C6DE753F229A8E3EB3FA753FFCD88D3E09
:1077A0007A16763FC0178D3E1B32763F6E568C3E62
:1077B000974D763F07958B3EEC68763F8AD38A3E9D
:1077C0001B84763FF8118A3E249F763F5050893EB5
:1077D00007BA763F938E883EC4D4763FC1CC873EAD
:1077E0005BEF763FDA0A873ECC09773FDF48863E7B
:1077F0001724773FCE86853E3C3E773FAAC4843E21
:107800003A58773F7002843E1372773F2240833E9E
:10781000C58B773FC07D823E51A5773F4ABB813EF5
:10782000B7BE773FC0F8803EF7D7773F2236803E1D
:1078300010F1773FE1E67E3E040A783F56617D3ED7
:10784000D122783FA4DB7B3E773B783FCB557A3E15
:10785000F853783FCCCF783E526C783FA649773EBC
:107860008684783F5AC3753E939C783FE83C743ECB
:107870007BB4783F51B6723E3BCC783F942F713E3B
:10788000D6E3783FB2A86F3E4AFB783FAB216E3E0D
:107890009812793F7F9A6C3EBF29793F2F136B3E38
:1078A000C040793FBA8B693E9A57793F2204683EBF
:1078B0004E6E793F667C663EDC84793F86F4643E9A
:1078C000439B793F836C633E83B1793F5CE4613EC7
:1078D0009DC7793F135C603E91DD793FA8D35E3E42
:1078E0005EF3793F1A4B5D3E04097A3F6AC25B3E04
:1078F000841E7A3F97395A3EDD337A3FA4B0583E12
:1079000010497A3F8F27573E1C5E7A3F589E553E5E
:1079100002737A3F0115543EC1877A3F898B523EEC
:10792000599C7A3FF101513ECBB07A3F38784F3EB7
:1079300016C57A3F60EE4D3E3AD97A3F67644C3EB9
:1079400037ED7A3F4FDA4A3E0E017B3F1850493EF1
:10795000BE147B3FC2C5473E48287B3F4D3B463E59
:10796000AB3B7B3FB9B0443EE74E7B3F0726433EEF
:10797000FC617B3F379B413EEA747B3F4910403EB0
:10798000B2877B3F3E853E3E539A7B3F15FA3C3E95
:10799000CDAC7B3FCF6E3B3E20BF7B3F6CE3393E9F
:1079A0004DD17B3FEC57383E53E37B3F50CC363EC6
:1079B00031F57B3F9840353EE9067C3FC4B4333E09
:1079C0007A187C3FD428323EE5297C3FC99C303E62
:1079D000283B7C3FA2102F3E444C7C3F61842D3ECF
:1079E0003A5D7C3F04F82B3E086E7C3F8D6B2A3E4F
:1079F000B07E7C3FFCDE283E318F7C3F5152273EDB
:107A00008A9F7C3F8CC5253EBDAF7C3FAD38243E70
:107A1000C9BF7C3FB6AB223EAECF7C3FA51E213E08
:107A20006CDF7C3F7B911F3E03EF7C3F38041E3EA2
:107A300073FE7C3FDE761C3EBC0D7D3F6BE91A3E3B
:107A4000DD1C7D3FE05B193ED82B7D3F3DCE173ED0
:107A5000AC3A7D3F8340163E59497D3FB2B2143E59
:107A6000DE577D3FCA24133E3D667D3FCC96113ED6
:107A700074747D3FB708103E85827D3F8B7A0E3E41
:107A80006E907D3F4AEC0C3E309E7D3FF35D0B3E99
:107A9000CCAB7D3F86CF093E40B97D3F0541083ED6
:107AA0008CC67D3F6EB2063EB2D37D3FC223053EFB
:107AB000B1E07D3F0295033E88ED7D3F2E06023EFC
:107AC00038FA7D3F4577003EC2067E3F92D0FD3DAD
:107AD00024137E3F73B2FA3D5E1F7E3F2C94F73D28
:107AE000722B7E3FC075F43D5E377E3F2E57F13DD1
:107AF00023437E3F7638EE3DC14E7E3F9A19EB3DE3
:107B0000385A7E3F9AFAE73D88657E3F76DBE43D52
:107B1000B0707E3F2EBCE13DB17B7E3FC49CDE3D1C
:107B20008B867E3F377DDB3D3D917E3F895DD83D35
:107B3000C99B7E3FB93DD53D2DA67E3FC81DD23D98
:107B400069B07E3FB7FDCE3D7FBA7E3F86DDCB3D3F
:107B50006DC47E3F36BDC83D34CE7E3FC69CC53D1C
:107B6000D4D77E3F397CC23D4CE17E3F8D5BBF3D2B
:107B70009DEA7E3FC33ABC3DC7F37E3FDD19B93D68
:107B8000C9FC7E3FDAF8B53DA4057F3FBBD7B23DC7
:107B9000580E7F3F80B6AF3DE4167F3F2B95AC3D3E
:107BA000491F7F3FBA73A93D87277F3F3052A63DCB
:107BB0009D2F7F3F8C30A33D8D377F3FCF0EA03D63
:107BC000543F7F3FF9EC9C3DF4467F3F0ACB993D03
:107BD0006D4E7F3F05A9963DBF557F3FE786933D9C
:107BE000E95C7F3FB464903DEC637F3F6A428D3D2A
:107BF000C76A7F3F0A208A3D7B717F3F94FD863DA7
:107C000008787F3F0ADB833D6D7E7F3F6CB8803D07
:107C1000AB847F3F742B7B3DC28A7F3FE9E5743D97
:107C2000B1907F3F38A06E3D78967F3F625A683DA5
:107C3000189C7F3F6814623D91A17F3F4CCE5B3D15
:107C4000E3A67F3F0E88553D0DAC7F3FAF414F3DD2
:107C50000FB17F3F2FFB483DEAB57F3F91B4423DD6
:107C60009EBA7F3FD56D3C3D2ABF7F3FFC26363D07
:107C70008FC37F3F07E02F3DCCC77F3FF698293D5C
:107C8000E2CB7F3FCC51233DD1CF7F3F880A1D3DC2
:107C900098D37F3F2CC3163D37D77F3FB87B103D2D
:107CA000AFDA7F3F2F340A3D00DE7F3F90EC033D8B
:107CB00029E17F3FB949FB3C2BE47F3F2DBAEE3CE5
:107CC00005E77F3F7B2AE23CB8E97F3FA69AD53C97
:107CD00043EC7F3FB00AC93CA7EE7F3F9B7ABC3C98
:107CE000E3F07F3F69EAAF3CF8F27F3F1C5AA33CC8
:107CF000E6F47F3FB6C9963CACF67F3F38398A3C04
:107D00004AF87F3F4B517B3CC1F97F3F0030623CDA
:107D100011FB7F3F900E493C39FC7F3F02ED2F3C29
:107D200039FD7F3F59CB163C13FE7F3F3053FB3B61
:107D3000C4FE7F3F890FC93B4EFF7F3FC1CB963BBF
:107D4000B1FF7F3FC70F493BECFF7F3FD40FC93ADC
:107D50000000803F00000000ECFF7F3FD40FC9BA55
:107D6000B1FF7F3FC70F49BB4EFF7F3FC1CB96BBE3
:107D7000C4FE7F3F890FC9BB13FE7F3F3053FBBB5F
:107D800039FD7F3F59CB16BC39FC7F3F02ED2FBC3C
:107D900011FB7F3F900E49BCC1F97F3F003062BCB0
:107DA0004AF87F3F4B517BBCACF67F3F38398ABCE9
:107DB000E6F47F3FB6C996BCF8F27F3F1C5AA3BCDD
:107DC000E3F07F3F69EAAFBCA7EE7F3F9B7ABCBC84
:107DD00043EC7F3FB00AC9BCB8E97F3FA69AD5BC47
:107DE00005E77F3F7B2AE2BC2BE47F3F2DBAEEBC48
:107DF00029E17F3FB949FBBC00DE7F3F90EC03BD2A
:107E0000AFDA7F3F2F340ABD37D77F3FB87B10BD35
:107E100098D37F3F2CC316BDD1CF7F3F880A1DBDAD
:107E2000E2CB7F3FCC5123BDCCC77F3FF69829BD25
:107E30008FC37F3F07E02FBD2ABF7F3FFC2636BDA3
:107E40009EBA7F3FD56D3CBDEAB57F3F91B442BD40
:107E50000FB17F3F2FFB48BD0DAC7F3FAF414FBD02
:107E6000E3A67F3F0E8855BD91A17F3F4CCE5BBD01
:107E7000189C7F3F681462BD78967F3F625A68BD48
:107E8000B1907F3F38A06EBDC28A7F3FE9E574BDE7
:107E9000AB847F3F742B7BBD6D7E7F3F6CB880BD14
:107EA00008787F3F0ADB83BD7B717F3F94FD86BDF1
:107EB000C76A7F3F0A208ABDEC637F3F6A428DBD5F
:107EC000E95C7F3FB46490BDBF557F3FE78693BDBB
:107ED0006D4E7F3F05A996BDF4467F3F0ACB99BD05
:107EE000543F7F3FF9EC9CBD8D377F3FCF0EA0BD47
:107EF0009D2F7F3F8C30A3BD87277F3F3052A6BD8B
:107F0000491F7F3FBA73A9BDE4167F3F2B95ACBDD7
:107F1000580E7F3F80B6AFBDA4057F3FBBD7B2BD33
:107F2000C9FC7E3FDAF8B5BDC7F37E3FDD19B9BDA8
:107F30009DEA7E3FC33ABCBD4CE17E3F8D5BBFBD39
:107F4000D4D77E3F397CC2BD34CE7E3FC69CC5BDF2
:107F50006DC47E3F36BDC8BD7FBA7E3F86DDCBBDDA
:107F600069B07E3FB7FDCEBD2DA67E3FC81DD2BDF8
:107F7000C99B7E3FB93DD5BD3D917E3F895DD8BD52
:107F80008B867E3F377DDBBDB17B7E3FC49CDEBDF3
:107F9000B0707E3F2EBCE1BD88657E3F76DBE4BDE0
:107FA000385A7E3F9AFAE7BDC14E7E3F9A19EBBD23
:107FB00023437E3F7638EEBD5E377E3F2E57F1BDC0
:107FC000722B7E3FC075F4BD5E1F7E3F2C94F7BDC3
:107FD00024137E3F73B2FABDC2067E3F92D0FDBD30
:107FE00038FA7D3F457700BE88ED7D3F2E0602BE04
:107FF000B1E07D3F029503BEB2D37D3FC22305BEF3
:108000008CC67D3F6EB206BE40B97D3F054108BEBD
:10801000CCAB7D3F86CF09BE309E7D3FF35D0BBE6E
:108020006E907D3F4AEC0CBE85827D3F8B7A0EBE02
:1080300074747D3FB70810BE3D667D3FCC9611BE7F
:10804000DE577D3FCA2413BE59497D3FB2B214BEEC
:10805000AC3A7D3F834016BED82B7D3F3DCE17BE48
:10806000DD1C7D3FE05B19BEBC0D7D3F6BE91ABE98
:1080700073FE7C3FDE761CBE03EF7C3F38041EBEE1
:108080006CDF7C3F7B911FBEAECF7C3FA51E21BE27
:10809000C9BF7C3FB6AB22BEBDAF7C3FAD3824BE6E
:1080A0008A9F7C3F8CC525BE318F7C3F515227BEB5
:1080B000B07E7C3FFCDE28BE086E7C3F8D6B2ABE06
:1080C0003A5D7C3F04F82BBE444C7C3F61842DBE5E
:1080D000283B7C3FA2102FBEE5297C3FC99C30BEC7
:1080E0007A187C3FD42832BEE9067C3FC4B433BE44
:1080F00031F57B3F984035BE53E37B3F50CC36BED5
:108100004DD17B3FEC5738BE20BF7B3F6CE339BE7F
:10811000CDAC7B3FCF6E3BBE539A7B3F15FA3CBE46
:10812000B2877B3F3E853EBEEA747B3F491040BE2E
:10813000FC617B3F379B41BEE74E7B3F072643BE3A
:10814000AB3B7B3FB9B044BE48287B3F4D3B46BE6E
:10815000BE147B3FC2C547BE0E017B3F185049BECF
:1081600037ED7A3F4FDA4ABE3AD97A3F67644CBE60
:1081700016C57A3F60EE4DBECBB07A3F38784FBE21
:10818000599C7A3FF10151BEC1877A3F898B52BE1B
:1081900002737A3F011554BE1C5E7A3F589E55BE4D
:1081A00010497A3F8F2757BEDD337A3FA4B058BEBF
:1081B000841E7A3F97395ABE04097A3F6AC25BBE71
:1081C0005EF3793F1A4B5DBE91DD793FA8D35EBE69
:1081D0009DC7793F135C60BE83B1793F5CE461BEAB
:1081E000439B793F836C63BEDC84793F86F464BE35
:1081F0004E6E793F667C66BE9A57793F220468BE10
:10820000C040793FBA8B69BEBF29793F2F136BBE3F
:108210009812793F7F9A6CBE4AFB783FAB216EBEC5
:10822000D6E3783FB2A86FBE3BCC783F942F71BEA7
:108230007BB4783F51B672BE939C783FE83C74BEE5
:108240008684783F5AC375BE526C783FA64977BE84
:10825000F853783FCCCF78BE773B783FCB557ABE8A
:10826000D122783FA4DB7BBE040A783F56617DBEF5
:1082700010F1773FE1E67EBEF7D7773F223680BE2A
:10828000B7BE773FC0F880BE51A5773F4ABB81BEDD
:10829000C58B773FC07D82BE1372773F224083BE7D
:1082A0003A58773F700284BE3C3E773FAAC484BEF2
:1082B0001724773FCE8685BECC09773FDF4886BE40
:1082C0005BEF763FDA0A87BEC4D4763FC1CC87BE67
:1082D00007BA763F938E88BE249F763F505089BE62
:1082E0001B84763FF8118ABEEC68763F8AD38ABE3B
:1082F000974D763F07958BBE1B32763F6E568CBEF0
:108300007A16763FC0178DBEB3FA753FFCD88DBE86
:10831000C6DE753F229A8EBEB3C2753F325B8FBEFA
:108320007BA6753F2C1C90BE1C8A753F10DD90BE4D
:10833000976D753FDD9D91BEED50753F945E92BE89
:108340001D34753F351F93BE2717753FBFDF93BEA2
:108350000BFA743F31A094BEC9DC743F8D6095BEAA
:1083600062BF743FD22096BED5A1743F00E196BE95
:108370002284743F17A197BE4966743F166198BE68
:108380004B48743FFE2099BE272A743FCEE099BE29
:10839000DD0B743F86A09ABE6EED733F27609BBED7
:1083A000D9CE733FAF1F9CBE1FB0733F20DF9CBE72
:1083B0003F91733F789E9DBE3972733FB85D9EBEFC
:1083C0000E53733FDF1C9FBEBE33733FEEDB9FBE79
:1083D0004714733FE59AA0BEACF4723FC259A1BEE8
:1083E000EBD4723F8718A2BE04B5723F33D7A2BE4A
:1083F000F894723FC595A3BEC774723F3F54A4BEA4
:108400007054723F9F12A5BEF433723FE5D0A5BEF3
:108410005213723F128FA6BE8CF2713F254DA7BE3C
:108420009FD1713F1F0BA8BE8EB0713FFEC8A8BE82
:10843000578F713FC486A9BEFB6D713F6F44AABEC2
:108440007A4C713F0102ABBED42A713F77BFABBEFD
:108450000809713FD47CACBE17E7703F153AADBE3A
:1084600002C5703F3CF7ADBEC6A2703F49B4AEBE78
:108470006680703F3A71AFBEE15D703F102EB0BEB6
:10848000373B703FCBEAB0BE6718703F6BA7B1BEF9
:1084900073F56F3FEF63B2BE5AD26F3F5820B3BE41
:1084A0001BAF6F3FA5DCB3BEB88B6F3FD698B4BE91
:1084B00030686F3FEC54B5BE83446F3FE610B6BEE4
:1084C000B0206F3FC3CCB6BEBAFC6E3F8488B7BE47
:1084D0009ED86E3F2A44B8BE5DB46E3FB2FFB8BEB0
:1084E000F88F6E3F1EBBB9BE6D6B6E3F6E76BABE27
:1084F000BE466E3FA031BBBEEB216E3FB6ECBBBEAD
:10850000F2FC6D3FAFA7BCBED5D76D3F8B62BDBE41
:1085100093B26D3F4A1DBEBE2D8D6D3FEBD7BEBEE3
:10852000A1676D3F6F92BFBEF2416D3FD54CC0BE9B
:108530001D1C6D3F1E07C1BE24F66C3F48C1C1BE65
:1085400007D06C3F557BC2BEC5A96C3F4435C3BE46
:108550005E836C3F15EFC3BED45C6C3FC8A8C4BE3D
:1085600024366C3F5C62C5BE500F6C3FD21BC6BE4A
:1085700058E86B3F29D5C6BE3BC16B3F628EC7BE74
:10858000FB996B3F7C47C8BE95726B3F7700C9BEB5
:108590000C4B6B3F53B9C9BE5E236B3F1072CABE12
:1085A0008CFB6A3FAE2ACBBE95D36A3F2CE3CBBE91
:1085B0007BAB6A3F8B9BCCBE3C836A3FCA53CDBE2C
:1085C000D95A6A3FEA0BCEBE52326A3FEAC3CEBEE8
:1085D000A7096A3FCA7BCFBED7E0693F8A33D0BEC6
:1085E000E4B7693F2AEBD0BECC8E693FAAA2D1BEC8
:1085F0009165693F095AD2BE323C693F4811D3BEEA
:10860000AE12693F67C8D3BE07E9683F647FD4BE36
:108610003CBF683F4136D5BE4C95683FFDECD5BEAA
:10862000396B683F99A3D6BE0341683F135AD7BE42
:10863000A816683F6B10D8BE2AEC673FA3C6D8BE09
:1086400087C1673FB97CD9BEC196673FAD32DABEFC
:10865000D86B673F80E8DABECA40673F319EDBBE19
:108660009915673FC153DCBE45EA663F2E09DDBE62
:10867000CCBE663F79BEDDBE3093663FA273DEBEE0
:108680007167663FA928DFBE8E3B663F8DDDDFBE8A
:10869000880F663F4F92E0BE5EE3653FEE46E1BE67
:1086A00010B7653F6AFBE1BEA08A653FC4AFE2BE7A
:1086B0000B5E653FFA63E3BE5431653F0E18E4BEBE
:1086C0007904653FFECBE4BE7BD7643FCB7FE5BE3C
:1086D00059AA643F7533E6BE147D643FFBE6E6BEEF
:1086E000AC4F643F5D9AE7BE2122643F9C4DE8BEDB
:1086F00073F4633FB700E9BEA1C6633FAEB3E9BE02
:10870000AC98633F8166EABE956A633F3019EBBE61
:108710005A3C633FBBCBEBBEFC0D633F217EECBEFE
:108720007BDF623F6330EDBED7B0623F80E2EDBEDB
:108730001082623F7994EEBE2653623F4C46EFBEF4
:108740001A24623FFBF7EFBEEAF4613F85A9F0BE51
:1087500098C5613FEA5AF1BE2296613F290CF2BEEC
:108760008A66613F43BDF2BED036613F386EF3BECC
:10877000F206613F071FF4BEF2D6603FB1CFF4BEF0
:10878000CFA6603F3580F5BE8976603F9330F6BE58
:108790002146603FCBE0F6BE9615603FDC90F7BE09
:1087A000E9E45F3FC840F8BE19B45F3F8EF0F8BE01
:1087B00027835F3F2DA0F9BE12525F3FA54FFABE3F
:1087C000DB205F3FF7FEFABE81EF5E3F22AEFBBECD
:1087D00005BE5E3F275DFCBE678C5E3F040CFDBEA0
:1087E000A65A5E3FBBBAFDBEC3285E3F4A69FEBEC5
:1087F000BEF65D3FB217FFBE97C45D3FF3C5FFBE37
:108800004D925D3F063A00BFE15F5D3FFF9000BFC4
:10881000532D5D3FE4E700BFA3FA5C3FB53E01BFC7
:10882000D1C75C3F739501BFDD945C3F1CEC01BF79
:10883000C7615C3FB14202BF8E2E5C3F329902BFDE
:1088400034FB5B3F9FEF02BFB8C75B3FF84503BFF8
:108850001A945B3F3D9C03BF5A605B3F6DF203BFC0
:10886000792C5B3F894804BF75F85A3F919E04BF3D
:1088700050C45A3F84F404BF09905A3F624A05BF6E
:10888000A05B5A3F2CA005BF16275A3FE2F505BF53
:108890006AF2593F824B06BF9CBD593F0EA106BFED
:1088A000AD88593F86F606BF9C53593FE84B07BF3A
:1088B0006A1E593F36A107BF17E9583F6FF607BF39
:1088C000A1B3583F924B08BF0B7E583FA1A008BFF1
:1088D0005348583F9BF508BF7912583F7F4A09BF5C
:1088E0007FDC573F4E9F09BF63A6573F09F409BF7E
:1088F0002670573FAD480ABFC739573F3D9D0ABF55
:108900004803573FB7F10ABFA7CC563F1C460BBFE1
:10891000E595563F6B9A0BBF025F563FA5EE0BBF26
:10892000FE27563FC9420CBFD9F0553FD7960CBF22
:1089300093B9553FD0EA0CBF2C82553FB33E0DBFD3
:10894000A44A553F81920DBFFB12553F38E60DBF3B
:1089500031DB543FDA390EBF47A3543F658D0EBF5C
:108960003B6B543FDBE00EBF0F33543F3B340FBF34
:10897000C3FA533F84870FBF55C2533FB8DA0FBFC6
:10898000C789533FD52D10BF1851533FDC8010BF0E
:108990004918533FCDD310BF59DF523FA72611BF0F
:1089A00049A6523F6B7911BF186D523F19CC11BFC8
:1089B000C633523FB01E12BF54FA513F307112BF3E
:1089C000C2C0513F9AC312BF1087513FEE1513BF6B
:1089D0003D4D513F2A6813BF4A13513F50BA13BF50
:1089E00037D9503F5F0C14BF039F503F585E14BFF0
:1089F000AF64503F39B014BF3B2A503F040215BF4B
:108A0000A8EF4F3FB75315BFF4B44F3F54A515BF60
:108A10001F7A4F3FD9F615BF2B3F4F3F474816BF30
:108A200017044F3F9F9916BFE4C84E3FDFEA16BFB9
:108A3000908D4E3F073C17BF1C524E3F188D17BFFD
:108A400089164E3F12DE17BFD5DA4D3FF52E18BFFF
:108A5000029F4D3FC07F18BF10634D3F73D018BFBA
:108A6000FD264D3F0F2119BFCBEA4C3F947119BF32
:108A700079AE4C3F00C219BF08724C3F55121ABF65
:108A800078354C3F93621ABFC7F84B3FB8B21ABF54
:108A9000F8BB4B3FC6021BBF097F4B3FBB521BBFFE
:108AA000FA414B3F99A21BBFCC044B3F5FF21BBF67
:108AB0007FC74A3F0C421CBF138A4A3FA2911CBF8A
:108AC000874C4A3F1FE11CBFDC0E4A3F84301DBF6C
:108AD00012D1493FD17F1DBF2993493F06CF1DBF0A
:108AE0002155493F221E1EBFFA16493F266D1EBF63
:108AF000B3D8483F12BC1EBF4E9A483FE50A1FBF7D
:108B0000CA5B483F9F591FBF271D483F41A81FBF51
:108B100065DE473FCBF61FBF849F473F3B4520BFE5
:108B20008560473F939320BF6721473FD2E120BF35
:108B30002AE2463FF92F21BFCEA2463F067E21BF43
:108B40005463463FFBCB21BFBB23463FD71922BF0F
:108B500003E4453F996722BF2DA4453F43B522BF9B
:108B60003964453FD30223BF2624453F4B5023BFE2
:108B7000F5E3443FA99D23BFA5A3443FEEEA23BFED
:108B80003763443F1A3824BFAB22443F2C8524BFAF
:108B900000E2433F25D224BF38A1433F041F25BF35
:108BA0005160433FCB6B25BF4C1F433F77B825BF78
:108BB00029DE423F0A0526BFE89C423F845126BF7A
:108BC000895B423FE39D26BF0B1A423F2AEA26BF3C
:108BD00070D8413F563627BFB796413F688227BFBE
:108BE000E154413F61CE27BFEC12413F401A28BFFC
:108BF000DAD0403F056628BFA98E403FB0B128BFFC
:108C00005C4C403F41FD28BFF009403FB84829BFB8
:108C100067C73F3F159429BFC0843F3F57DF29BF37
:108C2000FC413F3F802A2ABF1BFF3E3F8E752ABF73
:108C30001BBC3E3F82C02ABFFF783E3F5B0B2BBF71
:108C4000C5353E3F1B562BBF6EF23D3FBFA02BBF2D
:108C5000F9AE3D3F4AEB2BBF676B3D3FB9352CBFAB
:108C6000B8273D3F0F802CBFECE33C3F49CA2CBFE7
:108C700003A03C3F69142DBFFC5B3C3F6F5E2DBFE2
:108C8000D9173C3F59A82DBF98D33B3F29F22DBFA0
:108C90003B8F3B3FDE3B2EBFC14A3B3F78852EBF1B
:108CA00029063B3FF7CE2EBF75C13A3F5B182FBF59
:108CB000A47C3A3FA5612FBFB7373A3FD3AA2FBF55
:108CC000ACF2393FE6F32FBF85AD393FDE3C30BF14
:108CD0004268393FBB8530BFE122393F7CCE30BF8F
:108CE00065DD383F221731BFCB97383FAD5F31BFCD
:108CF0001652383F1DA831BF430C383F71F031BFC9
:108D000055C6373FAA3832BF4A80373FC78032BF87
:108D1000233A373FC9C832BFDFF3363FAF1033BF06
:108D20007FAD363F7A5833BF0467363F29A033BF43
:108D30006C20363FBCE733BFB8D9353F342F34BF42
:108D4000E792353F8F7634BFFB4B353FCFBD34BF05
:108D5000F304353FF30435BFCFBD343FFB4B35BF84
:108D60008F76343FE79235BF342F343FB8D935BFC3
:108D7000BCE7333F6C2036BF29A0333F046736BFC2
:108D80007A58333F7FAD36BFAF10333FDFF336BF86
:108D9000C9C8323F233A37BFC780323F4A8037BF06
:108DA000AA38323F55C637BF71F0313F430C38BF48
:108DB0001DA8313F165238BFAD5F313FCB9738BF4A
:108DC0002217313F65DD38BF7CCE303FE12239BF0D
:108DD000BB85303F426839BFDE3C303F85AD39BF8F
:108DE000E6F32F3FACF239BFD3AA2F3FB7373ABFD4
:108DF000A5612F3FA47C3ABF5B182F3F75C13ABFD6
:108E0000F7CE2E3F29063BBF78852E3FC14A3BBF98
:108E1000DE3B2E3F3B8F3BBF29F22D3F98D33BBF1C
:108E200059A82D3FD9173CBF6F5E2D3FFC5B3CBF5F
:108E300069142D3F03A03CBF49CA2C3FECE33CBF63
:108E40000F802C3FB8273DBFB9352C3F676B3DBF26
:108E50004AEB2B3FF9AE3DBFBFA02B3F6EF23DBFAB
:108E60001B562B3FC5353EBF5B0B2B3FFF783EBFEC
:108E700082C02A3F1BBC3EBF8E752A3F1BFF3EBFF0
:108E8000802A2A3FFC413FBF57DF293FC0843FBFB4
:108E90001594293F67C73FBFB848293FF00940BF35
:108EA00041FD283F5C4C40BFB0B1283FA98E40BF78
:108EB0000566283FDAD040BF401A283FEC1241BF78
:108EC00061CE273FE15441BF6882273FB79641BF3B
:108ED0005636273F70D841BF2AEA263F0B1A42BFB9
:108EE000E39D263F895B42BF8451263FE89C42BFF9
:108EF0000A05263F29DE42BF77B8253F4C1F43BFF6
:108F0000CB6B253F516043BF041F253F38A143BFB2
:108F100025D2243F00E243BF2C85243FAB2244BF2F
:108F20001A38243F376344BFEEEA233FA5A344BF6A
:108F3000A99D233FF5E344BF4B50233F262445BF63
:108F4000D302233F396445BF43B5223F2DA445BF1B
:108F50009967223F03E445BFD719223FBB2346BF91
:108F6000FBCB213F546346BF067E213FCEA246BFC6
:108F7000F92F213F2AE246BFD2E1203F672147BFB8
:108F80009393203F856047BF3B45203F849F47BF69
:108F9000CBF61F3F65DE47BF41A81F3F271D48BFD7
:108FA0009F591F3FCA5B48BFE50A1F3F4E9A48BF03
:108FB00012BC1E3FB3D848BF266D1E3FFA1649BFEC
:108FC000221E1E3F215549BF06CF1D3F299349BF91
:108FD000D17F1D3F12D149BF84301D3FDC0E4ABFF7
:108FE0001FE11C3F874C4ABFA2911C3F138A4ABF16
:108FF0000C421C3F7FC74ABF5FF21B3FCC044BBFF4
:1090000099A21B3FFA414BBFBB521B3F097F4BBF8D
:10901000C6021B3FF8BB4BBFB8B21A3FC7F84BBFE5
:1090200093621A3F78354CBF55121A3F08724CBFF5
:1090300000C2193F79AE4CBF9471193FCBEA4CBFC7
:109040000F21193FFD264DBF73D0183F10634DBF50
:10905000C07F183F029F4DBFF52E183FD5DA4DBF98
:1090600012DE173F89164EBF188D173F1C524EBF98
:10907000073C173F908D4EBFDFEA163FE4C84EBF56
:109080009F99163F17044FBF4748163F2B3F4FBFCE
:10909000D9F6153F1F7A4FBF54A5153FF4B44FBF03
:1090A000B753153FA8EF4FBF0402153F3B2A50BFEF
:1090B00039B0143FAF6450BF585E143F039F50BF98
:1090C0005F0C143F37D950BF50BA133F4A1351BFFA
:1090D0002A68133F3D4D51BFEE15133F108751BF16
:1090E0009AC3123FC2C051BF3071123F54FA51BFF0
:1090F000B01E123FC63352BF19CC113F186D52BF7C
:109100006B79113F49A652BFA726113F59DF52BFC5
:10911000CDD3103F491853BFDC80103F185153BFC7
:10912000D52D103FC78953BFB8DA0F3F55C253BF83
:1091300084870F3FC3FA53BF3B340F3F0F3354BFF5
:10914000DBE00E3F3B6B54BF658D0E3F47A354BF22
:10915000DA390E3F31DB54BF38E60D3FFB1255BF05
:1091600081920D3FA44A55BFB33E0D3F2C8255BF9F
:10917000D0EA0C3F93B955BFD7960C3FD9F055BFF5
:10918000C9420C3FFE2756BFA5EE0B3F025F56BFFC
:109190006B9A0B3FE59556BF1C460B3FA7CC56BFBD
:1091A000B7F10A3F480357BF3D9D0A3FC73957BF34
:1091B000AD480A3F267057BF09F4093F63A657BF61
:1091C0004E9F093F7FDC57BF7F4A093F791258BF46
:1091D0009BF5083F534858BFA1A0083F0B7E58BFDE
:1091E000924B083FA1B358BF6FF6073F17E958BF2E
:1091F00036A1073F6A1E59BFE84B073F9C5359BF32
:1092000086F6063FAD8859BF0EA1063F9CBD59BFEB
:10921000824B063F6AF259BFE2F5053F16275ABF57
:109220002CA0053FA05B5ABF624A053F09905ABF78
:1092300084F4043F50C45ABF919E043F75F85ABF4E
:109240008948043F792C5BBF6DF2033F5A605BBFD6
:109250003D9C033F1A945BBFF845033FB8C75BBF13
:109260009FEF023F34FB5BBF3299023F8E2E5CBF03
:10927000B142023FC7615CBF1CEC013FDD945CBFA3
:109280007395013FD1C75CBFB53E013FA3FA5CBFF8
:10929000E4E7003F532D5DBFFF90003FE15F5DBFFE
:1092A000063A003F4D925DBFF3C5FF3E97C45DBFD8
:1092B000B217FF3EBEF65DBF4A69FE3EC3285EBFE1
:1092C000BBBAFD3EA65A5EBF040CFD3E678C5EBF76
:1092D000275DFC3E05BE5EBF22AEFB3E81EF5EBF5A
:1092E000F7FEFA3EDB205FBFA54FFA3E12525FBF8A
:1092F0002DA0F93E27835FBF8EF0F83E19B45FBF03
:10930000C840F83EE9E45FBFDC90F73E961560BFC9
:10931000CBE0F63E214660BF9330F63E897660BFD3
:109320003580F53ECFA660BFB1CFF43EF2D660BF28
:10933000071FF43EF20661BF386EF33ED03661BFC0
:1093400043BDF23E8A6661BF290CF23E229661BFA0
:10935000EA5AF13E98C561BF85A9F03EEAF461BFC3
:10936000FBF7EF3E1A2462BF4C46EF3E265362BF26
:109370007994EE3E108262BF80E2ED3ED7B062BFCC
:109380006330ED3E7BDF62BF217EEC3EFC0D63BFB0
:10939000BBCBEB3E5A3C63BF3019EB3E956A63BFD3
:1093A0008166EA3EAC9863BFAEB3E93EA1C663BF37
:1093B000B700E93E73F463BF9C4DE83E212264BFD1
:1093C0005D9AE73EAC4F64BFFBE6E63E147D64BFAA
:1093D0007533E63E59AA64BFCB7FE53E7BD764BFB9
:1093E000FECBE43E790465BF0E18E43E543165BF00
:1093F000FA63E33E0B5E65BFC4AFE23EA08A65BF81
:109400006AFBE13E10B765BFEE46E13E5EE365BF35
:109410004F92E03E880F66BF8DDDDF3E8E3B66BF1C
:10942000A928DF3E716766BFA273DE3E309366BF38
:1094300079BEDD3ECCBE66BF2E09DD3E45EA66BF85
:10944000C153DC3E991567BF319EDB3ECA4067BF02
:1094500080E8DA3ED86B67BFAD32DA3EC19667BFAF
:10946000B97CD93E87C167BFA3C6D83E2AEC67BF87
:109470006B10D83EA81668BF135AD73E034168BF89
:1094800099A3D63E396B68BFFDECD53E4C9568BFBD
:109490004136D53E3CBF68BF647FD43E07E968BF14
:1094A00067C8D33EAE1269BF4811D33E323C69BF94
:1094B000095AD23E916569BFAAA2D13ECC8E69BF3E
:1094C0002AEBD03EE4B769BF8A33D03ED7E069BF0C
:1094D000CA7BCF3EA7096ABFEAC3CE3E52326ABFFB
:1094E000EA0BCE3ED95A6ABFCA53CD3E3C836ABF0F
:1094F0008B9BCC3E7BAB6ABF2CE3CB3E95D36ABF44
:10950000AE2ACB3E8CFB6ABF1072CA3E5E236BBF95
:1095100053B9C93E0C4B6BBF7700C93E95726BBF08
:109520007C47C83EFB996BBF628EC73E3BC16BBF99
:1095300029D5C63E58E86BBFD21BC63E500F6CBF44
:109540005C62C53E24366CBFC8A8C43ED45C6CBF08
:1095500015EFC33E5E836CBF4435C33EC5A96CBFE7
:10956000557BC23E07D06CBF48C1C13E24F66CBFDC
:109570001E07C13E1D1C6DBFD54CC03EF2416DBFE4
:109580006F92BF3EA1676DBFEBD7BE3E2D8D6DBF05
:109590004A1DBE3E93B26DBF8B62BD3ED5D76DBF37
:1095A000AFA7BC3EF2FC6DBFB6ECBB3EEB216EBF7D
:1095B000A031BB3EBE466EBF6E76BA3E6D6B6EBFCF
:1095C0001EBBB93EF88F6EBFB2FFB83E5DB46EBF32
:1095D0002A44B83E9ED86EBF8488B73EBAFC6EBFA0
:1095E000C3CCB63EB0206FBFE610B63E83446FBF1B
:1095F000EC54B53E30686FBFD698B43EB88B6FBFA1
:10960000A5DCB33E1BAF6FBF5820B33E5AD26FBF2D
:10961000EF63B23E73F56FBF6BA7B13E671870BFC3
:10962000CBEAB03E373B70BF102EB03EE15D70BF5D
:109630003A71AF3E668070BF49B4AE3EC6A270BFFD
:109640003CF7AD3E02C570BF153AAD3E17E770BF9F
:10965000D47CAC3E080971BF77BFAB3ED42A71BF42
:109660000102AB3E7A4C71BF6F44AA3EFB6D71BFE5
:10967000C486A93E578F71BFFEC8A83E8EB071BF89
:109680001F0BA83E9FD171BF254DA73E8CF271BF25
:10969000128FA63E521372BFE5D0A53EF43372BFBF
:1096A0009F12A53E705472BF3F54A43EC77472BF50
:1096B000C595A33EF89472BF33D7A23E04B572BFDE
:1096C0008718A23EEBD472BFC259A13EACF472BF60
:1096D000E59AA03E471473BFEEDB9F3EBE3373BFD7
:1096E000DF1C9F3E0E5373BFB85D9E3E397273BF41
:1096F000789E9D3E3F9173BF20DF9C3E1FB073BF9D
:10970000AF1F9C3ED9CE73BF27609B3E6EED73BFEB
:1097100086A09A3EDD0B74BFCEE0993E272A74BF27
:10972000FE20993E4B4874BF1661983E496674BF4F
:1097300017A1973E228474BF00E1963ED5A174BF65
:10974000D220963E62BF74BF8D60953EC9DC74BF67
:1097500031A0943E0BFA74BFBFDF933E271775BF4D
:10976000351F933E1D3475BF945E923EED5075BF1C
:10977000DD9D913E976D75BF10DD903E1C8A75BFD3
:109780002C1C903E7BA675BF325B8F3EB3C275BF6B
:10979000229A8E3EC6DE75BFFCD88D3EB3FA75BFE9
:1097A000C0178D3E7A1676BF6E568C3E1B3276BF42
:1097B00007958B3E974D76BF8AD38A3EEC6876BF7D
:1097C000F8118A3E1B8476BF5050893E249F76BF95
:1097D000938E883E07BA76BFC1CC873EC4D476BF8D
:1097E000DA0A873E5BEF76BFDF48863ECC0977BF5B
:1097F000CE86853E172477BFAAC4843E3C3E77BF01
:109800007002843E3A5877BF2240833E137277BF7E
:10981000C07D823EC58B77BF4ABB813E51A577BFD5
:10982000C0F8803EB7BE77BF2236803EF7D777BFFD
:10983000E1E67E3E10F177BF56617D3E040A78BFB7
:10984000A4DB7B3ED12278BFCB557A3E773B78BFF5
:10985000CCCF783EF85378BFA649773E526C78BF9C
:109860005AC3753E868478BFE83C743E939C78BFAB
:1098700051B6723E7BB478BF942F713E3BCC78BF1B
:10988000B2A86F3ED6E378BFAB216E3E4AFB78BFED
:109890007F9A6C3E981279BF2F136B3EBF2979BF18
:1098A000BA8B693EC04079BF2204683E9A5779BF9F
:1098B000667C663E4E6E79BF86F4643EDC8479BF7A
:1098C000836C633E439B79BF5CE4613E83B179BFA7
:1098D000135C603E9DC779BFA8D35E3E91DD79BF22
:1098E0001A4B5D3E5EF379BF6AC25B3E04097ABFE4
:1098F00097395A3E841E7ABFA4B0583EDD337ABFF2
:109900008F27573E10497ABF589E553E1C5E7ABF3E
:109910000115543E02737ABF898B523EC1877ABFCC
:10992000F101513E599C7ABF38784F3ECBB07ABF97
:1099300060EE4D3E16C57ABF67644C3E3AD97ABF99
:109940004FDA4A3E37ED7ABF1850493E0E017BBFD1
:10995000C2C5473EBE147BBF4D3B463E48287BBF39
:10996000B9B0443EAB3B7BBF0726433EE74E7BBFCF
:10997000379B413EFC617BBF4910403EEA747BBF90
:109980003E853E3EB2877BBF15FA3C3E539A7BBF75
:10999000CF6E3B3ECDAC7BBF6CE3393E20BF7BBF7F
:1099A000EC57383E4DD17BBF50CC363E53E37BBFA6
:1099B0009840353E31F57BBFC4B4333EE9067CBFE9
:1099C000D428323E7A187CBFC99C303EE5297CBF42
:1099D000A2102F3E283B7CBF61842D3E444C7CBFAF
:1099E00004F82B3E3A5D7CBF8D6B2A3E086E7CBF2F
:1099F000FCDE283EB07E7CBF5152273E318F7CBFBB
:109A00008CC5253E8A9F7CBFAD38243EBDAF7CBF50
:109A1000B6AB223EC9BF7CBFA51E213EAECF7CBFE8
:109A20007B911F3E6CDF7CBF38041E3E03EF7CBF82
:109A3000DE761C3E73FE7CBF6BE91A3EBC0D7DBF1B
:109A4000E05B193EDD1C7DBF3DCE173ED82B7DBFB0
:109A50008340163EAC3A7DBFB2B2143E59497DBF39
:109A6000CA24133EDE577DBFCC96113E3D667DBFB6
:109A7000B708103E74747DBF8B7A0E3E85827DBF21
:109A80004AEC0C3E6E907DBFF35D0B3E309E7DBF79
:109A900086CF093ECCAB7DBF0541083E40B97DBFB6
:109AA0006EB2063E8CC67DBFC223053EB2D37DBFDB
:109AB0000295033EB1E07DBF2E06023E88ED7DBFDC
:109AC0004577003E38FA7DBF92D0FD3DC2067EBF8D
:109AD00073B2FA3D24137EBF2C94F73D5E1F7EBF08
:109AE000C075F43D722B7EBF2E57F13D5E377EBFB1
:109AF0007638EE3D23437EBF9A19EB3DC14E7EBFC3
:109B00009AFAE73D385A7EBF76DBE43D88657EBF32
:109B10002EBCE13DB0707EBFC49CDE3DB17B7EBFFC
:109B2000377DDB3D8B867EBF895DD83D3D917EBF15
:109B3000B93DD53DC99B7EBFC81DD23D2DA67EBF78
:109B4000B7FDCE3D69B07EBF86DDCB3D7FBA7EBF1F
:109B500036BDC83D6DC47EBFC69CC53D34CE7EBFFC
:109B6000397CC23DD4D77EBF8D5BBF3D4CE17EBF0B
:109B7000C33ABC3D9DEA7EBFDD19B93DC7F37EBF48
:109B8000DAF8B53DC9FC7EBFBBD7B23DA4057FBFA7
:109B900080B6AF3D580E7FBF2B95AC3DE4167FBF1E
:109BA000BA73A93D491F7FBF3052A63D87277FBFAB
:109BB0008C30A33D9D2F7FBFCF0EA03D8D377FBF43
:109BC000F9EC9C3D543F7FBF0ACB993DF4467FBFE3
:109BD00005A9963D6D4E7FBFE786933DBF557FBF7C
:109BE000B464903DE95C7FBF6A428D3DEC637FBF0A
:109BF0000A208A3DC76A7FBF94FD863D7B717FBF87
:109C00000ADB833D08787FBF6CB8803D6D7E7FBFE7
:109C1000742B7B3DAB847FBFE9E5743DC28A7FBF77
:109C200038A06E3DB1907FBF625A683D78967FBF85
:109C30006814623D189C7FBF4CCE5B3D91A17FBFF5
:109C40000E88553DE3A67FBFAF414F3D0DAC7FBFB2
:109C50002FFB483D0FB17FBF91B4423DEAB57FBFB6
:109C6000D56D3C3D9EBA7FBFFC26363D2ABF7FBFE7
:109C700007E02F3D8FC37FBFF698293DCCC77FBF3C
:109C8000CC51233DE2CB7FBF880A1D3DD1CF7FBFA2
:109C90002CC3163D98D37FBFB87B103D37D77FBF0D
:109CA0002F340A3DAFDA7FBF90EC033D00DE7FBF6B
:109CB000B949FB3C29E17FBF2DBAEE3C2BE47FBFC5
:109CC0007B2AE23C05E77FBFA69AD53CB8E97FBF77
:109CD000B00AC93C43EC7FBF9B7ABC3CA7EE7FBF78
:109CE00069EAAF3CE3F07FBF1C5AA33CF8F27FBFA8
:109CF000B6C9963CE6F47FBF38398A3CACF67FBFE4
:109D00004B517B3C4AF87FBF0030623CC1F97FBFBA
:109D1000900E493C11FB7FBF02ED2F3C39FC7FBF09
:109D200059CB163C39FD7FBF3053FB3B13FE7FBF41
:109D3000890FC93BC4FE7FBFC1CB963B4EFF7FBF9F
:109D4000C70F493BB1FF7FBFD40FC93AECFF7FBFBC
:109D500010000000F868000878E80008140000000F
:109D60002000000078690008A0E80008300000002A
:109D700040000000786A000800E900083800000090
:109D800080000000786C000870E90008D000000036
:109D9000000100007870000810EB0008B801000016
:109DA000000200007878000880EE0008C001000082
:109DB000000400007888000800F20008080700008E
:109DC0000008000078A8000810000108E00E00005C
:109DD000010002000400060008000A000C00100048
:109DE0002000400080000001010101030701000084
:109DF0000804020408010101000000000000000046
:109E00000102030406070809000000000102030420
:109E1000309E0108000000204C01000014020008E0
:109E20004C9E01084C0100201C50010070020008EB
:109E3000011603FFFFFF9132109201320232045AE1
:0C9E4000081A32204A40221324F40000CB
:04000005080001D915
:00000001FF
